#
# There is insufficient memory for the Java Runtime Environment to continue.
# Native memory allocation (mmap) failed to map 65536 bytes. Error detail: Failed to commit metaspace.
# Possible reasons:
#   The system is out of physical RAM or swap space
#   This process is running with CompressedOops enabled, and the Java Heap may be blocking the growth of the native heap
# Possible solutions:
#   Reduce memory load on the system
#   Increase physical memory or swap space
#   Check if swap backing store is full
#   Decrease Java heap size (-Xmx/-Xms)
#   Decrease number of Java threads
#   Decrease Java thread stack sizes (-Xss)
#   Set larger code cache with -XX:ReservedCodeCacheSize=
#   JVM is running with Unscaled Compressed Oops mode in which the Java heap is
#     placed in the first 4GB address space. The Java Heap base address is the
#     maximum limit for the native heap growth. Please use -XX:HeapBaseMinAddress
#     to set the Java Heap base and to place the Java Heap above 4GB virtual address.
# This output file may be truncated or incomplete.
#
#  Out of Memory Error (virtualSpaceNode.cpp:113), pid=32344, tid=23884
#
# JRE version: OpenJDK Runtime Environment Temurin-21.0.12.1+1 (21.0.12.1+1) (build 21.0.12.1+1-LTS)
# Java VM: OpenJDK 64-Bit Server VM Temurin-21.0.12.1+1 (21.0.12.1+1-LTS, mixed mode, sharing, tiered, compressed oops, compressed class ptrs, parallel gc, windows-amd64)
# No core dump will be written. Minidumps are not enabled by default on client versions of Windows
#

---------------  S U M M A R Y ------------

Command Line: --add-modules=ALL-SYSTEM --add-opens=java.base/java.util=ALL-UNNAMED --add-opens=java.base/java.lang=ALL-UNNAMED --add-opens=java.base/sun.nio.fs=ALL-UNNAMED -Declipse.application=org.eclipse.jdt.ls.core.id1 -Dosgi.bundles.defaultStartLevel=4 -Declipse.product=org.eclipse.jdt.ls.core.product -Djava.import.generatesMetadataFilesAtProjectRoot=false -Dm2e.project.cache.size=50 -DDetectVMInstallationsJob.disabled=true -Dfile.encoding=utf8 -XX:+UseParallelGC -XX:GCTimeRatio=4 -XX:AdaptiveSizePolicyWeight=90 -Dsun.zip.disableMemoryMapping=true -Xmx2G -Xms100m -Xlog:disable -javaagent:c:\Users\chae0\.vscode\extensions\redhat.java-1.56.0-win32-x64\lombok\lombok-1.18.39-4050.jar -XX:+HeapDumpOnOutOfMemoryError -XX:HeapDumpPath=c:\Users\chae0\AppData\Roaming\Code\User\workspaceStorage\ee96c83a427e1ea0f4b4714848568712\redhat.java -Daether.dependencyCollector.impl=bf c:\Users\chae0\.vscode\extensions\redhat.java-1.56.0-win32-x64\server\plugins\org.eclipse.equinox.launcher_1.8.0.v20260804-1928.jar -configuration c:\Users\chae0\AppData\Roaming\Code\User\globalStorage\redhat.java\1.56.0\config_win -data c:\Users\chae0\AppData\Roaming\Code\User\workspaceStorage\ee96c83a427e1ea0f4b4714848568712\redhat.java\jdt_ws --pipe=\\.\pipe\lsp-900e5d17075f2e1ec57b7b095d0cc854-sock

Host: 12th Gen Intel(R) Core(TM) i5-1240P, 16 cores, 15G,  Windows 11 , 64 bit Build 26100 (10.0.26100.9168)
Time: Tue Sep  8 14:12:54 2026 elapsed time: 122.905193 seconds (0d 0h 2m 2s)

---------------  T H R E A D  ---------------

Current thread (0x000001667d7bf420):  JavaThread "Java indexing" daemon [_thread_in_vm, id=23884, stack(0x0000005bd7300000,0x0000005bd7400000) (1024K)]

Stack: [0x0000005bd7300000,0x0000005bd7400000]
Native frames: (J=compiled Java code, j=interpreted, Vv=VM code, C=native code)
V  [jvm.dll+0x6d83e9]
V  [jvm.dll+0x8b5736]
V  [jvm.dll+0x8b7cee]
V  [jvm.dll+0x8b83d3]
V  [jvm.dll+0x284596]
V  [jvm.dll+0x8b147e]
V  [jvm.dll+0x679ad4]
V  [jvm.dll+0x1e849b]
V  [jvm.dll+0x1e825e]
V  [jvm.dll+0x67c3d2]
V  [jvm.dll+0x67c202]
V  [jvm.dll+0x67a4ae]
V  [jvm.dll+0x3c7a23]
V  [jvm.dll+0x2118db]
V  [jvm.dll+0x5b6aa9]
V  [jvm.dll+0x82f606]
V  [jvm.dll+0x4792f8]
V  [jvm.dll+0x47f128]
C  [java.dll+0x17ec]

Java frames: (J=compiled Java code, j=interpreted, Vv=VM code)
J 1190  java.lang.ClassLoader.defineClass1(Ljava/lang/ClassLoader;Ljava/lang/String;[BIILjava/security/ProtectionDomain;Ljava/lang/String;)Ljava/lang/Class; java.base@21.0.12.1 (0 bytes) @ 0x0000016628b16411 [0x0000016628b16340+0x00000000000000d1]
J 8183 c2 java.lang.ClassLoader.defineClass(Ljava/lang/String;[BIILjava/security/ProtectionDomain;)Ljava/lang/Class; java.base@21.0.12.1 (43 bytes) @ 0x0000016628f49e7c [0x0000016628f49880+0x00000000000005fc]
J 6761 c1 java.lang.ClassLoader.defineClass(Ljava/lang/String;[BII)Ljava/lang/Class; java.base@21.0.12.1 (11 bytes) @ 0x0000016621bbd9cc [0x0000016621bbd940+0x000000000000008c]
j  lombok.launch.ShadowClassLoader.urlToDefineClass(Ljava/lang/String;Ljava/net/URL;Z)Ljava/lang/Class;+155
j  lombok.launch.ShadowClassLoader.loadClass(Ljava/lang/String;Z)Ljava/lang/Class;+238
J 4631 c2 java.lang.ClassLoader.loadClass(Ljava/lang/String;)Ljava/lang/Class; java.base@21.0.12.1 (7 bytes) @ 0x0000016628cc11ec [0x0000016628cc11a0+0x000000000000004c]
v  ~StubRoutines::call_stub 0x000001662835100d
J 3250  java.lang.Class.forName0(Ljava/lang/String;ZLjava/lang/ClassLoader;Ljava/lang/Class;)Ljava/lang/Class; java.base@21.0.12.1 (0 bytes) @ 0x0000016628bfa75f [0x0000016628bfa6c0+0x000000000000009f]
j  java.lang.Class.forName(Ljava/lang/String;Ljava/lang/Class;)Ljava/lang/Class;+19 java.base@21.0.12.1
j  java.lang.Class.forName(Ljava/lang/String;)Ljava/lang/Class;+6 java.base@21.0.12.1
j  lombok.core.configuration.ConfigurationKeysLoader$LoaderLoader.loadAllConfigurationKeys()V+15
j  lombok.eclipse.HandlerLibrary.<init>()V+37
j  lombok.eclipse.HandlerLibrary.load()Llombok/eclipse/HandlerLibrary;+4
j  lombok.eclipse.TransformEclipseAST.<clinit>()V+90
v  ~StubRoutines::call_stub 0x000001662835100d
J 3250  java.lang.Class.forName0(Ljava/lang/String;ZLjava/lang/ClassLoader;Ljava/lang/Class;)Ljava/lang/Class; java.base@21.0.12.1 (0 bytes) @ 0x0000016628bfa75f [0x0000016628bfa6c0+0x000000000000009f]
J 4802 c1 java.lang.Class.forName(Ljava/lang/String;ZLjava/lang/ClassLoader;Ljava/lang/Class;)Ljava/lang/Class; java.base@21.0.12.1 (41 bytes) @ 0x000001662191473c [0x0000016621914640+0x00000000000000fc]
J 4801 c1 java.lang.Class.forName(Ljava/lang/String;ZLjava/lang/ClassLoader;)Ljava/lang/Class; java.base@21.0.12.1 (24 bytes) @ 0x000001662191426c [0x0000016621914160+0x000000000000010c]
j  lombok.launch.PatchFixesHider$Util.shadowLoadClass(Ljava/lang/String;)Ljava/lang/Class;+5
j  lombok.launch.PatchFixesHider$Transform.init(Ljava/lang/ClassLoader;)V+24
j  lombok.launch.PatchFixesHider$Transform.transform_swapped(Ljava/lang/Object;Ljava/lang/Object;)V+7
j  org.eclipse.jdt.internal.compiler.parser.Parser.endParse(I)Lorg/eclipse/jdt/internal/compiler/ast/CompilationUnitDeclaration;+289
j  org.eclipse.jdt.internal.core.util.CommentRecorderParser.endParse(I)Lorg/eclipse/jdt/internal/compiler/ast/CompilationUnitDeclaration;+2
j  org.eclipse.jdt.internal.compiler.SourceElementParser.endParse(I)Lorg/eclipse/jdt/internal/compiler/ast/CompilationUnitDeclaration;+35
j  org.eclipse.jdt.internal.compiler.parser.Parser.parse()V+674
j  org.eclipse.jdt.internal.compiler.parser.Parser.parse(Lorg/eclipse/jdt/internal/compiler/env/ICompilationUnit;Lorg/eclipse/jdt/internal/compiler/CompilationResult;II)Lorg/eclipse/jdt/internal/compiler/ast/CompilationUnitDeclaration;+314
j  org.eclipse.jdt.internal.compiler.parser.Parser.parse(Lorg/eclipse/jdt/internal/compiler/env/ICompilationUnit;Lorg/eclipse/jdt/internal/compiler/CompilationResult;)Lorg/eclipse/jdt/internal/compiler/ast/CompilationUnitDeclaration;+5
j  org.eclipse.jdt.internal.compiler.SourceElementParser.parseCompilationUnit(Lorg/eclipse/jdt/internal/compiler/env/ICompilationUnit;ZLorg/eclipse/core/runtime/IProgressMonitor;)Lorg/eclipse/jdt/internal/compiler/ast/CompilationUnitDeclaration;+53
j  org.eclipse.jdt.internal.core.search.indexing.SourceIndexer.indexDocument()V+157
j  org.eclipse.jdt.internal.core.search.JavaSearchParticipant.indexDocument(Lorg/eclipse/jdt/core/search/SearchDocument;Lorg/eclipse/core/runtime/IPath;)V+28
j  org.eclipse.jdt.internal.core.search.indexing.IndexManager.indexDocument(Lorg/eclipse/jdt/core/search/SearchDocument;Lorg/eclipse/jdt/core/search/SearchParticipant;Lorg/eclipse/jdt/internal/core/index/Index;Lorg/eclipse/core/runtime/IPath;)V+9
j  org.eclipse.jdt.internal.core.search.indexing.IndexManager$2.execute(Lorg/eclipse/core/runtime/IProgressMonitor;)Z+85
j  org.eclipse.jdt.internal.core.search.processing.JobManager.indexerLoop()V+269
j  org.eclipse.jdt.internal.core.search.processing.JobManager$$Lambda+0x0000016636339cc0.run()V+4
j  java.lang.Thread.runWith(Ljava/lang/Object;Ljava/lang/Runnable;)V+5 java.base@21.0.12.1
j  java.lang.Thread.run()V+19 java.base@21.0.12.1
v  ~StubRoutines::call_stub 0x000001662835100d

Compiled method (n/a) 124578 1190     n 0       java.lang.ClassLoader::defineClass1 (native)
 total in heap  [0x0000016628b16190,0x0000016628b16618] = 1160
 relocation     [0x0000016628b162f0,0x0000016628b16328] = 56
 main code      [0x0000016628b16340,0x0000016628b16616] = 726
 stub code      [0x0000016628b16616,0x0000016628b16618] = 2

[Constant Pool (empty)]

[MachCode]
[Entry Point]
  # {method} {0x0000016635434c38} 'defineClass1' '(Ljava/lang/ClassLoader;Ljava/lang/String;[BIILjava/security/ProtectionDomain;Ljava/lang/String;)Ljava/lang/Class;' in 'java/lang/ClassLoader'
  # parm0:    rdx:rdx   = 'java/lang/ClassLoader'
  # parm1:    r8:r8     = 'java/lang/String'
  # parm2:    r9:r9     = '[B'
  # parm3:    rdi       = int
  # parm4:    rsi       = int
  # parm5:    rcx:rcx   = 'java/security/ProtectionDomain'
  # parm6:    [sp+0xa0]   = 'java/lang/String'  (sp of caller)
  0x0000016628b16340: 448b 5208 | 49bb 0000 | 0035 6601 | 0000 4d03 | d349 3bc2 | 0f84 0600 

  0x0000016628b16358: ;   {runtime_call ic_miss_stub}
  0x0000016628b16358: 0000 e921 | 8188 ff90 
[Verified Entry Point]
  0x0000016628b16360: 8984 2400 | 80ff ff55 | 488b ec48 | 81ec 9000 | 0000 6690 | 4181 7f20 | 0500 0000 

  0x0000016628b1637c: ;   {runtime_call StubRoutines (final stubs)}
  0x0000016628b1637c: 7405 e85d | 2687 ff48 | 837d 1000 | 488d 4510 | 480f 4445 | 1048 8944 | 2440 4889 | 4c24 7048 
  0x0000016628b1639c: 83f9 0048 | 8d44 2470 | 480f 4444 | 2470 4889 | 4424 3848 | 8974 2430 | 4889 7c24 | 284c 894c 
  0x0000016628b163bc: 2458 4983 | f900 488d | 4424 5848 | 0f44 4424 | 5848 8944 | 2420 4c89 | 4424 5049 | 83f8 004c 
  0x0000016628b163dc: 8d4c 2450 | 4c0f 444c | 2450 4889 | 5424 4848 | 83fa 004c | 8d44 2448 | 4c0f 4444 

  0x0000016628b163f8: ;   {oop(a 'java/lang/Class'{0x0000000080000c30} = 'java/lang/ClassLoader')}
  0x0000016628b163f8: 2448 49be | 300c 0080 | 0000 0000 | 4c89 7424 | 784c 8d74 | 2478 498b | d6c5 f877 

  0x0000016628b16414: ;   {internal_word}
  0x0000016628b16414: 49ba 1164 | b128 6601 | 0000 4d89 | 97a8 0300 | 0049 89a7 | a003 0000 

  0x0000016628b1642c: ;   {external_word}
  0x0000016628b1642c: 49ba 066d | 787f fd7f | 0000 4180 | 3a00 0f84 | 4e00 0000 | 5241 5041 

  0x0000016628b16444: ;   {metadata({method} {0x0000016635434c38} 'defineClass1' '(Ljava/lang/ClassLoader;Ljava/lang/String;[BIILjava/security/ProtectionDomain;Ljava/lang/String;)Ljava/lang/Class;' in 'java/lang/ClassLoader')}
  0x0000016628b16444: 5148 ba30 | 4c43 3566 | 0100 0049 | 8bcf 4883 | ec20 40f6 | c40f 0f84 | 1900 0000 | 4883 ec08 
  0x0000016628b16464: ;   {runtime_call}
  0x0000016628b16464: 48b8 e0ea | 217f fd7f | 0000 ffd0 | 4883 c408 | e90c 0000 

  0x0000016628b16478: ;   {runtime_call}
  0x0000016628b16478: 0048 b8e0 | ea21 7ffd | 7f00 00ff | d048 83c4 | 2041 5941 | 585a 498d | 8fc0 0300 | 0041 c787 
  0x0000016628b16498: 4c04 0000 | 0400 0000 

  0x0000016628b164a0: ;   {runtime_call}
  0x0000016628b164a0: 48b8 ac16 | 1932 fe7f | 0000 ffd0 | c5f8 7741 | c787 4c04 | 0000 0500 | 0000 f083 | 4424 c000 
  0x0000016628b164c0: 493b af50 | 0400 000f | 870e 0000 | 0041 83bf | 4804 0000 | 000f 842b | 0000 00c5 | f877 4889 
  0x0000016628b164e0: 45f8 498b | cf4c 8be4 | 4883 ec20 | 4883 e4f0 

  0x0000016628b164f0: ;   {runtime_call}
  0x0000016628b164f0: 48b8 0058 | ed7e fd7f | 0000 ffd0 | 498b e44d | 33e4 488b | 45f8 41c7 | 874c 0400 | 0008 0000 
  0x0000016628b16510: 0041 83bf | c804 0000 | 020f 84ca 

  0x0000016628b1651c: ;   {external_word}
  0x0000016628b1651c: 0000 0049 | ba06 6d78 | 7ffd 7f00 | 0041 803a | 000f 844c | 0000 0048 

  0x0000016628b16534: ;   {metadata({method} {0x0000016635434c38} 'defineClass1' '(Ljava/lang/ClassLoader;Ljava/lang/String;[BIILjava/security/ProtectionDomain;Ljava/lang/String;)Ljava/lang/Class;' in 'java/lang/ClassLoader')}
  0x0000016628b16534: 8945 f848 | ba30 4c43 | 3566 0100 | 0049 8bcf | 4883 ec20 | 40f6 c40f | 0f84 1900 | 0000 4883 
  0x0000016628b16554: ;   {runtime_call}
  0x0000016628b16554: ec08 48b8 | e0ea 217f | fd7f 0000 | ffd0 4883 | c408 e90c 

  0x0000016628b16568: ;   {runtime_call}
  0x0000016628b16568: 0000 0048 | b8e0 ea21 | 7ffd 7f00 | 00ff d048 | 83c4 2048 | 8b45 f849 | c787 a003 | 0000 0000 
  0x0000016628b16588: 0000 49c7 | 87a8 0300 | 0000 0000 | 00c5 f877 | 4885 c00f | 8425 0000 | 00a8 030f | 8508 0000 
  0x0000016628b165a8: 0048 8b00 | e915 0000 | 00a8 010f | 8509 0000 | 0048 8b40 | fee9 0400 | 0000 488b | 40ff 498b 
  0x0000016628b165c8: 8f30 0400 | 00c7 8100 | 0100 0000 | 0000 00c9 | 4983 7f08 | 000f 8501 | 0000 00c3 

  0x0000016628b165e4: ;   {runtime_call StubRoutines (initial stubs)}
  0x0000016628b165e4: e917 a983 | ffc5 f877 | 4889 45f8 | 4c8b e448 | 83ec 2048 

  0x0000016628b165f8: ;   {runtime_call}
  0x0000016628b165f8: 83e4 f048 | b830 2222 | 7ffd 7f00 | 00ff d049 | 8be4 4d33 | e448 8b45 | f8e9 09ff | ffff f4f4 
[/MachCode]


Compiled method (c2) 125726 8183       4       java.lang.ClassLoader::defineClass (43 bytes)
 total in heap  [0x0000016628f49510,0x0000016628f4d078] = 15208
 relocation     [0x0000016628f49670,0x0000016628f49878] = 520
 main code      [0x0000016628f49880,0x0000016628f4b9d0] = 8528
 stub code      [0x0000016628f4b9d0,0x0000016628f4ba90] = 192
 oops           [0x0000016628f4ba90,0x0000016628f4baa8] = 24
 metadata       [0x0000016628f4baa8,0x0000016628f4bcb0] = 520
 scopes data    [0x0000016628f4bcb0,0x0000016628f4c908] = 3160
 scopes pcs     [0x0000016628f4c908,0x0000016628f4cd78] = 1136
 dependencies   [0x0000016628f4cd78,0x0000016628f4ce00] = 136
 handler table  [0x0000016628f4ce00,0x0000016628f4cfc8] = 456
 nul chk table  [0x0000016628f4cfc8,0x0000016628f4d078] = 176

[Constant Pool (empty)]

[MachCode]
[Entry Point]
  # {method} {0x0000016635434fb8} 'defineClass' '(Ljava/lang/String;[BIILjava/security/ProtectionDomain;)Ljava/lang/Class;' in 'java/lang/ClassLoader'
  # this:     rdx:rdx   = 'java/lang/ClassLoader'
  # parm0:    r8:r8     = 'java/lang/String'
  # parm1:    r9:r9     = '[B'
  # parm2:    rdi       = int
  # parm3:    rsi       = int
  # parm4:    rcx:rcx   = 'java/security/ProtectionDomain'
  #           [sp+0xc0]  (sp of caller)
  0x0000016628f49880: 448b 5208 | 49bb 0000 | 0035 6601 | 0000 4d03 | d349 3bc2 

  0x0000016628f49894: ;   {runtime_call ic_miss_stub}
  0x0000016628f49894: 0f85 e64b | 45ff 6690 | 0f1f 4000 
[Verified Entry Point]
  0x0000016628f498a0: 8984 2400 | 80ff ff55 | 4881 ecb0 | 0000 0090 | 4181 7f20 | 0500 0000 | 0f85 0221 | 0000 4889 
  0x0000016628f498c0: 4c24 2089 | 7424 4089 | 7c24 2c4c | 894c 2438 | 4889 5424 | 304c 8984 | 2480 0000 | 004d 85c0 
  0x0000016628f498e0: 0f84 cf0c | 0000 418b | 6814 448b | 450c 4585 | c00f 86de | 1300 004c | 8b94 2480 | 0000 0045 
  0x0000016628f49900: 0fbe 5210 | 4585 d20f | 85bb 0c00 | 00c4 422a | f7d8 453b | d845 0f4f | d845 85db | 0f8e 010d 
  0x0000016628f49920: 0000 453b | c30f 8239 | 1400 004c | 8bd5 488d | 7d10 418b | d3b8 2f00 | 0000 488b | df83 fa10 
  0x0000016628f49940: 0f8c 7900 | 0000 83fa | 200f 8c36 | 0000 00c5 | f96e d0c4 | e27d 78d2 | c5fd efc0 | 8bca 83e1 
  0x0000016628f49960: e083 e21f | c5fe 6f0b | c5f5 74ca | c4e2 7d17 | c10f 8369 | 0000 0048 | 83c3 2083 | e920 75e4 
  0x0000016628f49980: e90d 0000 | 00c5 f96e | d0c5 f9ef | c0c4 e269 

  0x0000016628f49990: ;   {no_reloc}
  0x0000016628f49990: 00d0 83fa | 100f 8c24 | 0000 008b | ca83 e1f0 | 83e2 0fc5 | fa6f 0bc5 | f174 cac4 | e279 17c1 
  0x0000016628f499b0: 0f83 2a00 | 0000 4883 | c310 83e9 | 1075 e485 | d20f 8412 | 0000 000f | b60b 3bc1 | 741c 4883 
  0x0000016628f499d0: c301 83ea | 0174 02eb | eebb ffff | ffff eb0d | c5fd d7c9 | 0fbc c148 | 03d8 482b | df83 fbff 
  0x0000016628f499f0: 0f85 2615 | 0000 4c8b | 9424 8000 | 0000 458b | 5a14 4180 | 7a10 000f | 8520 0c00 | 0041 8b6b 
  0x0000016628f49a10: 0c85 ed0f | 86f7 1200 | 0045 0fb6 | 5b10 4183 | fb5b 0f84 | 7415 0000 | 4c8b 9424 | 8000 0000 
  0x0000016628f49a30: 418b 6a14 

  0x0000016628f49a34: ; implicit exception: dispatches to 0x0000016628f4b5b0
  0x0000016628f49a34: 448b 5d0c | 450f be52 | 10c4 422a | f7cb 4183 | c1fb 4585 | c97c 6545 | 85d2 0f85 | 0f0d 0000 
  0x0000016628f49a54: 4183 fb04 | 0f86 c613 | 0000 807d | 106a 754c | 807d 1161 | 7546 807d | 1276 7540 | 807d 1361 
  0x0000016628f49a74: 753a 440f | be55 1441 | 83fa 2e75 

  0x0000016628f49a80: ;   {oop(a 'jdk/internal/loader/ClassLoaders$PlatformClassLoader'{0x0000000080004d20})}
  0x0000016628f49a80: 2f49 ba20 | 4d00 8000 | 0000 004c | 8b5c 2430 | 4d3b da0f | 8525 1800 | 004c 8b94 | 2480 0000 
  0x0000016628f49aa0: ;   {oop(a 'jdk/internal/loader/ClassLoaders$PlatformClassLoader'{0x0000000080004d20})}
  0x0000016628f49aa0: 0048 be20 | 4d00 8000 | 0000 004d | 8bea eb0d | 488b 7424 | 304c 8bac | 2480 0000 | 004c 8b54 
  0x0000016628f49ac0: 2420 4d85 | d20f 84b1 | 0a00 004c | 8954 2458 | 4d85 ed0f | 8437 0300 | 004c 8b54 | 2458 458b 
  0x0000016628f49ae0: 5210 4489 | 9424 8800 | 0000 458b | 5d14 418b | 4b0c 450f | be55 10c4 | 622a f7c9 | 41ff c945 
  0x0000016628f49b00: 85d2 0f85 | ee0b 0000 | 448d 51ff | 453b d145 | 0f4f d145 | 85d2 0f8c | a500 0000 | 85c9 0f86 
  0x0000016628f49b20: 7012 0000 | 443b d10f | 8367 1200 | 0045 85d2 | 0f8e a612 | 0000 458d | 4aff 430f | be4c 1310 
  0x0000016628f49b40: 83f9 2e0f | 8477 0a00 | 0041 ffca | 453b d17f | e941 83fa | 027e 4d66 | 0f1f 8400 | 0000 0000 
  0x0000016628f49b60: 4d63 c247 | 0fbe 4c03 | 1041 83f9 | 2e74 5a47 | 0fbe 4403 | 0f41 83f8 | 2e74 5345 | 8d42 fe47 
  0x0000016628f49b80: 0fbe 4c03 | 1041 83f9 | 2e74 4745 | 8d42 fd43 | 0fbe 4c03 | 1083 f92e | 7438 4183 | c2fc 4183 
  0x0000016628f49ba0: ;   {no_reloc}
  0x0000016628f49ba0: fa02 7fbc | 4183 faff | 7e17 6690 | 470f be4c | 1310 4183 | f92e 741d | 41ff ca41 | 83fa ff7f 
  0x0000016628f49bc0: eb41 baff | ffff ffeb | 0c45 8bc2 | eb04 458d | 42ff 458b | d041 83fa | ff0f 8409 | 1400 0045 
  0x0000016628f49be0: 8b45 1441 | 8b48 0c41 | 0fbe 5d10 | c4e2 62f7 | e945 85d2 | 0f8c 6e13 | 0000 443b | d50f 8f31 
  0x0000016628f49c00: 1400 0044 | 3bd5 0f84 | 6809 0000 | 85db 0f85 | 9f0b 0000 | 4585 d20f | 8437 0b00 | 0049 8b9f 
  0x0000016628f49c20: b801 0000 | 4c8b db49 | 83c3 184d | 3b9f c801 | 0000 0f83 | a90e 0000 | 4d89 9fb8 | 0100 0041 
  0x0000016628f49c40: 0f0d 8b00 | 0100 0048 | c703 0100 

  0x0000016628f49c4c: ;   {metadata('java/lang/String')}
  0x0000016628f49c4c: 0000 c743 | 0878 e800 | 0044 8963 | 0c4c 8963 | 1049 8be8 | 4d8d 4810 | 443b d10f | 84f2 0200 
  0x0000016628f49c6c: 0041 81fa | 0000 1000 | 0f87 e211 | 0000 4d63 | da49 8bd1 | 4889 ac24 | 9000 0000 | 413b ca8b 
  0x0000016628f49c8c: e941 0f4f | ea3b cd0f | 8237 1200 | 0044 3bd5 | 0f82 2e12 | 0000 4983 | c317 498b | fb48 83e7 
  0x0000016628f49cac: f841 81fa | 0000 1000 | 0f87 a40e | 0000 4d8b | b7b8 0100 | 004d 8bc6 | 4c03 c74d | 3b87 c801 
  0x0000016628f49ccc: 0000 0f83 | 8a0e 0000 | 4d89 87b8 | 0100 0041 | 0f0d 8800 | 0100 0049 | c706 0100 | 0000 410f 
  0x0000016628f49cec: 0d88 4001 

  0x0000016628f49cf0: ;   {metadata({type array byte})}
  0x0000016628f49cf0: 0000 41c7 | 4608 1823 | 0000 4589 | 560c 410f | 0d88 8001 | 0000 4d8b | ce49 83c1 | 1049 c1eb 
  0x0000016628f49d10: 0385 ed0f | 844b 1100 | 0041 3bea | 0f8c 3609 | 0000 4883 | c7f0 48c1 | ef03 488b | ca49 8bd1 
  0x0000016628f49d30: 4c8b c7c5 | f877 49ba | 6074 3828 | 6601 0000 

  0x0000016628f49d40: ;   {other}
  0x0000016628f49d40: 41ff d20f | 1f84 0000 | 0000 0044 | 8863 104d | 8bd6 4489 | 5314 4c8b | d349 c1ea | 0949 bb00 
  0x0000016628f49d60: 002a 1d66 | 0100 0047 | 8824 1344 | 8b94 2488 | 0000 0045 | 8b52 1445 | 85d2 0f85 | 4001 0000 
  0x0000016628f49d80: 448b 9c24 | 8800 0000 | 458b 4310 | 4585 c00f | 857f 0a00 

  0x0000016628f49d94: ;   {oop(a 'java/security/cert/Certificate'[0] {0x00000000800057b0})}
  0x0000016628f49d94: 0048 bfb0 | 5700 8000 | 0000 0044 | 8b5e 2c45 | 85db 0f84 | 980f 0000 | 4889 7c24 | 484c 896c 
  0x0000016628f49db4: 2420 488b | ee49 8bd3 | 4c8b c34c | 8bcf bf01 | 0000 0090 

  0x0000016628f49dc8: ;   {optimized virtual_call}
  0x0000016628f49dc8: c5f8 77e8 

  0x0000016628f49dcc: ; ImmutableOopMap {rbp=Oop [32]=Oop [48]=Oop [56]=Oop [72]=Oop [88]=Oop [128]=Oop }
                      ;*invokevirtual putVal {reexecute=0 rethrow=0 return_oop=1}
                      ; - java.util.concurrent.ConcurrentHashMap::putIfAbsent@4
                      ; - java.lang.ClassLoader::checkCerts@62
                      ; - java.lang.ClassLoader::preDefineClass@113
                      ; - java.lang.ClassLoader::defineClass@4
  0x0000016628f49dcc: d04c f2ff 

  0x0000016628f49dd0: ;   {other}
  0x0000016628f49dd0: 0f1f 8400 | c008 0000 | 488b d048 | 85c0 7430 | 448b 5808 

  0x0000016628f49de4: ;   {metadata('java/security/cert/Certificate'[])}
  0x0000016628f49de4: 4181 fb20 | 2910 000f | 8567 1500 | 004c 8b74 | 2448 458b | 6e0c 448b | 4a0c 4585 | ed0f 87fb 
  0x0000016628f49e04: 0100 0045 | 85c9 0f87 | 5812 0000 | 4c8b 5424 | 5845 8b52 | 1041 8b6a | 0c85 ed0f | 8465 0700 
  0x0000016628f49e24: 0044 8b55 | 3845 8b4a | 0849 8bd2 

  0x0000016628f49e30: ;   {metadata('sun/net/www/protocol/file/Handler')}
  0x0000016628f49e30: 4c8b c541 | 81f9 5034 | 2100 0f85 | 5107 0000 

  0x0000016628f49e40: ;   {optimized virtual_call}
  0x0000016628f49e40: c5f8 77e8 

  0x0000016628f49e44: ; ImmutableOopMap {[48]=Oop [56]=Oop [88]=Oop [128]=Oop }
                      ;*invokevirtual toExternalForm {reexecute=0 rethrow=0 return_oop=1}
                      ; - java.net.URL::toExternalForm@5
                      ; - java.net.URL::toString@1
                      ; - java.lang.ClassLoader::defineClassSourceLocation@22
                      ; - java.lang.ClassLoader::defineClass@12
  0x0000016628f49e44: 9865 f0ff 

  0x0000016628f49e48: ;   {other}
  0x0000016628f49e48: 0f1f 8400 | 3809 0001 | 488b 5424 | 304c 8b84 | 2480 0000 | 004c 8b4c | 2438 8b7c | 242c 8b74 
  0x0000016628f49e68: 2440 488b | 4c24 5848 | 8904 2490 

  0x0000016628f49e74: ;   {static_call}
  0x0000016628f49e74: c5f8 77e8 

  0x0000016628f49e78: ; ImmutableOopMap {[48]=Oop [88]=Oop }
                      ;*invokestatic defineClass1 {reexecute=0 rethrow=0 return_oop=1}
                      ; - java.lang.ClassLoader::defineClass@27
  0x0000016628f49e78: e4c4 bcff 

  0x0000016628f49e7c: ;   {other}
  0x0000016628f49e7c: 0f1f 8400 | 6c09 0002 | 488b e848 | 8b54 2430 | 4c8b c04c | 8b4c 2458 

  0x0000016628f49e94: ;   {optimized virtual_call}
  0x0000016628f49e94: c5f8 77e8 

  0x0000016628f49e98: ; ImmutableOopMap {rbp=Oop }
                      ;*invokevirtual postDefineClass {reexecute=0 rethrow=0 return_oop=0}
                      ; - java.lang.ClassLoader::defineClass@37
  0x0000016628f49e98: 44ae f0ff 

  0x0000016628f49e9c: ;   {other}
  0x0000016628f49e9c: 0f1f 8400 | 8c09 0003 | 488b c5c5 | f877 4881 | c4b0 0000 

  0x0000016628f49eb0: ;   {poll_return}
  0x0000016628f49eb0: 005d 493b | a750 0400 | 000f 87eb | 1a00 00c3 | 458b 5a0c | 458b 4208 | 4d63 cb49 | 8bea 49c1 
  0x0000016628f49ed0: e102 4181 | fb00 0004 | 000f 8722 | 0d00 0049 | 8bbf b801 | 0000 498d | 4917 4883 | e1f8 488b 
  0x0000016628f49ef0: d748 03d1 | 493b 97c8 | 0100 000f | 8300 0d00 | 0049 8997 | b801 0000 | 0f0d 8a00 | 0100 0048 
  0x0000016628f49f10: c707 0100 | 0000 4489 | 4708 4489 | 5f0c 0f0d | 8a40 0100 | 000f 0d8a | 8001 0000 | 498d 4a10 
  0x0000016628f49f30: 488b d748 | 83c2 1049 | 83c1 0749 | c1e9 034d | 8bc1 c5f8 | 7749 ba60 | 7438 2866 | 0100 0041 
  0x0000016628f49f50: ;   {other}
  0x0000016628f49f50: ffd2 0f1f | 8400 0000 | 0000 e940 | feff ff4c | 63d1 81f9 | 0000 1000 | 0f87 ef0c | 0000 498b 
  0x0000016628f49f70: bfb8 0100 | 004d 8d5a | 1749 83e3 | f848 8bd7 | 4903 d349 | 3b97 c801 | 0000 0f83 | cd0c 0000 
  0x0000016628f49f90: 4989 97b8 | 0100 000f | 0d8a 0001 | 0000 48c7 | 0701 0000 | 000f 0d8a | 4001 0000 

  0x0000016628f49fac: ;   {metadata({type array byte})}
  0x0000016628f49fac: c747 0818 | 2300 0089 | 4f0c 0f0d | 8a80 0100 | 0048 8bd7 | 4883 c210 | 4983 c207 | 49c1 ea03 
  0x0000016628f49fcc: 498b c94d | 8bc2 c5f8 | 7749 ba60 | 7438 2866 | 0100 0041 

  0x0000016628f49fe0: ;   {other}
  0x0000016628f49fe0: ffd2 0f1f | 8400 0000 | 0000 4c8b | f7e9 59fd | ffff 41ff | c345 3bdd | 7c37 4533 | dbe9 b302 
  0x0000016628f4a000: 0000 453b | e90f 857d | 1100 0045 | 8d55 ff45 | 3bd5 0f83 | 8410 0000 | 4585 c90f | 867b 1000 
  0x0000016628f4a020: 0045 8d59 | ff45 3bd9 | 0f83 b610 | 0000 4533 | db47 8b54 | 9e10 418b | 7a08 8b5a | 1044 3bd3 
  0x0000016628f4a040: 74b0 448b 

  0x0000016628f4a044: ;   {metadata('sun/security/x509/X509CertImpl')}
  0x0000016628f4a044: 4308 81ff | 18d4 0501 | 0f85 9213 | 0000 498b | ca8b 7920 | c5f9 6ecf 

  0x0000016628f4a05c: ;   {metadata('sun/security/x509/X509CertImpl')}
  0x0000016628f4a05c: 488b eb41 | 81f8 18d4 | 0501 0f85 | 6014 0000 | 448b 4520 | 488b cfc4 | e1f9 6ec1 | 498b f048 
  0x0000016628f4a07c: 8bf9 483b | fe0f 84cb | 0000 0048 | 85ff 0f84 | c900 0000 | 4885 f60f | 84c0 0000 | 008b 4f0c 
  0x0000016628f4a09c: 3b4e 0c0f | 85b4 0000 | 0085 c90f | 84a5 0000 | 0048 8d7f | 1048 8d76 | 108b c183 | e01f 83e1 
  0x0000016628f4a0bc: e00f 844b | 0000 0048 | 8d3c 0f48 | 8d34 0e48 | f7d9 c5fe | 6f14 0fc5 | fe6f 1c0e | c5ed efd3 
  0x0000016628f4a0dc: c4e2 7d17 | d20f 8572 | 0000 0048 | 83c1 2075 | e185 c00f | 845d 0000 | 00c5 fe6f | 5407 e0c5 
  0x0000016628f4a0fc: fe6f 5c06 | e0c5 edef | d3c4 e27d | 17d2 754d | eb44 8bc8 | 83e1 fc74 | 1948 8d3c | 0f48 8d34 
  0x0000016628f4a11c: 0e48 f7d9 | 8b1c 0f3b | 1c0e 7531 | 4883 c104 | 75f2 a802 | 7412 0fb7 | 1f0f b70e | 3bd9 751d 
  0x0000016628f4a13c: 488d 7f02 | 488d 7602 | a801 740a | 0fb6 1f0f | b60e 3bd9 | 7507 b801 | 0000 00eb | 0233 c0c5 
  0x0000016628f4a15c: ;   {no_reloc}
  0x0000016628f4a15c: edef d2c5 | e5ef db85 | c00f 8587 | feff ffb9 | 0100 0000 | 413b c90f | 8db3 0f00 | 0041 b801 
  0x0000016628f4a17c: 0000 0090 | 428b 4c82 | 1044 3bd1 | 0f84 64fe | ffff 8b59 | 0848 8be9 

  0x0000016628f4a194: ;   {metadata('sun/security/x509/X509CertImpl')}
  0x0000016628f4a194: 81fb 18d4 | 0501 0f85 | 2f13 0000 | 8b4d 2048 | 8bf1 c4e1 | f97e c748 | 3bfe 0f84 | cb00 0000 
  0x0000016628f4a1b4: 4885 ff0f | 84c9 0000 | 0048 85f6 | 0f84 c000 | 0000 8b4f | 0c3b 4e0c | 0f85 b400 | 0000 85c9 
  0x0000016628f4a1d4: 0f84 a500 | 0000 488d | 7f10 488d | 7610 8bc1 | 83e0 1f83 | e1e0 0f84 | 4b00 0000 | 488d 3c0f 
  0x0000016628f4a1f4: 488d 340e | 48f7 d9c5 | fe6f 1c0f | c5fe 6f14 | 0ec5 e5ef | dac4 e27d | 17db 0f85 | 7200 0000 
  0x0000016628f4a214: 4883 c120 | 75e1 85c0 | 0f84 5d00 | 0000 c5fe | 6f5c 07e0 | c5fe 6f54 | 06e0 c5e5 | efda c4e2 
  0x0000016628f4a234: 7d17 db75 | 4deb 448b | c883 e1fc | 7419 488d | 3c0f 488d | 340e 48f7 | d98b 1c0f | 3b1c 0e75 
  0x0000016628f4a254: 3148 83c1 | 0475 f2a8 | 0274 120f | b71f 0fb7 | 0e3b d975 | 1d48 8d7f | 0248 8d76 | 02a8 0174 
  0x0000016628f4a274: 0a0f b61f | 0fb6 0e3b | d975 07b8 | 0100 0000 | eb02 33c0 | c5e5 efdb | c5ed efd2 

  0x0000016628f4a290: ;   {no_reloc}
  0x0000016628f4a290: 85c0 0f85 | 5afd ffff | 41ff c045 | 3bc1 0f8c | dcfe ffff | e989 0e00 | 0041 ffc3 | 453b d90f 
  0x0000016628f4a2b0: 8d5b fbff | ff46 8b44 | 9a10 458b | 5008 418b | 6e10 443b | c574 e28b 

  0x0000016628f4a2c8: ;   {metadata('sun/security/x509/X509CertImpl')}
  0x0000016628f4a2c8: 4d08 4181 | fa18 d405 | 010f 85b9 | 1000 0048 | 8bfd 4d8b | d041 8b5a | 20c5 f96e 

  0x0000016628f4a2e4: ;   {metadata('sun/security/x509/X509CertImpl')}
  0x0000016628f4a2e4: c381 f918 | d405 010f | 8563 1100 | 0044 8b57 | 2048 8beb | 498b f248 | 8bfd 483b | fe0f 84cb 
  0x0000016628f4a304: 0000 0048 | 85ff 0f84 | c900 0000 | 4885 f60f | 84c0 0000 | 008b 4f0c | 3b4e 0c0f | 85b4 0000 
  0x0000016628f4a324: 0085 c90f | 84a5 0000 | 0048 8d7f | 1048 8d76 | 108b c183 | e01f 83e1 | e00f 844b | 0000 0048 
  0x0000016628f4a344: 8d3c 0f48 | 8d34 0e48 | f7d9 c5fe | 6f0c 0fc5 | fe6f 140e | c5f5 efca | c4e2 7d17 | c90f 8572 
  0x0000016628f4a364: 0000 0048 | 83c1 2075 | e185 c00f | 845d 0000 | 00c5 fe6f | 4c07 e0c5 | fe6f 5406 | e0c5 f5ef 
  0x0000016628f4a384: cac4 e27d | 17c9 754d | eb44 8bc8 | 83e1 fc74 | 1948 8d3c | 0f48 8d34 | 0e48 f7d9 | 8b1c 0f3b 
  0x0000016628f4a3a4: 1c0e 7531 | 4883 c104 | 75f2 a802 | 7412 0fb7 | 1f0f b70e | 3bd9 751d | 488d 7f02 | 488d 7602 
  0x0000016628f4a3c4: a801 740a | 0fb6 1f0f | b60e 3bd9 | 7507 b801 | 0000 00eb | 0233 c0c5 | f5ef c9c5 | edef d285 
  0x0000016628f4a3e4: ;   {no_reloc}
  0x0000016628f4a3e4: c00f 85be | feff ff41 | ba01 0000 | 0045 3bd5 | 0f8d 2501 | 0000 660f | 1f44 0000 | 438b 7c96 
  0x0000016628f4a404: 1044 3bc7 | 0f84 9bfe | ffff 8b5f 

  0x0000016628f4a410: ;   {metadata('sun/security/x509/X509CertImpl')}
  0x0000016628f4a410: 0881 fb18 | d405 010f | 853a 1000 | 008b 4f20 | 488b f148 | 8bfd 483b | fe0f 84cb | 0000 0048 
  0x0000016628f4a430: 85ff 0f84 | c900 0000 | 4885 f60f | 84c0 0000 | 008b 4f0c | 3b4e 0c0f | 85b4 0000 | 0085 c90f 
  0x0000016628f4a450: 84a5 0000 | 0048 8d7f | 1048 8d76 | 108b c183 | e01f 83e1 | e00f 844b | 0000 0048 | 8d3c 0f48 
  0x0000016628f4a470: 8d34 0e48 | f7d9 c5fe | 6f0c 0fc5 | fe6f 140e | c5f5 efca | c4e2 7d17 | c90f 8572 | 0000 0048 
  0x0000016628f4a490: 83c1 2075 | e185 c00f | 845d 0000 | 00c5 fe6f | 4c07 e0c5 | fe6f 5406 | e0c5 f5ef | cac4 e27d 
  0x0000016628f4a4b0: 17c9 754d | eb44 8bc8 | 83e1 fc74 | 1948 8d3c | 0f48 8d34 | 0e48 f7d9 | 8b1c 0f3b | 1c0e 7531 
  0x0000016628f4a4d0: 4883 c104 | 75f2 a802 | 7412 0fb7 | 1f0f b70e | 3bd9 751d | 488d 7f02 | 488d 7602 | a801 740a 
  0x0000016628f4a4f0: 0fb6 1f0f | b60e 3bd9 | 7507 b801 | 0000 00eb | 0233 c0c5 | f5ef c9c5 | edef d285 | c00f 8596 
  0x0000016628f4a510: ;   {no_reloc}
  0x0000016628f4a510: fdff ff41 | ffc2 453b | d50f 8ce1 | feff ff48 | 8b6c 2430 | 8b4c 242c | 894c 2428 | 448b 4424 
  0x0000016628f4a530: 4044 8944 | 242c 4c8b | 4424 584c | 8944 2440 | 4c89 7424 | 4848 8954 | 2450 4489 | 4c24 5844 
  0x0000016628f4a550: 895c 245c | 4489 5424 | 6044 896c | 2464 ba45 | ffff ff90 

  0x0000016628f4a564: ;   {runtime_call UncommonTrapBlob}
  0x0000016628f4a564: c5f8 77e8 

  0x0000016628f4a568: ; ImmutableOopMap {rbp=Oop [32]=Oop [56]=Oop [64]=Oop [72]=Oop [80]=Oop [128]=Oop }
                      ;*if_icmpge {reexecute=1 rethrow=0 return_oop=0}
                      ; - (reexecute) java.lang.ClassLoader::compareCerts@152
                      ; - java.lang.ClassLoader::checkCerts@80
                      ; - java.lang.ClassLoader::preDefineClass@113
                      ; - java.lang.ClassLoader::defineClass@4
  0x0000016628f4a568: 9494 45ff 

  0x0000016628f4a56c: ;   {other}
  0x0000016628f4a56c: 0f1f 8400 | 5c10 0004 | 498b dde9 | eff7 ffff | 448b 5634 | 4c89 5424 | 58e9 46f5 | ffff 33c0 
  0x0000016628f4a58c: e9bf f8ff | ff8b 6c24 | 2c90 c5f8 | 7748 b878 | b204 3666 

  0x0000016628f4a5a0: ;   {virtual_call}
  0x0000016628f4a5a0: 0100 00e8 

  0x0000016628f4a5a4: ; ImmutableOopMap {[48]=Oop [56]=Oop [88]=Oop [128]=Oop }
                      ;*invokevirtual toExternalForm {reexecute=0 rethrow=0 return_oop=1}
                      ; - java.net.URL::toExternalForm@5
                      ; - java.net.URL::toString@1
                      ; - java.lang.ClassLoader::defineClassSourceLocation@22
                      ; - java.lang.ClassLoader::defineClass@12
  0x0000016628f4a5a4: 185e f0ff 

  0x0000016628f4a5a8: ;   {other}
  0x0000016628f4a5a8: 0f1f 8400 | 9810 0005 | e99b f8ff | ff45 33ed | 488b f2e9 | fdf4 ffff | 458b c2e9 | 0af6 ffff 
  0x0000016628f4a5c8: 488b 9424 | 8000 0000 | 4889 5424 | 5848 8954 | 2460 6690 

  0x0000016628f4a5dc: ;   {optimized virtual_call}
  0x0000016628f4a5dc: c5f8 77e8 

  0x0000016628f4a5e0: ; ImmutableOopMap {rbp=NarrowOop [32]=Oop [48]=Oop [56]=Oop [88]=Oop [96]=Oop [128]=Oop }
                      ;*invokevirtual length {reexecute=0 rethrow=0 return_oop=0}
                      ; - java.lang.String::indexOf@30
                      ; - java.lang.String::indexOf@3
                      ; - java.lang.ClassLoader::checkName@16
                      ; - java.lang.ClassLoader::preDefineClass@1
                      ; - java.lang.ClassLoader::defineClass@4
  0x0000016628f4a5e0: 9c41 45ff 

  0x0000016628f4a5e4: ;   {other}
  0x0000016628f4a5e4: 0f1f 8400 | d410 0006 | 488b d541 | b82f 0000 | 0045 33c9 | 8bf8 488b | 6c24 304c | 8b54 2458 
  0x0000016628f4a604: 4c89 5424 | 4866 6690 

  0x0000016628f4a60c: ;   {static_call}
  0x0000016628f4a60c: c5f8 77e8 

  0x0000016628f4a610: ; ImmutableOopMap {rbp=Oop [32]=Oop [48]=Oop [56]=Oop [72]=Oop [128]=Oop }
                      ;*invokestatic indexOf {reexecute=0 rethrow=0 return_oop=0}
                      ; - java.lang.String::indexOf@33
                      ; - java.lang.String::indexOf@3
                      ; - java.lang.ClassLoader::checkName@16
                      ; - java.lang.ClassLoader::preDefineClass@1
                      ; - java.lang.ClassLoader::defineClass@4
  0x0000016628f4a610: 6c47 45ff 

  0x0000016628f4a614: ;   {other}
  0x0000016628f4a614: 0f1f 8400 | 0411 0007 | 8bd8 e9ca | f3ff ffbb | ffff ffff | e9c0 f3ff | ff49 8bd3 | 4533 c048 
  0x0000016628f4a634: 8b6c 2430 | 4c89 5424 | 4866 6690 

  0x0000016628f4a640: ;   {static_call}
  0x0000016628f4a640: c5f8 77e8 

  0x0000016628f4a644: ; ImmutableOopMap {rbp=Oop [32]=Oop [48]=Oop [56]=Oop [72]=Oop [128]=Oop }
                      ;*invokestatic charAt {reexecute=0 rethrow=0 return_oop=0}
                      ; - java.lang.String::charAt@21
                      ; - java.lang.ClassLoader::checkName@25
                      ; - java.lang.ClassLoader::preDefineClass@1
                      ; - java.lang.ClassLoader::defineClass@4
  0x0000016628f4a644: 3847 45ff 

  0x0000016628f4a648: ;   {other}
  0x0000016628f4a648: 0f1f 8400 | 3811 0008 | 448b d8e9 | c6f3 ffff | 4c63 c54d | 8d50 1049 | 8bca 4883 | e1f8 498b 
  0x0000016628f4a668: fe48 03f9 | 49c1 ea03 | 4d2b da49 | 8bcb 4833 | c048 83f9 | 087f 1048 | ffc9 784f | 4889 04cf 
  0x0000016628f4a688: 48ff c97d | f7eb 44c5 | fdef c0e9 | 0d00 0000 | c5fe 7f07 | c5fe 7f47 | 2048 83c7 | 4048 83e9 
  0x0000016628f4a6a8: 087d ed48 | 83c1 047c | 0cc5 fe7f | 0748 83c7 | 2048 83e9 | 0448 83c1 | 047e 1048 | ffc9 c5f9 
  0x0000016628f4a6c8: d607 4883 | c708 48ff | c97d f348 | 8bca 498b | d1c5 f877 | 49ba c06d | 3828 6601 | 0000 41ff 
  0x0000016628f4a6e8: ;   {other}
  0x0000016628f4a6e8: d20f 1f84 | 0000 0000 | 00e9 55f6 | ffff 448b | 9424 8800 | 0000 4489 | 5424 284c | 896c 2450 
  0x0000016628f4a708: 4889 7424 | 484c 8b54 | 2430 4c89 | 5424 2048 | 8bac 2480 | 0000 0049 | 8bd3 41b8 | 2e00 0000 
  0x0000016628f4a728: ;   {static_call}
  0x0000016628f4a728: c5f8 77e8 

  0x0000016628f4a72c: ; ImmutableOopMap {rbp=Oop [32]=Oop [40]=NarrowOop [56]=Oop [72]=Oop [80]=Oop [88]=Oop [128]=Oop [136]=NarrowOop }
                      ;*invokestatic lastIndexOf {reexecute=0 rethrow=0 return_oop=0}
                      ; - java.lang.String::lastIndexOf@25
                      ; - java.lang.String::lastIndexOf@8
                      ; - java.lang.ClassLoader::checkCerts@3
                      ; - java.lang.ClassLoader::preDefineClass@113
                      ; - java.lang.ClassLoader::defineClass@4
  0x0000016628f4a72c: 5046 45ff 

  0x0000016628f4a730: ;   {other}
  0x0000016628f4a730: 0f1f 8400 | 2012 0009 | 4c8b 5c24 | 204c 895c | 2430 488b | 7424 484c | 8b6c 2450 | 448b d0e9 
  0x0000016628f4a750: 81f4 ffff 

  0x0000016628f4a754: ;   {oop(""{0x00000000800015e0})}
  0x0000016628f4a754: 48bb e015 | 0080 0000 | 0000 e908 | f6ff ff44 | 0fb7 5510 | 4183 fa6a | 0f85 3ef3 | ffff 440f 
  0x0000016628f4a774: b755 1241 | 83fa 610f | 852f f3ff | ff44 0fb7 | 5514 4183 | fa76 0f85 | 20f3 ffff | 440f b755 
  0x0000016628f4a794: 1641 83fa | 610f 8511 | f3ff ff44 | 0fb7 5518 | 4183 fa2e | 0f84 d3f2 | ffff e9fd | f2ff ff45 
  0x0000016628f4a7b4: 8bda 448b | 9424 8800 | 0000 4489 | 5424 284c | 896c 2450 | 4889 7424 | 484c 8b54 | 2430 4c89 
  0x0000016628f4a7d4: 5424 2048 | 8bac 2480 | 0000 0049 | 8bd0 4533 | c045 8bcb 

  0x0000016628f4a7e8: ;   {static_call}
  0x0000016628f4a7e8: c5f8 77e8 

  0x0000016628f4a7ec: ; ImmutableOopMap {rbp=Oop [32]=Oop [40]=NarrowOop [56]=Oop [72]=Oop [80]=Oop [88]=Oop [128]=Oop [136]=NarrowOop }
                      ;*invokestatic newString {reexecute=0 rethrow=0 return_oop=1}
                      ; - java.lang.String::substring@54
                      ; - java.lang.ClassLoader::checkCerts@21
                      ; - java.lang.ClassLoader::preDefineClass@113
                      ; - java.lang.ClassLoader::defineClass@4
  0x0000016628f4a7ec: 9045 45ff 

  0x0000016628f4a7f0: ;   {other}
  0x0000016628f4a7f0: 0f1f 8400 | e012 000a | 4c8b 5c24 | 204c 895c | 2430 488b | 7424 484c | 8b6c 2450 | 488b d8e9 
  0x0000016628f4a810: 57f5 ffff | 498b 87b8 | 0100 004c | 8bd0 4983 | c218 498b | fb4d 3b97 | c801 0000 | 0f83 8e09 
  0x0000016628f4a830: 0000 4d89 | 97b8 0100 | 0041 0f0d | 8a00 0100 | 0048 c700 | 0100 0000 

  0x0000016628f4a848: ;   {metadata('java/util/ArrayList')}
  0x0000016628f4a848: c740 08d0 | 890b 0044 | 8960 0c44 | 8960 1045 

  0x0000016628f4a858: ;   {oop(a 'java/lang/Object'[0] {0x0000000080000ad0})}
  0x0000016628f4a858: 8b50 0cc7 | 4014 d00a | 0080 488b | c845 85d2 | 0f86 db00 | 0000 4533 | c9eb 3066 | 0f1f 8400 
  0x0000016628f4a878: 0000 0000 | 6666 6690 | 4c8b 5424 | 204c 8954 | 2430 488b | 7424 484c | 8b6c 2450 | 488b 5c24 
  0x0000016628f4a898: 6048 8b7c | 2468 488b | 4c24 7045 | 8b58 0c45 | 3bcb 0f83 | 480a 0000 | 478b 5c88 | 1045 8b53 
  0x0000016628f4a8b8: 1045 8b5a | 1044 894c | 2444 4889 | 4c24 7048 | 897c 2468 | 4889 5c24 | 604c 896c | 2450 4889 
  0x0000016628f4a8d8: 7424 484c | 8b54 2430 | 4c89 5424 | 204d 8bc3 | 488b d190 

  0x0000016628f4a8ec: ;   {optimized virtual_call}
  0x0000016628f4a8ec: c5f8 77e8 

  0x0000016628f4a8f0: ; ImmutableOopMap {[32]=Oop [56]=Oop [72]=Oop [80]=Oop [88]=Oop [96]=Oop [104]=Oop [112]=Oop [128]=Oop [136]=NarrowOop }
                      ;*invokevirtual addAll {reexecute=0 rethrow=0 return_oop=0}
                      ; - java.security.CodeSource::getCertificates@57
                      ; - java.lang.ClassLoader::checkCerts@34
                      ; - java.lang.ClassLoader::preDefineClass@113
                      ; - java.lang.ClassLoader::defineClass@4
  0x0000016628f4a8f0: 8c3e 45ff 

  0x0000016628f4a8f4: ;   {other}
  0x0000016628f4a8f4: 0f1f 8400 | e413 000b | 498b 8f58 | 0400 0044 | 8b9c 2488 | 0000 0045 | 8b43 1044 | 8b4c 2444 
  0x0000016628f4a914: ; ImmutableOopMap {r8=NarrowOop [32]=Oop [56]=Oop [72]=Oop [80]=Oop [88]=Oop [96]=Oop [104]=Oop [112]=Oop [128]=Oop [136]=NarrowOop }
                      ;*goto {reexecute=1 rethrow=0 return_oop=0}
                      ; - (reexecute) java.security.CodeSource::getCertificates@64
                      ; - java.lang.ClassLoader::checkCerts@34
                      ; - java.lang.ClassLoader::preDefineClass@113
                      ; - java.lang.ClassLoader::defineClass@4
                      ;   {poll}
  0x0000016628f4a914: 41ff c185 | 0145 8b50 | 0c45 3bca | 0f8c 5aff | ffff 4c8b | 5424 204c | 8954 2430 | 488b 7424 
  0x0000016628f4a934: 484c 8b6c | 2450 488b | 5c24 6048 | 8b7c 2468 | 488b 4c24 | 7049 8b87 | b801 0000 | 4c8b d049 
  0x0000016628f4a954: 83c2 104d | 3b97 c801 | 0000 0f83 | c408 0000 | 4d89 97b8 | 0100 0041 | 0f0d 8a00 | 0100 0048 
  0x0000016628f4a974: c700 0100 | 0000 410f | 0d8a 4001 

  0x0000016628f4a980: ;   {metadata('java/security/cert/Certificate'[])}
  0x0000016628f4a980: 0000 c740 | 0820 2910 | 0041 0f0d | 8a80 0100 | 0044 8960 | 0c48 8bac | 2480 0000 | 004c 8b54 
  0x0000016628f4a9a0: 2430 4c89 | 5424 2048 | 8974 2448 | 4c89 6c24 | 5044 8b94 | 2488 0000 | 0044 8954 | 2428 4889 
  0x0000016628f4a9c0: 5c24 6048 | 897c 2468 | 4889 4c24 | 704c 8bc0 | 488b 5424 | 7066 6690 

  0x0000016628f4a9d8: ;   {optimized virtual_call}
  0x0000016628f4a9d8: c5f8 77e8 

  0x0000016628f4a9dc: ; ImmutableOopMap {rbp=Oop [32]=Oop [40]=NarrowOop [56]=Oop [72]=Oop [80]=Oop [88]=Oop [96]=Oop [104]=Oop }
                      ;*invokevirtual toArray {reexecute=0 rethrow=0 return_oop=1}
                      ; - java.security.CodeSource::getCertificates@73
                      ; - java.lang.ClassLoader::checkCerts@34
                      ; - java.lang.ClassLoader::preDefineClass@113
                      ; - java.lang.ClassLoader::defineClass@4
  0x0000016628f4a9dc: a03d 45ff 

  0x0000016628f4a9e0: ;   {other}
  0x0000016628f4a9e0: 0f1f 8400 | d014 000d | 488b c844 

  0x0000016628f4a9ec: ;   {metadata('java/security/cert/Certificate'[])}
  0x0000016628f4a9ec: 8b50 0841 | 81fa 2029 | 1000 0f85 | 400b 0000 | 448b 490c | 4c8b 5424 | 684d 63c1 | 49c1 ea09 
  0x0000016628f4aa0c: 49bb 0000 | 2a1d 6601 | 0000 4788 | 2413 49c1 | e002 4c8b | d944 8b54 | 2428 4589 | 5a14 4181 
  0x0000016628f4aa2c: f900 0004 | 000f 874e | 0800 0049 | 8b9f b801 | 0000 4d8d | 5017 4983 | e2f8 4c8b | db4d 03da 
  0x0000016628f4aa4c: 4d3b 9fc8 | 0100 000f | 832c 0800 | 004d 899f | b801 0000 | 410f 0d8b | 0001 0000 | 48c7 0301 
  0x0000016628f4aa6c: 0000 0041 | 0f0d 8b40 

  0x0000016628f4aa74: ;   {metadata('java/security/cert/Certificate'[])}
  0x0000016628f4aa74: 0100 00c7 | 4308 2029 | 1000 4489 | 4b0c 410f | 0d8b 8001 | 0000 4883 | c110 488b | d348 83c2 
  0x0000016628f4aa94: 1049 83c0 | 0749 c1e8 | 03c5 f877 | 49ba 6074 | 3828 6601 | 0000 41ff 

  0x0000016628f4aaac: ;   {other}
  0x0000016628f4aaac: d20f 1f84 | 0000 0000 | 004c 8bd3 | 4889 ac24 | 8000 0000 | 4c8b 5c24 | 204c 895c | 2430 488b 
  0x0000016628f4aacc: 7424 484c | 8b6c 2450 | 488b 5c24 | 6049 8bfa | e9be f2ff | ff89 4c24 | 6444 8944 | 2460 4489 
  0x0000016628f4aaec: 5424 4444 | 8b9c 2488 | 0000 0044 | 895c 2428 | 4c89 6c24 | 5048 8974 | 2448 4c8b | 5424 304c 
  0x0000016628f4ab0c: 8954 2420 | 488b ac24 | 8000 0000 

  0x0000016628f4ab18: ;   {metadata('java/lang/String')}
  0x0000016628f4ab18: 48ba 78e8 | 0035 6601 | 0000 6690 

  0x0000016628f4ab24: ;   {runtime_call _new_instance_Java}
  0x0000016628f4ab24: c5f8 77e8 

  0x0000016628f4ab28: ; ImmutableOopMap {rbp=Oop [32]=Oop [40]=NarrowOop [56]=Oop [72]=Oop [80]=Oop [88]=Oop [96]=NarrowOop [128]=Oop [136]=NarrowOop }
                      ;*new {reexecute=0 rethrow=0 return_oop=1}
                      ; - java.lang.StringLatin1::newString@7
                      ; - java.lang.String::substring@41
                      ; - java.lang.ClassLoader::checkCerts@21
                      ; - java.lang.ClassLoader::preDefineClass@113
                      ; - java.lang.ClassLoader::defineClass@4
  0x0000016628f4ab28: 547b 50ff 

  0x0000016628f4ab2c: ;   {other}
  0x0000016628f4ab2c: 0f1f 8400 | 1c16 000e | 4c8b 5424 | 204c 8954 | 2430 488b | 7424 484c | 8b6c 2450 | 448b 5424 
  0x0000016628f4ab4c: 4444 8b44 | 2460 8b4c | 2464 488b | d8e9 fff0 | ffff 4889 | 7c24 784c | 895c 2470 | 4c89 4c24 
  0x0000016628f4ab6c: 6848 895c | 2460 4489 | 5424 4444 | 8b94 2488 | 0000 0044 | 8954 2428 | 4c89 6c24 | 5048 8974 
  0x0000016628f4ab8c: 2448 4c8b | 9424 8000 | 0000 4c89 

  0x0000016628f4ab98: ;   {metadata({type array byte})}
  0x0000016628f4ab98: 5424 2048 | ba18 2300 | 3566 0100 | 0044 8b44 | 2444 6690 

  0x0000016628f4abac: ;   {runtime_call _new_array_nozero_Java}
  0x0000016628f4abac: c5f8 77e8 

  0x0000016628f4abb0: ; ImmutableOopMap {[32]=Oop [40]=NarrowOop [48]=Oop [56]=Oop [72]=Oop [80]=Oop [88]=Oop [96]=Oop [144]=Oop [104]=Derived_oop_[144] }
                      ;*newarray {reexecute=0 rethrow=0 return_oop=1}
                      ; - java.util.Arrays::copyOfRangeByte@10
                      ; - java.util.Arrays::copyOfRange@13
                      ; - java.lang.StringLatin1::newString@16
                      ; - java.lang.String::substring@41
                      ; - java.lang.ClassLoader::checkCerts@21
                      ; - java.lang.ClassLoader::preDefineClass@113
                      ; - java.lang.ClassLoader::defineClass@4
  0x0000016628f4abb0: 4cd0 50ff 

  0x0000016628f4abb4: ;   {other}
  0x0000016628f4abb4: 0f1f 8400 | a416 000f | 4c8b 5424 | 204c 8994 | 2480 0000 | 0048 8b74 | 2448 4c8b | 6c24 5044 
  0x0000016628f4abd4: 8b5c 2428 | 4489 9c24 | 8800 0000 | 448b 5424 | 4448 8b5c | 2460 488b | 5424 684c | 8b5c 2470 
  0x0000016628f4abf4: 488b 7c24 | 784c 8bf0 | e905 f1ff | ff4c 894c | 2468 4489 | 5424 2848 | 895c 2460 | 4c89 6c24 
  0x0000016628f4ac14: 5048 8974 | 2448 48ba | 0000 0035 | 6601 0000 | 4903 d045 | 8bc3 6690 

  0x0000016628f4ac2c: ;   {runtime_call _new_array_Java}
  0x0000016628f4ac2c: c5f8 77e8 

  0x0000016628f4ac30: ; ImmutableOopMap {rbp=Oop [40]=NarrowOop [48]=Oop [56]=Oop [72]=Oop [80]=Oop [88]=Oop [96]=Oop [128]=Oop }
                      ;*invokevirtual clone {reexecute=1 rethrow=0 return_oop=1}
                      ; - (reexecute) java.security.CodeSource::getCertificates@11
                      ; - java.lang.ClassLoader::checkCerts@34
                      ; - java.lang.ClassLoader::preDefineClass@113
                      ; - java.lang.ClassLoader::defineClass@4
  0x0000016628f4ac30: cccc 50ff 

  0x0000016628f4ac34: ;   {other}
  0x0000016628f4ac34: 0f1f 8400 | 2417 0010 | 488b 7424 | 484c 8b6c | 2450 488b | 5c24 6044 | 8b54 2428 | 4c8b 4c24 
  0x0000016628f4ac54: 6848 8bf8 | e9cf f2ff | ff4c 8954 | 2470 4c89 | 4c24 6848 | 895c 2460 | 4489 4424 | 4444 8b94 
  0x0000016628f4ac74: 2488 0000 | 0044 8954 | 2428 4c89 | 6c24 5048 | 8974 2448 | 4c8b 9424 | 8000 0000 | 4c89 5424 
  0x0000016628f4ac94: ;   {metadata({type array byte})}
  0x0000016628f4ac94: 2048 ba18 | 2300 3566 | 0100 0044 | 8bc1 6690 

  0x0000016628f4aca4: ;   {runtime_call _new_array_nozero_Java}
  0x0000016628f4aca4: c5f8 77e8 

  0x0000016628f4aca8: ; ImmutableOopMap {rbp=Oop [104]=Derived_oop_rbp [32]=Oop [40]=NarrowOop [48]=Oop [56]=Oop [68]=NarrowOop [72]=Oop [80]=Oop [88]=Oop [96]=Oop [128]=Oop [136]=NarrowOop }
                      ;*invokevirtual clone {reexecute=1 rethrow=0 return_oop=1}
                      ; - (reexecute) java.util.Arrays::copyOfRange@18
                      ; - java.lang.StringLatin1::newString@16
                      ; - java.lang.String::substring@41
                      ; - java.lang.ClassLoader::checkCerts@21
                      ; - java.lang.ClassLoader::preDefineClass@113
                      ; - java.lang.ClassLoader::defineClass@4
  0x0000016628f4aca8: 54cf 50ff 

  0x0000016628f4acac: ;   {other}
  0x0000016628f4acac: 0f1f 8400 | 9c17 0011 | 488b 7424 | 484c 8b6c | 2450 488b | 5c24 604c | 8b4c 2468 | 4c8b 5424 
  0x0000016628f4accc: 7048 8bf8 | e9e8 f2ff | ffba 45ff | ffff 488b | 6c24 304c | 8b94 2480 | 0000 004c | 8954 2448 
  0x0000016628f4acec: 897c 2428 | 8974 242c | 4c8b 5424 | 484c 8954 | 2440 6690 

  0x0000016628f4ad00: ;   {runtime_call UncommonTrapBlob}
  0x0000016628f4ad00: c5f8 77e8 

  0x0000016628f4ad04: ; ImmutableOopMap {rbp=Oop [32]=Oop [56]=Oop [64]=Oop [72]=Oop }
                      ;*ifeq {reexecute=1 rethrow=0 return_oop=0}
                      ; - (reexecute) java.lang.ClassLoader::checkName@8
                      ; - java.lang.ClassLoader::preDefineClass@1
                      ; - java.lang.ClassLoader::defineClass@4
  0x0000016628f4ad04: f88c 45ff 

  0x0000016628f4ad08: ;   {other}
  0x0000016628f4ad08: 0f1f 8400 | f817 0012 | bae4 ffff | ff4c 8954 | 2448 448b | 4424 2c44 | 8944 2428 | 448b 5424 
  0x0000016628f4ad28: 4044 8954 | 242c 4489 | 5c24 5890 

  0x0000016628f4ad34: ;   {runtime_call UncommonTrapBlob}
  0x0000016628f4ad34: c5f8 77e8 

  0x0000016628f4ad38: ; ImmutableOopMap {[32]=Oop [48]=Oop [56]=Oop [72]=Oop [88]=NarrowOop }
                      ;*invokestatic checkIndex {reexecute=0 rethrow=0 return_oop=0}
                      ; - java.lang.String::checkIndex@5
                      ; - java.lang.StringLatin1::charAt@3
                      ; - java.lang.String::charAt@12
                      ; - java.lang.ClassLoader::checkName@25
                      ; - java.lang.ClassLoader::preDefineClass@1
                      ; - java.lang.ClassLoader::defineClass@4
  0x0000016628f4ad38: c48c 45ff 

  0x0000016628f4ad3c: ;   {other}
  0x0000016628f4ad3c: 0f1f 8400 | 2c18 0013 | baf6 ffff | ff48 8beb | 4889 7c24 | 2066 6690 

  0x0000016628f4ad54: ;   {runtime_call UncommonTrapBlob}
  0x0000016628f4ad54: c5f8 77e8 

  0x0000016628f4ad58: ; ImmutableOopMap {rbp=Oop [32]=Oop }
                      ;*invokevirtual putIfAbsent {reexecute=0 rethrow=0 return_oop=0}
                      ; - java.lang.ClassLoader::checkCerts@62
                      ; - java.lang.ClassLoader::preDefineClass@113
                      ; - java.lang.ClassLoader::defineClass@4
  0x0000016628f4ad58: a48c 45ff 

  0x0000016628f4ad5c: ;   {other}
  0x0000016628f4ad5c: 0f1f 8400 | 4c18 0014 | bace ffff | ff4c 8b94 | 2480 0000 | 004c 8954 | 2448 897c | 2428 8974 
  0x0000016628f4ad7c: 242c 4489 | 5c24 6090 

  0x0000016628f4ad84: ;   {runtime_call UncommonTrapBlob}
  0x0000016628f4ad84: c5f8 77e8 

  0x0000016628f4ad88: ; ImmutableOopMap {rbp=NarrowOop [32]=Oop [48]=Oop [56]=Oop [72]=Oop }
                      ;*invokestatic indexOfChar {reexecute=0 rethrow=0 return_oop=0}
                      ; - java.lang.StringLatin1::indexOf@33
                      ; - java.lang.String::indexOf@17
                      ; - java.lang.String::indexOf@3
                      ; - java.lang.ClassLoader::checkName@16
                      ; - java.lang.ClassLoader::preDefineClass@1
                      ; - java.lang.ClassLoader::defineClass@4
  0x0000016628f4ad88: 748c 45ff 

  0x0000016628f4ad8c: ;   {other}
  0x0000016628f4ad8c: 0f1f 8400 | 7c18 0015 | ba76 ffff | ff41 8beb | 4489 5424 | 2444 8b54 | 242c 4489 | 5424 2844 
  0x0000016628f4adac: 8b5c 2440 | 4489 5c24 | 2c4c 8b54 | 2458 4c89 | 5424 4048 | 8974 2450 | 4c89 6c24 | 5866 6690 
  0x0000016628f4adcc: ;   {runtime_call UncommonTrapBlob}
  0x0000016628f4adcc: c5f8 77e8 

  0x0000016628f4add0: ; ImmutableOopMap {rbp=NarrowOop [48]=Oop [56]=Oop [64]=Oop [80]=Oop [88]=Oop [128]=Oop [136]=NarrowOop }
                      ;*iflt {reexecute=1 rethrow=0 return_oop=0}
                      ; - (reexecute) java.lang.StringLatin1::lastIndexOf@19
                      ; - java.lang.String::lastIndexOf@13
                      ; - java.lang.String::lastIndexOf@8
                      ; - java.lang.ClassLoader::checkCerts@3
                      ; - java.lang.ClassLoader::preDefineClass@113
                      ; - java.lang.ClassLoader::defineClass@4
  0x0000016628f4add0: 2c8c 45ff 

  0x0000016628f4add4: ;   {other}
  0x0000016628f4add4: 0f1f 8400 | c418 0016 | ba6e ffff | ff41 8beb | 4489 5424 | 2444 8b54 | 242c 4489 | 5424 2844 
  0x0000016628f4adf4: 8b5c 2440 | 4489 5c24 | 2c4c 8b54 | 2458 4c89 | 5424 4048 | 8974 2450 | 4c89 6c24 | 5866 6690 
  0x0000016628f4ae14: ;   {runtime_call UncommonTrapBlob}
  0x0000016628f4ae14: c5f8 77e8 

  0x0000016628f4ae18: ; ImmutableOopMap {rbp=NarrowOop [48]=Oop [56]=Oop [64]=Oop [80]=Oop [88]=Oop [128]=Oop [136]=NarrowOop }
                      ;*iflt {reexecute=1 rethrow=0 return_oop=0}
                      ; - (reexecute) java.lang.StringLatin1::lastIndexOf@19
                      ; - java.lang.String::lastIndexOf@13
                      ; - java.lang.String::lastIndexOf@8
                      ; - java.lang.ClassLoader::checkCerts@3
                      ; - java.lang.ClassLoader::preDefineClass@113
                      ; - java.lang.ClassLoader::defineClass@4
  0x0000016628f4ae18: e48b 45ff 

  0x0000016628f4ae1c: ;   {other}
  0x0000016628f4ae1c: 0f1f 8400 | 0c19 0017 | bae4 ffff | ff4c 8b94 | 2480 0000 | 004c 8954 | 2448 448b | 5424 2c44 
  0x0000016628f4ae3c: 8954 2428 | 448b 5c24 | 4044 895c | 242c 6690 

  0x0000016628f4ae4c: ;   {runtime_call UncommonTrapBlob}
  0x0000016628f4ae4c: c5f8 77e8 

  0x0000016628f4ae50: ; ImmutableOopMap {rbp=NarrowOop [32]=Oop [48]=Oop [56]=Oop [72]=Oop }
                      ;*baload {reexecute=0 rethrow=0 return_oop=0}
                      ; - jdk.internal.util.ArraysSupport::mismatch@82
                      ; - java.lang.String::startsWith@70
                      ; - java.lang.String::startsWith@3
                      ; - java.lang.ClassLoader::preDefineClass@43
                      ; - java.lang.ClassLoader::defineClass@4
  0x0000016628f4ae50: ac8b 45ff 

  0x0000016628f4ae54: ;   {other}
  0x0000016628f4ae54: 0f1f 8400 | 4419 0018 | 4d63 dae9 | 19ee ffff | 4983 c3fe | 498b cb49 | 8bf9 4833 | c048 83f9 
  0x0000016628f4ae74: 087f 1048 | ffc9 784f | 4889 04cf | 48ff c97d | f7eb 44c5 | fdef c0e9 | 0d00 0000 | c5fe 7f07 
  0x0000016628f4ae94: c5fe 7f47 | 2048 83c7 | 4048 83e9 | 087d ed48 | 83c1 047c | 0cc5 fe7f | 0748 83c7 | 2048 83e9 
  0x0000016628f4aeb4: 0448 83c1 | 047e 1048 | ffc9 c5f9 | d607 4883 | c708 48ff | c97d f3e9 | 7bee ffff | bacc ffff 
  0x0000016628f4aed4: ff44 8954 | 2420 448b | 5424 2c44 | 8954 2424 | 448b 5c24 | 4044 895c | 2428 4c8b | 5424 584c 
  0x0000016628f4aef4: 8954 2440 | 4889 7424 | 504c 896c | 2458 4889 | 5c24 6844 | 8944 2470 

  0x0000016628f4af0c: ;   {runtime_call UncommonTrapBlob}
  0x0000016628f4af0c: c5f8 77e8 

  0x0000016628f4af10: ; ImmutableOopMap {[48]=Oop [56]=Oop [64]=Oop [80]=Oop [88]=Oop [104]=Oop [112]=NarrowOop [128]=Oop [136]=NarrowOop }
                      ;*newarray {reexecute=1 rethrow=0 return_oop=0}
                      ; - (reexecute) java.util.Arrays::copyOfRangeByte@10
                      ; - java.util.Arrays::copyOfRange@13
                      ; - java.lang.StringLatin1::newString@16
                      ; - java.lang.String::substring@41
                      ; - java.lang.ClassLoader::checkCerts@21
                      ; - java.lang.ClassLoader::preDefineClass@113
                      ; - java.lang.ClassLoader::defineClass@4
  0x0000016628f4af10: ec8a 45ff 

  0x0000016628f4af14: ;   {other}
  0x0000016628f4af14: 0f1f 8400 | 041a 0019 | ba45 ffff | ff48 8b6c | 2430 4c8b | 9424 8000 | 0000 4c89 | 5424 4844 
  0x0000016628f4af34: 8b5c 242c | 4489 5c24 | 2844 8b54 | 2440 4489 | 5424 2c4c | 8b54 2448 | 4c89 5424 | 4089 5c24 
  0x0000016628f4af54: 5066 6690 

  0x0000016628f4af58: ;   {runtime_call UncommonTrapBlob}
  0x0000016628f4af58: c5f8 77e8 

  0x0000016628f4af5c: ; ImmutableOopMap {rbp=Oop [32]=Oop [56]=Oop [64]=Oop [72]=Oop }
                      ;*if_icmpne {reexecute=1 rethrow=0 return_oop=0}
                      ; - (reexecute) java.lang.ClassLoader::checkName@20
                      ; - java.lang.ClassLoader::preDefineClass@1
                      ; - java.lang.ClassLoader::defineClass@4
  0x0000016628f4af5c: a08a 45ff 

  0x0000016628f4af60: ;   {other}
  0x0000016628f4af60: 0f1f 8400 | 501a 001a | ba45 ffff | ff44 8954 | 2424 4489 | 5424 284c | 8b54 2458 | 4c89 5424 
  0x0000016628f4af80: 5048 8974 | 2458 4c89 | 6c24 6890 

  0x0000016628f4af8c: ;   {runtime_call UncommonTrapBlob}
  0x0000016628f4af8c: c5f8 77e8 

  0x0000016628f4af90: ; ImmutableOopMap {[48]=Oop [56]=Oop [80]=Oop [88]=Oop [104]=Oop [128]=Oop [136]=NarrowOop }
                      ;*if_icmpgt {reexecute=1 rethrow=0 return_oop=0}
                      ; - (reexecute) jdk.internal.util.Preconditions::checkFromToIndex@6
                      ; - java.lang.String::checkBoundsBeginEnd@6
                      ; - java.lang.String::substring@8
                      ; - java.lang.ClassLoader::checkCerts@21
                      ; - java.lang.ClassLoader::preDefineClass@113
                      ; - java.lang.ClassLoader::defineClass@4
  0x0000016628f4af90: 6c8a 45ff 

  0x0000016628f4af94: ;   {other}
  0x0000016628f4af94: 0f1f 8400 | 841a 001b | ba45 ffff | ff48 8b6c | 2430 4c8b | 9424 8000 | 0000 4c89 | 5424 4844 
  0x0000016628f4afb4: 8b44 242c | 4489 4424 | 2844 8b54 | 2440 4489 | 5424 2c4c | 8b54 2448 | 4c89 5424 | 4044 895c 
  0x0000016628f4afd4: 2450 6690 

  0x0000016628f4afd8: ;   {runtime_call UncommonTrapBlob}
  0x0000016628f4afd8: c5f8 77e8 

  0x0000016628f4afdc: ; ImmutableOopMap {rbp=Oop [32]=Oop [56]=Oop [64]=Oop [72]=Oop }
                      ;*if_icmpne {reexecute=1 rethrow=0 return_oop=0}
                      ; - (reexecute) java.lang.ClassLoader::checkName@30
                      ; - java.lang.ClassLoader::preDefineClass@1
                      ; - java.lang.ClassLoader::defineClass@4
  0x0000016628f4afdc: 208a 45ff 

  0x0000016628f4afe0: ;   {other}
  0x0000016628f4afe0: 0f1f 8400 | d01a 001c | ba45 ffff | ff41 8bea | 4c8b 5424 | 304c 8954 | 2420 448b | 5424 2c44 
  0x0000016628f4b000: 8954 2428 | 448b 5c24 | 4044 895c | 242c 4c8b | 5424 584c | 8954 2440 | 4889 7424 | 484c 896c 
  0x0000016628f4b020: 2450 6690 

  0x0000016628f4b024: ;   {runtime_call UncommonTrapBlob}
  0x0000016628f4b024: c5f8 77e8 

  0x0000016628f4b028: ; ImmutableOopMap {[32]=Oop [56]=Oop [64]=Oop [72]=Oop [80]=Oop [128]=Oop [136]=NarrowOop }
                      ;*if_icmpne {reexecute=1 rethrow=0 return_oop=0}
                      ; - (reexecute) java.lang.ClassLoader::checkCerts@9
                      ; - java.lang.ClassLoader::preDefineClass@113
                      ; - java.lang.ClassLoader::defineClass@4
  0x0000016628f4b028: d489 45ff 

  0x0000016628f4b02c: ;   {other}
  0x0000016628f4b02c: 0f1f 8400 | 1c1b 001d | ba45 ffff | ff44 8954 | 2424 4489 | 5424 284c | 8b54 2458 | 4c89 5424 
  0x0000016628f4b04c: 5048 8974 | 2458 4c89 | 6c24 6890 

  0x0000016628f4b058: ;   {runtime_call UncommonTrapBlob}
  0x0000016628f4b058: c5f8 77e8 

  0x0000016628f4b05c: ; ImmutableOopMap {[48]=Oop [56]=Oop [80]=Oop [88]=Oop [104]=Oop [128]=Oop [136]=NarrowOop }
                      ;*if_icmple {reexecute=1 rethrow=0 return_oop=0}
                      ; - (reexecute) jdk.internal.util.Preconditions::checkFromToIndex@11
                      ; - java.lang.String::checkBoundsBeginEnd@6
                      ; - java.lang.String::substring@8
                      ; - java.lang.ClassLoader::checkCerts@21
                      ; - java.lang.ClassLoader::preDefineClass@113
                      ; - java.lang.ClassLoader::defineClass@4
  0x0000016628f4b05c: a089 45ff 

  0x0000016628f4b060: ;   {other}
  0x0000016628f4b060: 0f1f 8400 | 501b 001e | ba45 ffff | ff48 8b6c | 2430 448b | 5c24 2c44 | 895c 2428 | 448b 5424 
  0x0000016628f4b080: 4044 8954 | 242c 4489 | 4c24 4890 

  0x0000016628f4b08c: ;   {runtime_call UncommonTrapBlob}
  0x0000016628f4b08c: c5f8 77e8 

  0x0000016628f4b090: ; ImmutableOopMap {rbp=Oop [32]=Oop [56]=Oop [88]=Oop [128]=Oop }
                      ;*ifne {reexecute=1 rethrow=0 return_oop=0}
                      ; - (reexecute) java.lang.ClassLoader::compareCerts@7
                      ; - java.lang.ClassLoader::checkCerts@80
                      ; - java.lang.ClassLoader::preDefineClass@113
                      ; - java.lang.ClassLoader::defineClass@4
  0x0000016628f4b090: 6c89 45ff 

  0x0000016628f4b094: ;   {other}
  0x0000016628f4b094: 0f1f 8400 | 841b 001f | 488b 6c24 | 3044 8b5c | 242c 4489 | 5c24 2844 | 8b54 2440 | 4489 5424 
  0x0000016628f4b0b4: 2c4c 8b54 | 2458 4c89 | 5424 4048 | 8954 2448 | 4c89 7424 | 5844 896c | 2464 ba76 | ffff ff90 
  0x0000016628f4b0d4: ;   {runtime_call UncommonTrapBlob}
  0x0000016628f4b0d4: c5f8 77e8 

  0x0000016628f4b0d8: ; ImmutableOopMap {rbp=Oop [32]=Oop [56]=Oop [64]=Oop [72]=Oop [88]=Oop [128]=Oop }
                      ;*if_icmpge {reexecute=1 rethrow=0 return_oop=0}
                      ; - (reexecute) java.lang.ClassLoader::compareCerts@40
                      ; - java.lang.ClassLoader::checkCerts@80
                      ; - java.lang.ClassLoader::preDefineClass@113
                      ; - java.lang.ClassLoader::defineClass@4
  0x0000016628f4b0d8: 2489 45ff 

  0x0000016628f4b0dc: ;   {other}
  0x0000016628f4b0dc: 0f1f 8400 | cc1b 0020 | 488b 6c24 | 3044 8b5c | 242c 4489 | 5c24 2844 | 8b54 2440 | 4489 5424 
  0x0000016628f4b0fc: 2c4c 8b54 | 2458 4c89 | 5424 4048 | 8954 2448 | 4c89 7424 | 5844 896c | 2464 babe | ffff ff90 
  0x0000016628f4b11c: ;   {runtime_call UncommonTrapBlob}
  0x0000016628f4b11c: c5f8 77e8 

  0x0000016628f4b120: ; ImmutableOopMap {rbp=Oop [32]=Oop [56]=Oop [64]=Oop [72]=Oop [88]=Oop [128]=Oop }
                      ;*if_icmpge {reexecute=1 rethrow=0 return_oop=0}
                      ; - (reexecute) java.lang.ClassLoader::compareCerts@40
                      ; - java.lang.ClassLoader::checkCerts@80
                      ; - java.lang.ClassLoader::preDefineClass@113
                      ; - java.lang.ClassLoader::defineClass@4
  0x0000016628f4b120: dc88 45ff 

  0x0000016628f4b124: ;   {other}
  0x0000016628f4b124: 0f1f 8400 | 141c 0021 | 41b8 0100 | 0000 488b | 6c24 3044 | 8b54 242c | 4489 5424 | 288b 4c24 
  0x0000016628f4b144: 4089 4c24 | 2c4c 8b54 | 2458 4c89 | 5424 4048 | 8954 2448 | 4c89 7424 | 5844 896c | 2460 4489 
  0x0000016628f4b164: 5c24 6444 | 8944 2468 | 4489 4c24 | 6cba 45ff | ffff 6690 

  0x0000016628f4b178: ;   {runtime_call UncommonTrapBlob}
  0x0000016628f4b178: c5f8 77e8 

  0x0000016628f4b17c: ; ImmutableOopMap {rbp=Oop [32]=Oop [56]=Oop [64]=Oop [72]=Oop [88]=Oop [128]=Oop }
                      ;*if_icmpge {reexecute=1 rethrow=0 return_oop=0}
                      ; - (reexecute) java.lang.ClassLoader::compareCerts@67
                      ; - java.lang.ClassLoader::checkCerts@80
                      ; - java.lang.ClassLoader::preDefineClass@113
                      ; - java.lang.ClassLoader::defineClass@4
  0x0000016628f4b17c: 8088 45ff 

  0x0000016628f4b180: ;   {other}
  0x0000016628f4b180: 0f1f 8400 | 701c 0022 | ba45 ffff | ff48 8b6c | 2430 448b | 5c24 2c44 | 895c 2428 | 448b 5424 
  0x0000016628f4b1a0: 4044 8954 | 242c 4489 | 6c24 4844 | 894c 244c 

  0x0000016628f4b1b0: ;   {runtime_call UncommonTrapBlob}
  0x0000016628f4b1b0: c5f8 77e8 

  0x0000016628f4b1b4: ; ImmutableOopMap {rbp=Oop [32]=Oop [56]=Oop [88]=Oop [128]=Oop }
                      ;*if_icmpeq {reexecute=1 rethrow=0 return_oop=0}
                      ; - (reexecute) java.lang.ClassLoader::compareCerts@20
                      ; - java.lang.ClassLoader::checkCerts@80
                      ; - java.lang.ClassLoader::preDefineClass@113
                      ; - java.lang.ClassLoader::defineClass@4
  0x0000016628f4b1b4: 4888 45ff 

  0x0000016628f4b1b8: ;   {other}
  0x0000016628f4b1b8: 0f1f 8400 | a81c 0023 | 4889 7c24 | 6844 8944 | 2444 4889 | 5c24 604c | 896c 2450 | 4889 7424 
  0x0000016628f4b1d8: 484c 8b54 | 2430 4c89 

  0x0000016628f4b1e0: ;   {metadata('java/util/ArrayList')}
  0x0000016628f4b1e0: 5424 2048 | bad0 890b | 3566 0100 | 0066 6690 

  0x0000016628f4b1f0: ;   {runtime_call _new_instance_Java}
  0x0000016628f4b1f0: c5f8 77e8 

  0x0000016628f4b1f4: ; ImmutableOopMap {[32]=Oop [56]=Oop [68]=NarrowOop [72]=Oop [80]=Oop [88]=Oop [96]=Oop [104]=Oop [128]=Oop [136]=NarrowOop }
                      ;*new {reexecute=0 rethrow=0 return_oop=1}
                      ; - java.security.CodeSource::getCertificates@25
                      ; - java.lang.ClassLoader::checkCerts@34
                      ; - java.lang.ClassLoader::preDefineClass@113
                      ; - java.lang.ClassLoader::defineClass@4
  0x0000016628f4b1f4: 8874 50ff 

  0x0000016628f4b1f8: ;   {other}
  0x0000016628f4b1f8: 0f1f 8400 | e81c 0024 | 4c8b 5424 | 204c 8954 | 2430 488b | 7424 484c | 8b6c 2450 | 488b 5c24 
  0x0000016628f4b218: 6044 8b44 | 2444 488b | 7c24 68e9 | 2ff6 ffff | 4889 4c24 | 7048 897c | 2468 4889 | 5c24 6044 
  0x0000016628f4b238: 8b94 2488 | 0000 0044 | 8954 2428 | 4c89 6c24 | 5048 8974 | 2448 4c8b | 5424 304c | 8954 2420 
  0x0000016628f4b258: 488b ac24 | 8000 0000 

  0x0000016628f4b260: ;   {metadata('java/security/cert/Certificate'[])}
  0x0000016628f4b260: 48ba 2029 | 1035 6601 | 0000 4533 | c066 6690 

  0x0000016628f4b270: ;   {runtime_call _new_array_Java}
  0x0000016628f4b270: c5f8 77e8 

  0x0000016628f4b274: ; ImmutableOopMap {rbp=Oop [32]=Oop [40]=NarrowOop [56]=Oop [72]=Oop [80]=Oop [88]=Oop [96]=Oop [104]=Oop [112]=Oop [128]=Oop }
                      ;*anewarray {reexecute=0 rethrow=0 return_oop=1}
                      ; - java.security.CodeSource::getCertificates@70
                      ; - java.lang.ClassLoader::checkCerts@34
                      ; - java.lang.ClassLoader::preDefineClass@113
                      ; - java.lang.ClassLoader::defineClass@4
  0x0000016628f4b274: 88c6 50ff 

  0x0000016628f4b278: ;   {other}
  0x0000016628f4b278: 0f1f 8400 | 681d 0025 | e948 f7ff | ff4c 8944 | 2468 4889 

  0x0000016628f4b28c: ;   {metadata('java/security/cert/Certificate'[])}
  0x0000016628f4b28c: 4c24 3048 | ba20 2910 | 3566 0100 | 0045 8bc1 

  0x0000016628f4b29c: ;   {runtime_call _new_array_Java}
  0x0000016628f4b29c: c5f8 77e8 

  0x0000016628f4b2a0: ; ImmutableOopMap {rbp=Oop [32]=Oop [48]=Oop [56]=Oop [72]=Oop [80]=Oop [88]=Oop [96]=Oop }
                      ;*invokevirtual clone {reexecute=1 rethrow=0 return_oop=1}
                      ; - (reexecute) java.security.CodeSource::getCertificates@86
                      ; - java.lang.ClassLoader::checkCerts@34
                      ; - java.lang.ClassLoader::preDefineClass@113
                      ; - java.lang.ClassLoader::defineClass@4
  0x0000016628f4b2a0: 5cc6 50ff 

  0x0000016628f4b2a4: ;   {other}
  0x0000016628f4b2a4: 0f1f 8400 | 941d 0026 | 488b 4c24 | 304c 8b44 | 2468 488b | d8e9 ccf7 | ffff ba37 | 0100 0049 
  0x0000016628f4b2c4: 8beb 4c8b | 9424 8000 | 0000 4c89 | 5424 204c | 8b54 2438 | 4c89 5424 | 3044 8b5c | 242c 4489 
  0x0000016628f4b2e4: 5c24 2890 

  0x0000016628f4b2e8: ;   {runtime_call UncommonTrapBlob}
  0x0000016628f4b2e8: c5f8 77e8 

  0x0000016628f4b2ec: ; ImmutableOopMap {rbp=Oop [32]=Oop [48]=Oop }
                      ;*new {reexecute=0 rethrow=0 return_oop=0}
                      ; - java.lang.ClassLoader::preDefineClass@56
                      ; - java.lang.ClassLoader::defineClass@4
  0x0000016628f4b2ec: 1087 45ff 

  0x0000016628f4b2f0: ;   {other}
  0x0000016628f4b2f0: 0f1f 8400 | e01d 0027 | bae4 ffff | ff48 8b6c | 2430 4c8b | 5424 384c | 8954 2430 | 448b 5424 
  0x0000016628f4b310: 2c44 8954 | 2428 448b | 5c24 4044 | 895c 242c | 4c8b 5424 | 584c 8954 | 2438 4889 | 7424 404c 
  0x0000016628f4b330: 896c 2448 | 4889 5c24 | 5048 894c | 2468 4489 | 4424 7044 | 894c 2474 

  0x0000016628f4b348: ;   {runtime_call UncommonTrapBlob}
  0x0000016628f4b348: c5f8 77e8 

  0x0000016628f4b34c: ; ImmutableOopMap {rbp=Oop [48]=Oop [56]=Oop [64]=Oop [72]=Oop [80]=Oop [104]=Oop [112]=NarrowOop [128]=Oop [136]=NarrowOop }
                      ;*aaload {reexecute=0 rethrow=0 return_oop=0}
                      ; - java.security.CodeSource::getCertificates@50
                      ; - java.lang.ClassLoader::checkCerts@34
                      ; - java.lang.ClassLoader::preDefineClass@113
                      ; - java.lang.ClassLoader::defineClass@4
  0x0000016628f4b34c: b086 45ff 

  0x0000016628f4b350: ;   {other}
  0x0000016628f4b350: 0f1f 8400 | 401e 0028 | 448b 5c24 | 2c44 895c | 2428 448b | 5c24 4044 | 895c 242c | 4c8b 5424 
  0x0000016628f4b370: 584c 8954 | 2440 4889 | 4424 58ba | deff ffff 

  0x0000016628f4b380: ;   {runtime_call UncommonTrapBlob}
  0x0000016628f4b380: c5f8 77e8 

  0x0000016628f4b384: ; ImmutableOopMap {rbp=Oop [32]=Oop [48]=Oop [56]=Oop [64]=Oop [72]=Oop [88]=Oop [128]=Oop }
                      ;*checkcast {reexecute=0 rethrow=0 return_oop=0}
                      ; - java.lang.ClassLoader::checkCerts@65
                      ; - java.lang.ClassLoader::preDefineClass@113
                      ; - java.lang.ClassLoader::defineClass@4
  0x0000016628f4b384: 7886 45ff 

  0x0000016628f4b388: ;   {other}
  0x0000016628f4b388: 0f1f 8400 | 781e 0029 | 448b 5424 | 2c44 8954 | 2428 8b4c | 2440 894c | 242c 4c8b | 5424 584c 
  0x0000016628f4b3a8: 8954 2440 | 4889 5424 | 5844 894c | 2460 4489 | 5c24 644c | 8974 2470 | 4489 6c24 | 6c44 8944 
  0x0000016628f4b3c8: 2478 4489 | 4424 7cba | 66ff ffff 

  0x0000016628f4b3d4: ;   {runtime_call UncommonTrapBlob}
  0x0000016628f4b3d4: c5f8 77e8 

  0x0000016628f4b3d8: ; ImmutableOopMap {rbp=NarrowOop [32]=Oop [48]=Oop [56]=Oop [64]=Oop [88]=Oop [112]=Oop [120]=NarrowOop [124]=NarrowOop [128]=Oop }
                      ;*instanceof {reexecute=0 rethrow=0 return_oop=0}
                      ; - sun.security.x509.X509CertImpl::getEncodedInternal@1
                      ; - java.security.cert.Certificate::equals@17
                      ; - java.lang.ClassLoader::compareCerts@166
                      ; - java.lang.ClassLoader::checkCerts@80
                      ; - java.lang.ClassLoader::preDefineClass@113
                      ; - java.lang.ClassLoader::defineClass@4
  0x0000016628f4b3d8: 2486 45ff 

  0x0000016628f4b3dc: ;   {other}
  0x0000016628f4b3dc: 0f1f 8400 | cc1e 002a | 488b 6c24 | 304c 8b84 | 2480 0000 | 004c 8944 | 2430 8b4c | 242c 894c 
  0x0000016628f4b3fc: 2428 448b | 4424 4044 | 8944 242c | 4c8b 4424 | 584c 8944 | 2440 4c89 | 7424 5844 | 896c 2460 
  0x0000016628f4b41c: 4489 5c24 | 6448 8954 | 2470 4489 | 4c24 6c89 | 5c24 7844 | 8954 247c | 4489 9424 | 8000 0000 
  0x0000016628f4b43c: ba66 ffff | ff66 6690 

  0x0000016628f4b444: ;   {runtime_call UncommonTrapBlob}
  0x0000016628f4b444: c5f8 77e8 

  0x0000016628f4b448: ; ImmutableOopMap {rbp=Oop [32]=Oop [48]=Oop [56]=Oop [64]=Oop [88]=Oop [112]=Oop [120]=NarrowOop [124]=NarrowOop [128]=NarrowOop }
                      ;*instanceof {reexecute=0 rethrow=0 return_oop=0}
                      ; - sun.security.x509.X509CertImpl::getEncodedInternal@1
                      ; - java.security.cert.Certificate::equals@17
                      ; - java.lang.ClassLoader::compareCerts@81
                      ; - java.lang.ClassLoader::checkCerts@80
                      ; - java.lang.ClassLoader::preDefineClass@113
                      ; - java.lang.ClassLoader::defineClass@4
  0x0000016628f4b448: b485 45ff 

  0x0000016628f4b44c: ;   {other}
  0x0000016628f4b44c: 0f1f 8400 | 3c1f 002b | 4533 d248 | 8b6c 2430 | 488b 8c24 | 8000 0000 | 4889 4c24 | 308b 5c24 
  0x0000016628f4b46c: 2c89 5c24 | 288b 4c24 | 4089 4c24 | 2c48 8b4c | 2458 4889 | 4c24 4048 | 8954 2450 | 4489 4c24 
  0x0000016628f4b48c: 5844 895c | 245c 4489 | 4424 604c | 8974 2468 | 4489 6c24 | 6444 8954 | 2470 c5fa | 1144 2474 
  0x0000016628f4b4ac: 4889 bc24 | 8000 0000 | ba66 ffff | ff66 6690 

  0x0000016628f4b4bc: ;   {runtime_call UncommonTrapBlob}
  0x0000016628f4b4bc: c5f8 77e8 

  0x0000016628f4b4c0: ; ImmutableOopMap {rbp=Oop [32]=Oop [48]=Oop [56]=Oop [64]=Oop [80]=Oop [96]=NarrowOop [104]=Oop [116]=NarrowOop [128]=Oop }
                      ;*instanceof {reexecute=0 rethrow=0 return_oop=0}
                      ; - sun.security.x509.X509CertImpl::getEncodedInternal@1
                      ; - java.security.cert.Certificate::equals@25
                      ; - java.lang.ClassLoader::compareCerts@166
                      ; - java.lang.ClassLoader::checkCerts@80
                      ; - java.lang.ClassLoader::preDefineClass@113
                      ; - java.lang.ClassLoader::defineClass@4
  0x0000016628f4b4c0: 3c85 45ff 

  0x0000016628f4b4c4: ;   {other}
  0x0000016628f4b4c4: 0f1f 8400 | b41f 002c | 4533 c048 | 8b8c 2480 | 0000 0048 | 894c 2448 | 8b5c 242c | 895c 2428 
  0x0000016628f4b4e4: 8b4c 2440 | 894c 242c | 488b 4c24 | 5848 894c | 2440 4c89 | 7424 6044 | 896c 2468 | 4489 5c24 
  0x0000016628f4b504: 6c44 8954 | 2470 4889 | 5424 7844 | 894c 2474 | 4489 8424 | 8000 0000 | c5fa 118c | 2484 0000 
  0x0000016628f4b524: 00ba 66ff | ffff 6690 

  0x0000016628f4b52c: ;   {runtime_call UncommonTrapBlob}
  0x0000016628f4b52c: c5f8 77e8 

  0x0000016628f4b530: ; ImmutableOopMap {rbp=Oop [32]=Oop [48]=Oop [56]=Oop [64]=Oop [72]=Oop [96]=Oop [112]=NarrowOop [120]=Oop [132]=NarrowOop }
                      ;*instanceof {reexecute=0 rethrow=0 return_oop=0}
                      ; - sun.security.x509.X509CertImpl::getEncodedInternal@1
                      ; - java.security.cert.Certificate::equals@25
                      ; - java.lang.ClassLoader::compareCerts@81
                      ; - java.lang.ClassLoader::checkCerts@80
                      ; - java.lang.ClassLoader::preDefineClass@113
                      ; - java.lang.ClassLoader::defineClass@4
  0x0000016628f4b530: cc84 45ff 

  0x0000016628f4b534: ;   {other}
  0x0000016628f4b534: 0f1f 8400 | 2420 002d | bade ffff | ff4c 8b54 | 2438 4c89 | 5424 3044 | 8b5c 2440 | 4489 5c24 
  0x0000016628f4b554: 384c 8b54 | 2458 4c89 | 5424 404c | 8b54 2460 | 4c89 5424 | 5848 8944 | 2460 6690 

  0x0000016628f4b570: ;   {runtime_call UncommonTrapBlob}
  0x0000016628f4b570: c5f8 77e8 

  0x0000016628f4b574: ; ImmutableOopMap {rbp=Oop [32]=Oop [40]=NarrowOop [48]=Oop [64]=Oop [72]=Oop [80]=Oop [88]=Oop [96]=Oop }
                      ;*checkcast {reexecute=0 rethrow=0 return_oop=0}
                      ; - java.security.CodeSource::getCertificates@76
                      ; - java.lang.ClassLoader::checkCerts@34
                      ; - java.lang.ClassLoader::preDefineClass@113
                      ; - java.lang.ClassLoader::defineClass@4
  0x0000016628f4b574: 8884 45ff 

  0x0000016628f4b578: ;   {other}
  0x0000016628f4b578: 0f1f 8400 | 6820 002e | baf6 ffff | ff66 6690 

  0x0000016628f4b588: ;   {runtime_call UncommonTrapBlob}
  0x0000016628f4b588: c5f8 77e8 

  0x0000016628f4b58c: ; ImmutableOopMap {}
                      ;*invokevirtual getCodeSource {reexecute=0 rethrow=0 return_oop=0}
                      ; - java.lang.ClassLoader::defineClassSourceLocation@1
                      ; - java.lang.ClassLoader::defineClass@12
  0x0000016628f4b58c: 7084 45ff 

  0x0000016628f4b590: ;   {other}
  0x0000016628f4b590: 0f1f 8400 | 8020 002f | baf6 ffff | ff66 6690 

  0x0000016628f4b5a0: ;   {runtime_call UncommonTrapBlob}
  0x0000016628f4b5a0: c5f8 77e8 

  0x0000016628f4b5a4: ; ImmutableOopMap {}
                      ;*arraylength {reexecute=0 rethrow=0 return_oop=0}
                      ; - java.lang.String::isEmpty@4
                      ; - java.lang.ClassLoader::checkName@5
                      ; - java.lang.ClassLoader::preDefineClass@1
                      ; - java.lang.ClassLoader::defineClass@4
  0x0000016628f4b5a4: 5884 45ff 

  0x0000016628f4b5a8: ;   {other}
  0x0000016628f4b5a8: 0f1f 8400 | 9820 0030 | baf6 ffff | ff66 6690 

  0x0000016628f4b5b8: ;   {runtime_call UncommonTrapBlob}
  0x0000016628f4b5b8: c5f8 77e8 

  0x0000016628f4b5bc: ; ImmutableOopMap {}
                      ;*arraylength {reexecute=0 rethrow=0 return_oop=0}
                      ; - java.lang.String::length@4
                      ; - java.lang.String::startsWith@6
                      ; - java.lang.String::startsWith@3
                      ; - java.lang.ClassLoader::preDefineClass@43
                      ; - java.lang.ClassLoader::defineClass@4
  0x0000016628f4b5bc: 4084 45ff 

  0x0000016628f4b5c0: ;   {other}
  0x0000016628f4b5c0: 0f1f 8400 | b020 0031 | baf6 ffff | ff66 6690 

  0x0000016628f4b5d0: ;   {runtime_call UncommonTrapBlob}
  0x0000016628f4b5d0: c5f8 77e8 

  0x0000016628f4b5d4: ; ImmutableOopMap {}
                      ;*arraylength {reexecute=0 rethrow=0 return_oop=0}
                      ; - java.lang.StringLatin1::charAt@2
                      ; - java.lang.String::charAt@12
                      ; - java.lang.ClassLoader::checkName@25
                      ; - java.lang.ClassLoader::preDefineClass@1
                      ; - java.lang.ClassLoader::defineClass@4
  0x0000016628f4b5d4: 2884 45ff 

  0x0000016628f4b5d8: ;   {other}
  0x0000016628f4b5d8: 0f1f 8400 | c820 0032 | baf6 ffff | ff66 6690 

  0x0000016628f4b5e8: ;   {runtime_call UncommonTrapBlob}
  0x0000016628f4b5e8: c5f8 77e8 

  0x0000016628f4b5ec: ; ImmutableOopMap {}
                      ;*invokevirtual getCodeSource {reexecute=0 rethrow=0 return_oop=0}
                      ; - java.lang.ClassLoader::preDefineClass@110
                      ; - java.lang.ClassLoader::defineClass@4
  0x0000016628f4b5ec: 1084 45ff 

  0x0000016628f4b5f0: ;   {other}
  0x0000016628f4b5f0: 0f1f 8400 | e020 0033 | baf6 ffff | ff66 6690 

  0x0000016628f4b600: ;   {runtime_call UncommonTrapBlob}
  0x0000016628f4b600: c5f8 77e8 

  0x0000016628f4b604: ; ImmutableOopMap {}
                      ;*arraylength {reexecute=0 rethrow=0 return_oop=0}
                      ; - java.lang.String::length@4
                      ; - java.lang.String::lastIndexOf@3
                      ; - java.lang.ClassLoader::checkCerts@3
                      ; - java.lang.ClassLoader::preDefineClass@113
                      ; - java.lang.ClassLoader::defineClass@4
  0x0000016628f4b604: f883 45ff 

  0x0000016628f4b608: ;   {other}
  0x0000016628f4b608: 0f1f 8400 | f820 0034 | baf6 ffff | ff66 6690 

  0x0000016628f4b618: ;   {runtime_call UncommonTrapBlob}
  0x0000016628f4b618: c5f8 77e8 

  0x0000016628f4b61c: ; ImmutableOopMap {}
                      ;*arraylength {reexecute=0 rethrow=0 return_oop=0}
                      ; - java.lang.String::length@4
                      ; - java.lang.String::substring@1
                      ; - java.lang.ClassLoader::checkCerts@21
                      ; - java.lang.ClassLoader::preDefineClass@113
                      ; - java.lang.ClassLoader::defineClass@4
  0x0000016628f4b61c: e083 45ff 

  0x0000016628f4b620: ;   {other}
  0x0000016628f4b620: 0f1f 8400 | 1021 0035 | baf6 ffff | ff66 6690 

  0x0000016628f4b630: ;   {runtime_call UncommonTrapBlob}
  0x0000016628f4b630: c5f8 77e8 

  0x0000016628f4b634: ; ImmutableOopMap {rbp=NarrowOop }
                      ;*invokevirtual toExternalForm {reexecute=0 rethrow=0 return_oop=0}
                      ; - java.net.URL::toExternalForm@5
                      ; - java.net.URL::toString@1
                      ; - java.lang.ClassLoader::defineClassSourceLocation@22
                      ; - java.lang.ClassLoader::defineClass@12
  0x0000016628f4b634: c883 45ff 

  0x0000016628f4b638: ;   {other}
  0x0000016628f4b638: 0f1f 8400 | 2821 0036 | ba45 ffff | ff48 8b6c | 2430 4c8b | 5c24 384c | 895c 2430 | 448b 5c24 
  0x0000016628f4b658: 2c44 895c | 2428 448b | 4424 4044 | 8944 242c | 4489 5424 | 4466 6690 

  0x0000016628f4b670: ;   {runtime_call UncommonTrapBlob}
  0x0000016628f4b670: c5f8 77e8 

  0x0000016628f4b674: ; ImmutableOopMap {rbp=Oop [48]=Oop [68]=NarrowOop [88]=Oop [128]=Oop }
                      ;*ifnull {reexecute=1 rethrow=0 return_oop=0}
                      ; - (reexecute) java.lang.ClassLoader::defineClassSourceLocation@8
                      ; - java.lang.ClassLoader::defineClass@12
  0x0000016628f4b674: 8883 45ff 

  0x0000016628f4b678: ;   {other}
  0x0000016628f4b678: 0f1f 8400 | 6821 0037 | ba45 ffff | ff48 8b6c | 2430 4c8b | 5424 384c | 8954 2430 | 448b 5c24 
  0x0000016628f4b698: 2c44 895c | 2428 448b | 5424 4044 | 8954 242c | 4c8b 5424 | 584c 8954 | 2438 4889 | 7424 404c 
  0x0000016628f4b6b8: 896c 2448 | 4889 5c24 | 5866 6690 

  0x0000016628f4b6c4: ;   {runtime_call UncommonTrapBlob}
  0x0000016628f4b6c4: c5f8 77e8 

  0x0000016628f4b6c8: ; ImmutableOopMap {rbp=Oop [48]=Oop [56]=Oop [64]=Oop [72]=Oop [88]=Oop [128]=Oop [136]=NarrowOop }
                      ;*ifnull {reexecute=1 rethrow=0 return_oop=0}
                      ; - (reexecute) java.lang.ClassLoader::checkCerts@30
                      ; - java.lang.ClassLoader::preDefineClass@113
                      ; - java.lang.ClassLoader::defineClass@4
  0x0000016628f4b6c8: 3483 45ff 

  0x0000016628f4b6cc: ;   {other}
  0x0000016628f4b6cc: 0f1f 8400 | bc21 0038 | 488b 6c24 | 3044 8b44 | 242c 4489 | 4424 288b | 4c24 4089 | 4c24 2c4c 
  0x0000016628f4b6ec: 8b44 2458 | 4c89 4424 | 404c 8974 | 2458 4489 | 6c24 6044 | 895c 2464 | 4489 5424 | 6848 8954 
  0x0000016628f4b70c: 2470 4489 | 4c24 78ba | 76ff ffff 

  0x0000016628f4b718: ;   {runtime_call UncommonTrapBlob}
  0x0000016628f4b718: c5f8 77e8 

  0x0000016628f4b71c: ; ImmutableOopMap {rbp=Oop [32]=Oop [56]=Oop [64]=Oop [88]=Oop [104]=NarrowOop [112]=Oop [128]=Oop }
                      ;*if_icmpge {reexecute=1 rethrow=0 return_oop=0}
                      ; - (reexecute) java.lang.ClassLoader::compareCerts@67
                      ; - java.lang.ClassLoader::checkCerts@80
                      ; - java.lang.ClassLoader::preDefineClass@113
                      ; - java.lang.ClassLoader::defineClass@4
  0x0000016628f4b71c: e082 45ff 

  0x0000016628f4b720: ;   {other}
  0x0000016628f4b720: 0f1f 8400 | 1022 0039 | 488b 6c24 | 308b 4c24 | 2c89 4c24 | 2844 8b54 | 2440 4489 | 5424 2c4c 
  0x0000016628f4b740: 8b54 2458 | 4c89 5424 | 4048 8954 | 2450 4489 | 4c24 5844 | 895c 245c | 4489 4424 | 604c 8974 
  0x0000016628f4b760: 2468 4489 | 6c24 70ba | 76ff ffff 

  0x0000016628f4b76c: ;   {runtime_call UncommonTrapBlob}
  0x0000016628f4b76c: c5f8 77e8 

  0x0000016628f4b770: ; ImmutableOopMap {rbp=Oop [32]=Oop [56]=Oop [64]=Oop [80]=Oop [96]=NarrowOop [104]=Oop [128]=Oop }
                      ;*if_icmpge {reexecute=1 rethrow=0 return_oop=0}
                      ; - (reexecute) java.lang.ClassLoader::compareCerts@152
                      ; - java.lang.ClassLoader::checkCerts@80
                      ; - java.lang.ClassLoader::preDefineClass@113
                      ; - java.lang.ClassLoader::defineClass@4
  0x0000016628f4b770: 8c82 45ff 

  0x0000016628f4b774: ;   {other}
  0x0000016628f4b774: 0f1f 8400 | 6422 003a | 4533 c048 | 8b6c 2430 | 8b5c 242c | 895c 2428 | 8b4c 2440 | 894c 242c 
  0x0000016628f4b794: 488b 4c24 | 5848 894c | 2440 4c89 | 7424 5844 | 896c 2460 | 4489 5c24 | 6448 8954 | 2470 4489 
  0x0000016628f4b7b4: 4c24 6c44 | 8944 2478 | 4489 5424 | 7cba f4ff | ffff 6690 

  0x0000016628f4b7c8: ;   {runtime_call UncommonTrapBlob}
  0x0000016628f4b7c8: c5f8 77e8 

  0x0000016628f4b7cc: ; ImmutableOopMap {rbp=Oop [32]=Oop [56]=Oop [64]=Oop [88]=Oop [112]=Oop [124]=NarrowOop [128]=Oop }
                      ;*instanceof {reexecute=0 rethrow=0 return_oop=0}
                      ; - java.security.cert.Certificate::equals@8
                      ; - java.lang.ClassLoader::compareCerts@81
                      ; - java.lang.ClassLoader::checkCerts@80
                      ; - java.lang.ClassLoader::preDefineClass@113
                      ; - java.lang.ClassLoader::defineClass@4
  0x0000016628f4b7cc: 3082 45ff 

  0x0000016628f4b7d0: ;   {other}
  0x0000016628f4b7d0: 0f1f 8400 | c022 003b | 4533 d248 | 8b6c 2430 | 8b4c 242c | 894c 2428 | 8b5c 2440 | 895c 242c 
  0x0000016628f4b7f0: 488b 4c24 | 5848 894c | 2440 4889 | 5424 5044 | 894c 2458 | 4489 5c24 | 5c4c 8974 | 2468 4489 
  0x0000016628f4b810: 6c24 6444 | 8954 2470 | 4489 4424 | 74ba f4ff | ffff 6690 

  0x0000016628f4b824: ;   {runtime_call UncommonTrapBlob}
  0x0000016628f4b824: c5f8 77e8 

  0x0000016628f4b828: ; ImmutableOopMap {rbp=Oop [32]=Oop [56]=Oop [64]=Oop [80]=Oop [104]=Oop [116]=NarrowOop [128]=Oop }
                      ;*instanceof {reexecute=0 rethrow=0 return_oop=0}
                      ; - java.security.cert.Certificate::equals@8
                      ; - java.lang.ClassLoader::compareCerts@166
                      ; - java.lang.ClassLoader::checkCerts@80
                      ; - java.lang.ClassLoader::preDefineClass@113
                      ; - java.lang.ClassLoader::defineClass@4
  0x0000016628f4b828: d481 45ff 

  0x0000016628f4b82c: ;   {other}
  0x0000016628f4b82c: 0f1f 8400 | 1c23 003c | baf6 ffff | ff41 8be9 

  0x0000016628f4b83c: ;   {runtime_call UncommonTrapBlob}
  0x0000016628f4b83c: c5f8 77e8 

  0x0000016628f4b840: ; ImmutableOopMap {}
                      ;*aaload {reexecute=0 rethrow=0 return_oop=0}
                      ; - java.security.CodeSource::getCertificates@50
                      ; - java.lang.ClassLoader::checkCerts@34
                      ; - java.lang.ClassLoader::preDefineClass@113
                      ; - java.lang.ClassLoader::defineClass@4
  0x0000016628f4b840: bc81 45ff 

  0x0000016628f4b844: ;   {other}
  0x0000016628f4b844: 0f1f 8400 | 3423 003d | baf6 ffff | ff66 6690 

  0x0000016628f4b854: ;   {runtime_call UncommonTrapBlob}
  0x0000016628f4b854: c5f8 77e8 

  0x0000016628f4b858: ; ImmutableOopMap {}
                      ;*invokevirtual getSignerCertPath {reexecute=0 rethrow=0 return_oop=0}
                      ; - java.security.CodeSource::getCertificates@51
                      ; - java.lang.ClassLoader::checkCerts@34
                      ; - java.lang.ClassLoader::preDefineClass@113
                      ; - java.lang.ClassLoader::defineClass@4
  0x0000016628f4b858: a481 45ff 

  0x0000016628f4b85c: ;   {other}
  0x0000016628f4b85c: 0f1f 8400 | 4c23 003e | baf6 ffff | ff66 6690 

  0x0000016628f4b86c: ;   {runtime_call UncommonTrapBlob}
  0x0000016628f4b86c: c5f8 77e8 

  0x0000016628f4b870: ; ImmutableOopMap {}
                      ;*invokevirtual getCertificates {reexecute=0 rethrow=0 return_oop=0}
                      ; - java.security.CodeSource::getCertificates@54
                      ; - java.lang.ClassLoader::checkCerts@34
                      ; - java.lang.ClassLoader::preDefineClass@113
                      ; - java.lang.ClassLoader::defineClass@4
  0x0000016628f4b870: 8c81 45ff 

  0x0000016628f4b874: ;   {other}
  0x0000016628f4b874: 0f1f 8400 | 6423 003f | baf6 ffff | ff66 6690 

  0x0000016628f4b884: ;   {runtime_call UncommonTrapBlob}
  0x0000016628f4b884: c5f8 77e8 

  0x0000016628f4b888: ; ImmutableOopMap {}
                      ;*arraylength {reexecute=0 rethrow=0 return_oop=0}
                      ; - java.security.CodeSource::getCertificates@40
                      ; - java.lang.ClassLoader::checkCerts@34
                      ; - java.lang.ClassLoader::preDefineClass@113
                      ; - java.lang.ClassLoader::defineClass@4
  0x0000016628f4b888: 7481 45ff 

  0x0000016628f4b88c: ;   {other}
  0x0000016628f4b88c: 0f1f 8400 | 7c23 0040 | ba97 ffff | ff48 8b6c | 2430 4c8b | 5424 384c | 8954 2430 | 448b 5c24 
  0x0000016628f4b8ac: 4044 895c | 2438 4c8b | 5424 584c | 8954 2440 

  0x0000016628f4b8bc: ;   {runtime_call UncommonTrapBlob}
  0x0000016628f4b8bc: c5f8 77e8 

  0x0000016628f4b8c0: ; ImmutableOopMap {rbp=Oop [40]=NarrowOop [48]=Oop [64]=Oop [72]=Oop [80]=Oop [96]=Oop [128]=Oop }
                      ;*invokevirtual clone {reexecute=1 rethrow=0 return_oop=0}
                      ; - (reexecute) java.security.CodeSource::getCertificates@11
                      ; - java.lang.ClassLoader::checkCerts@34
                      ; - java.lang.ClassLoader::preDefineClass@113
                      ; - java.lang.ClassLoader::defineClass@4
  0x0000016628f4b8c0: 3c81 45ff 

  0x0000016628f4b8c4: ;   {other}
  0x0000016628f4b8c4: 0f1f 8400 | b423 0041 | ba97 ffff | ff48 8b6c | 2430 4c8b | 5424 384c | 8954 2430 

  0x0000016628f4b8e0: ;   {runtime_call UncommonTrapBlob}
  0x0000016628f4b8e0: c5f8 77e8 

  0x0000016628f4b8e4: ; ImmutableOopMap {rbp=Oop [32]=Oop [40]=NarrowOop [48]=Oop [68]=NarrowOop [72]=Oop [80]=Oop [88]=Oop [96]=Oop }
                      ;*invokevirtual clone {reexecute=1 rethrow=0 return_oop=0}
                      ; - (reexecute) java.util.Arrays::copyOfRange@18
                      ; - java.lang.StringLatin1::newString@16
                      ; - java.lang.String::substring@41
                      ; - java.lang.ClassLoader::checkCerts@21
                      ; - java.lang.ClassLoader::preDefineClass@113
                      ; - java.lang.ClassLoader::defineClass@4
  0x0000016628f4b8e4: 1881 45ff 

  0x0000016628f4b8e8: ;   {other}
  0x0000016628f4b8e8: 0f1f 8400 | d823 0042 | baf4 ffff | ff4c 8b54 | 2438 4c89 | 5424 3044 | 8b54 2440 | 4489 5424 
  0x0000016628f4b908: 384c 8b54 | 2458 4c89 | 5424 4090 

  0x0000016628f4b914: ;   {runtime_call UncommonTrapBlob}
  0x0000016628f4b914: c5f8 77e8 

  0x0000016628f4b918: ; ImmutableOopMap {rbp=Oop [32]=Oop [40]=NarrowOop [48]=Oop [64]=Oop [72]=Oop [80]=Oop [96]=Oop }
                      ;*checkcast {reexecute=0 rethrow=0 return_oop=0}
                      ; - java.security.CodeSource::getCertificates@76
                      ; - java.lang.ClassLoader::checkCerts@34
                      ; - java.lang.ClassLoader::preDefineClass@113
                      ; - java.lang.ClassLoader::defineClass@4
  0x0000016628f4b918: e480 45ff 

  0x0000016628f4b91c: ;   {other}
  0x0000016628f4b91c: 0f1f 8400 | 0c24 0043 | ba97 ffff | ff44 8b5c | 242c 4489 | 5c24 2844 | 8b54 2440 | 4489 5424 
  0x0000016628f4b93c: 2c4c 8b54 | 2458 4c89 | 5424 4090 

  0x0000016628f4b948: ;   {runtime_call UncommonTrapBlob}
  0x0000016628f4b948: c5f8 77e8 

  0x0000016628f4b94c: ; ImmutableOopMap {rbp=Oop [32]=Oop [48]=Oop [56]=Oop [64]=Oop [72]=Oop [80]=Oop [96]=Oop }
                      ;*invokevirtual clone {reexecute=1 rethrow=0 return_oop=0}
                      ; - (reexecute) java.security.CodeSource::getCertificates@86
                      ; - java.lang.ClassLoader::checkCerts@34
                      ; - java.lang.ClassLoader::preDefineClass@113
                      ; - java.lang.ClassLoader::defineClass@4
  0x0000016628f4b94c: b080 45ff 

  0x0000016628f4b950: ;   {other}
  0x0000016628f4b950: 0f1f 8400 | 4024 0044 | eb18 eb16 | 488b d0eb | 3948 8bd0 | eb34 eb0a | 488b d0eb | 2d48 8bd0 
  0x0000016628f4b970: eb28 488b | d0eb 2348 | 8bd0 eb1e | 488b d0eb | 1948 8bd0 | eb14 eb0f | 488b d0eb | 0d48 8bd0 
  0x0000016628f4b990: eb08 488b | d0eb 0348 | 8bd0 c5f8 | 7748 81c4 | b000 0000 

  0x0000016628f4b9a4: ;   {runtime_call _rethrow_Java}
  0x0000016628f4b9a4: 5de9 56e9 

  0x0000016628f4b9a8: ;   {internal_word}
  0x0000016628f4b9a8: 50ff 49ba | b29e f428 | 6601 0000 | 4d89 9768 

  0x0000016628f4b9b8: ;   {runtime_call SafepointBlob}
  0x0000016628f4b9b8: 0400 00e9 | 4091 45ff 

  0x0000016628f4b9c0: ;   {runtime_call StubRoutines (final stubs)}
  0x0000016628f4b9c0: e81b d043 | ffe9 f4de | ffff f4f4 | f4f4 f4f4 
[Stub Code]
  0x0000016628f4b9d0: ;   {no_reloc}
  0x0000016628f4b9d0: 48bb 0000 | 0000 0000 

  0x0000016628f4b9d8: ;   {runtime_call nmethod}
  0x0000016628f4b9d8: 0000 e9fb 

  0x0000016628f4b9dc: ;   {static_stub}
  0x0000016628f4b9dc: ffff ff48 | bb00 0000 | 0000 0000 

  0x0000016628f4b9e8: ;   {runtime_call nmethod}
  0x0000016628f4b9e8: 00e9 fbff 

  0x0000016628f4b9ec: ;   {static_stub}
  0x0000016628f4b9ec: ffff 48bb | 0000 0000 | 0000 0000 

  0x0000016628f4b9f8: ;   {runtime_call nmethod}
  0x0000016628f4b9f8: e9fb ffff 

  0x0000016628f4b9fc: ;   {static_stub}
  0x0000016628f4b9fc: ff48 bb00 | 0000 0000 

  0x0000016628f4ba04: ;   {runtime_call nmethod}
  0x0000016628f4ba04: 0000 00e9 | fbff ffff 

  0x0000016628f4ba0c: ;   {static_stub}
  0x0000016628f4ba0c: 48bb 0000 | 0000 0000 

  0x0000016628f4ba14: ;   {runtime_call nmethod}
  0x0000016628f4ba14: 0000 e9fb 

  0x0000016628f4ba18: ;   {static_stub}
  0x0000016628f4ba18: ffff ff48 | bb00 0000 | 0000 0000 

  0x0000016628f4ba24: ;   {runtime_call nmethod}
  0x0000016628f4ba24: 00e9 fbff 

  0x0000016628f4ba28: ;   {static_stub}
  0x0000016628f4ba28: ffff 48bb | 0000 0000 | 0000 0000 

  0x0000016628f4ba34: ;   {runtime_call nmethod}
  0x0000016628f4ba34: e9fb ffff 

  0x0000016628f4ba38: ;   {static_stub}
  0x0000016628f4ba38: ff48 bb00 | 0000 0000 

  0x0000016628f4ba40: ;   {runtime_call nmethod}
  0x0000016628f4ba40: 0000 00e9 | fbff ffff 

  0x0000016628f4ba48: ;   {static_stub}
  0x0000016628f4ba48: 48bb 0000 | 0000 0000 

  0x0000016628f4ba50: ;   {runtime_call nmethod}
  0x0000016628f4ba50: 0000 e9fb 

  0x0000016628f4ba54: ;   {static_stub}
  0x0000016628f4ba54: ffff ff48 | bb00 0000 | 0000 0000 

  0x0000016628f4ba60: ;   {runtime_call nmethod}
  0x0000016628f4ba60: 00e9 fbff 

  0x0000016628f4ba64: ;   {static_stub}
  0x0000016628f4ba64: ffff 48bb | 0000 0000 | 0000 0000 

  0x0000016628f4ba70: ;   {runtime_call nmethod}
  0x0000016628f4ba70: e9fb ffff 

  0x0000016628f4ba74: ;   {runtime_call ExceptionBlob}
  0x0000016628f4ba74: ffe9 8650 | 47ff e800 | 0000 0048 | 832c 2405 

  0x0000016628f4ba84: ;   {runtime_call DeoptimizationBlob}
  0x0000016628f4ba84: e917 8345 | fff4 f4f4 | f4f4 f4f4 
[/MachCode]


Compiled method (c1) 140807 6761       3       java.lang.ClassLoader::defineClass (11 bytes)
 total in heap  [0x0000016621bbd790,0x0000016621bbdb00] = 880
 relocation     [0x0000016621bbd8f0,0x0000016621bbd930] = 64
 main code      [0x0000016621bbd940,0x0000016621bbda48] = 264
 stub code      [0x0000016621bbda48,0x0000016621bbda88] = 64
 metadata       [0x0000016621bbda88,0x0000016621bbda90] = 8
 scopes data    [0x0000016621bbda90,0x0000016621bbdab8] = 40
 scopes pcs     [0x0000016621bbdab8,0x0000016621bbdaf8] = 64
 dependencies   [0x0000016621bbdaf8,0x0000016621bbdb00] = 8

[Constant Pool (empty)]

[MachCode]
[Entry Point]
  # {method} {0x0000016635434f60} 'defineClass' '(Ljava/lang/String;[BII)Ljava/lang/Class;' in 'java/lang/ClassLoader'
  # this:     rdx:rdx   = 'java/lang/ClassLoader'
  # parm0:    r8:r8     = 'java/lang/String'
  # parm1:    r9:r9     = '[B'
  # parm2:    rdi       = int
  # parm3:    rsi       = int
  #           [sp+0x50]  (sp of caller)
  0x0000016621bbd940: 448b 5208 | 49bb 0000 | 0035 6601 | 0000 4d03 | d34c 3bd0 

  0x0000016621bbd954: ;   {runtime_call ic_miss_stub}
  0x0000016621bbd954: 0f85 260b | 7e06 660f | 1f44 0000 
[Verified Entry Point]
  0x0000016621bbd960: 8984 2400 | 80ff ff55 | 4883 ec40 | 4181 7f20 | 0500 0000 

  0x0000016621bbd974: ;   {runtime_call StubRoutines (final stubs)}
  0x0000016621bbd974: 7405 e865 

  0x0000016621bbd978: ;   {metadata(method data for {method} {0x0000016635434f60} 'defineClass' '(Ljava/lang/String;[BII)Ljava/lang/Class;' in 'java/lang/ClassLoader')}
  0x0000016621bbd978: b07c 0648 | b990 1a1c | 7b66 0100 | 008b 99cc | 0000 0083 | c302 8999 | cc00 0000 | 81e3 fe07 
  0x0000016621bbd998: 0000 85db | 0f84 4500 | 0000 488b 

  0x0000016621bbd9a4: ;   {metadata(method data for {method} {0x0000016635434f60} 'defineClass' '(Ljava/lang/String;[BII)Ljava/lang/Class;' in 'java/lang/ClassLoader')}
  0x0000016621bbd9a4: ca48 bb90 | 1a1c 7b66 | 0100 0048 | 8383 1001 

  0x0000016621bbd9b4: ;   {oop(nullptr)}
  0x0000016621bbd9b4: 0000 0148 | b900 0000 | 0000 0000 | 0066 0f1f 

  0x0000016621bbd9c4: ;   {optimized virtual_call}
  0x0000016621bbd9c4: 4400 00e8 

  0x0000016621bbd9c8: ; ImmutableOopMap {}
                      ;*invokevirtual defineClass {reexecute=0 rethrow=0 return_oop=0}
                      ; - java.lang.ClassLoader::defineClass@7
  0x0000016621bbd9c8: d4be 3807 

  0x0000016621bbd9cc: ;   {other}
  0x0000016621bbd9cc: 0f1f 8400 | 3c02 0000 | 4883 c440 

  0x0000016621bbd9d8: ;   {poll_return}
  0x0000016621bbd9d8: 5d49 3ba7 | 5004 0000 | 0f87 1f00 

  0x0000016621bbd9e4: ;   {metadata({method} {0x0000016635434f60} 'defineClass' '(Ljava/lang/String;[BII)Ljava/lang/Class;' in 'java/lang/ClassLoader')}
  0x0000016621bbd9e4: 0000 c349 | ba58 4f43 | 3566 0100 | 004c 8954 | 2408 48c7 | 0424 ffff 

  0x0000016621bbd9fc: ;   {runtime_call counter_overflow Runtime1 stub}
  0x0000016621bbd9fc: ffff e8fd 

  0x0000016621bbda00: ; ImmutableOopMap {rdx=Oop r8=Oop r9=Oop }
                      ;*synchronization entry
                      ; - java.lang.ClassLoader::defineClass@-1
  0x0000016621bbda00: 6289 06eb 

  0x0000016621bbda04: ;   {internal_word}
  0x0000016621bbda04: 9d49 bad9 | d9bb 2166 | 0100 004d | 8997 6804 

  0x0000016621bbda14: ;   {runtime_call SafepointBlob}
  0x0000016621bbda14: 0000 e9e5 | 707e 0649 | 8b87 0005 | 0000 49c7 | 8700 0500 | 0000 0000 | 0049 c787 | 0805 0000 
  0x0000016621bbda34: 0000 0000 | 4883 c440 

  0x0000016621bbda3c: ;   {runtime_call unwind_exception Runtime1 stub}
  0x0000016621bbda3c: 5de9 be2a | 8006 f4f4 | f4f4 f4f4 
[Stub Code]
  0x0000016621bbda48: ;   {no_reloc}
  0x0000016621bbda48: 48bb 0000 | 0000 0000 

  0x0000016621bbda50: ;   {runtime_call nmethod}
  0x0000016621bbda50: 0000 e9fb 

  0x0000016621bbda54: ;   {runtime_call handle_exception_from_callee Runtime1 stub}
  0x0000016621bbda54: ffff ffe8 | a40f 8906 

  0x0000016621bbda5c: ;   {external_word}
  0x0000016621bbda5c: 48b9 5063 | 4e7f fd7f | 0000 4883 

  0x0000016621bbda68: ;   {runtime_call}
  0x0000016621bbda68: e4f0 48b8 | c0c9 107f | fd7f 0000 

  0x0000016621bbda74: ;   {section_word}
  0x0000016621bbda74: ffd0 f449 | ba77 dabb | 2166 0100 

  0x0000016621bbda80: ;   {runtime_call DeoptimizationBlob}
  0x0000016621bbda80: 0041 52e9 | 1863 7e06 
[/MachCode]


---------------  P R O C E S S  ---------------

Threads class SMR info:
_java_thread_list=0x000001667de6b010, length=48, elements={
0x000001661dd04470, 0x000001661dc9afa0, 0x0000016676b24f60, 0x0000016676b2ba30,
0x0000016676b2ea80, 0x0000016676b316c0, 0x0000016676b34a00, 0x0000016676b3e760,
0x000001661dcae2b0, 0x0000016676d56390, 0x0000016676dcd4e0, 0x000001667d072170,
0x000001667d057d40, 0x0000016678941b40, 0x0000016678429480, 0x0000016676e3dff0,
0x000001667d11cf80, 0x00000166787822c0, 0x000001667d7be700, 0x000001667d7be070,
0x000001667d7bfab0, 0x000001667d7bed90, 0x000001667d7bf420, 0x000001667d7c0140,
0x000001667d7c07d0, 0x000001667d7c14f0, 0x00000166016bcf10, 0x00000166016bae40,
0x00000166016bc880, 0x00000166016bb4d0, 0x00000166016bd5a0, 0x00000166016ba120,
0x00000166016bc1f0, 0x00000166016ba7b0, 0x00000166016bdc30, 0x00000166016be2c0,
0x00000166016be950, 0x00000166016befe0, 0x00000166016bbb60, 0x00000166016bf670,
0x00000166016c10b0, 0x00000166016c1740, 0x00000166016bfd00, 0x00000166016c0390,
0x0000016601d211c0, 0x0000016601d22c00, 0x0000016601d23fb0, 0x0000016601d20b30
}

Java Threads: ( => current thread )
  0x000001661dd04470 JavaThread "main"                              [_thread_blocked, id=25320, stack(0x0000005bd4900000,0x0000005bd4a00000) (1024K)]
  0x000001661dc9afa0 JavaThread "Reference Handler"          daemon [_thread_blocked, id=33236, stack(0x0000005bd4d00000,0x0000005bd4e00000) (1024K)]
  0x0000016676b24f60 JavaThread "Finalizer"                  daemon [_thread_blocked, id=34912, stack(0x0000005bd4e00000,0x0000005bd4f00000) (1024K)]
  0x0000016676b2ba30 JavaThread "Signal Dispatcher"          daemon [_thread_blocked, id=20048, stack(0x0000005bd4f00000,0x0000005bd5000000) (1024K)]
  0x0000016676b2ea80 JavaThread "Attach Listener"            daemon [_thread_blocked, id=24196, stack(0x0000005bd5000000,0x0000005bd5100000) (1024K)]
  0x0000016676b316c0 JavaThread "Service Thread"             daemon [_thread_blocked, id=34468, stack(0x0000005bd5100000,0x0000005bd5200000) (1024K)]
  0x0000016676b34a00 JavaThread "Monitor Deflation Thread"   daemon [_thread_blocked, id=31036, stack(0x0000005bd5200000,0x0000005bd5300000) (1024K)]
  0x0000016676b3e760 JavaThread "C2 CompilerThread0"         daemon [_thread_blocked, id=26164, stack(0x0000005bd5300000,0x0000005bd5400000) (1024K)]
  0x000001661dcae2b0 JavaThread "C1 CompilerThread0"         daemon [_thread_in_vm, id=16016, stack(0x0000005bd5400000,0x0000005bd5500000) (1024K)]
  0x0000016676d56390 JavaThread "Common-Cleaner"             daemon [_thread_blocked, id=34776, stack(0x0000005bd5700000,0x0000005bd5800000) (1024K)]
  0x0000016676dcd4e0 JavaThread "Notification Thread"        daemon [_thread_blocked, id=25172, stack(0x0000005bd5800000,0x0000005bd5900000) (1024K)]
  0x000001667d072170 JavaThread "Active Thread: Equinox Container: 5fdacbdc-95b6-465d-9f13-f4d70e574f0a"        [_thread_blocked, id=12548, stack(0x0000005bd5f00000,0x0000005bd6000000) (1024K)]
  0x000001667d057d40 JavaThread "Refresh Thread: Equinox Container: 5fdacbdc-95b6-465d-9f13-f4d70e574f0a" daemon [_thread_blocked, id=13544, stack(0x0000005bd6200000,0x0000005bd6300000) (1024K)]
  0x0000016678941b40 JavaThread "Framework Event Dispatcher: Equinox Container: 5fdacbdc-95b6-465d-9f13-f4d70e574f0a" daemon [_thread_blocked, id=30308, stack(0x0000005bd6100000,0x0000005bd6200000) (1024K)]
  0x0000016678429480 JavaThread "Start Level: Equinox Container: 5fdacbdc-95b6-465d-9f13-f4d70e574f0a" daemon [_thread_blocked, id=30912, stack(0x0000005bd6300000,0x0000005bd6400000) (1024K)]
  0x0000016676e3dff0 JavaThread "Bundle File Closer"         daemon [_thread_blocked, id=34672, stack(0x0000005bd6600000,0x0000005bd6700000) (1024K)]
  0x000001667d11cf80 JavaThread "SCR Component Actor"        daemon [_thread_blocked, id=25108, stack(0x0000005bd6400000,0x0000005bd6500000) (1024K)]
  0x00000166787822c0 JavaThread "Worker-JM"                         [_thread_blocked, id=18388, stack(0x0000005bd6500000,0x0000005bd6600000) (1024K)]
  0x000001667d7be700 JavaThread "JNA Cleaner"                daemon [_thread_blocked, id=6212, stack(0x0000005bd6e00000,0x0000005bd6f00000) (1024K)]
  0x000001667d7be070 JavaThread "Worker-0"                          [_thread_blocked, id=16380, stack(0x0000005bd6f00000,0x0000005bd7000000) (1024K)]
  0x000001667d7bfab0 JavaThread "Worker-1: Initialize workspace"        [_thread_blocked, id=34252, stack(0x0000005bd5500000,0x0000005bd5600000) (1024K)]
  0x000001667d7bed90 JavaThread "Worker-2"                          [_thread_blocked, id=33852, stack(0x0000005bd7100000,0x0000005bd7200000) (1024K)]
=>0x000001667d7bf420 JavaThread "Java indexing"              daemon [_thread_in_vm, id=23884, stack(0x0000005bd7300000,0x0000005bd7400000) (1024K)]
  0x000001667d7c0140 JavaThread "Worker-3: Initialize Workspace"        [_thread_blocked, id=2556, stack(0x0000005bd7400000,0x0000005bd7500000) (1024K)]
  0x000001667d7c07d0 JavaThread "Worker-4: Java indexing... "        [_thread_blocked, id=35012, stack(0x0000005bd7c00000,0x0000005bd7d00000) (1024K)]
  0x000001667d7c14f0 JavaThread "Worker-5"                          [_thread_blocked, id=30612, stack(0x0000005bd7d00000,0x0000005bd7e00000) (1024K)]
  0x00000166016bcf10 JavaThread "Thread-1"                   daemon [_thread_in_native, id=33844, stack(0x0000005bd7e00000,0x0000005bd7f00000) (1024K)]
  0x00000166016bae40 JavaThread "Thread-2"                   daemon [_thread_in_native, id=23648, stack(0x0000005bd7f00000,0x0000005bd8000000) (1024K)]
  0x00000166016bc880 JavaThread "Thread-3"                   daemon [_thread_in_native, id=34936, stack(0x0000005bd8000000,0x0000005bd8100000) (1024K)]
  0x00000166016bb4d0 JavaThread "Thread-4"                   daemon [_thread_in_native, id=34436, stack(0x0000005bd8100000,0x0000005bd8200000) (1024K)]
  0x00000166016bd5a0 JavaThread "Thread-5"                   daemon [_thread_in_native, id=33076, stack(0x0000005bd8200000,0x0000005bd8300000) (1024K)]
  0x00000166016ba120 JavaThread "Thread-6"                   daemon [_thread_in_native, id=22728, stack(0x0000005bd8300000,0x0000005bd8400000) (1024K)]
  0x00000166016bc1f0 JavaThread "Thread-7"                   daemon [_thread_in_native, id=25464, stack(0x0000005bd8400000,0x0000005bd8500000) (1024K)]
  0x00000166016ba7b0 JavaThread "Thread-8"                   daemon [_thread_in_native, id=25344, stack(0x0000005bd8500000,0x0000005bd8600000) (1024K)]
  0x00000166016bdc30 JavaThread "Thread-9"                   daemon [_thread_in_native, id=25780, stack(0x0000005bd8600000,0x0000005bd8700000) (1024K)]
  0x00000166016be2c0 JavaThread "Thread-10"                  daemon [_thread_in_native, id=26320, stack(0x0000005bd8700000,0x0000005bd8800000) (1024K)]
  0x00000166016be950 JavaThread "Thread-11"                  daemon [_thread_in_native, id=34192, stack(0x0000005bd8800000,0x0000005bd8900000) (1024K)]
  0x00000166016befe0 JavaThread "Thread-12"                  daemon [_thread_in_native, id=34424, stack(0x0000005bd8900000,0x0000005bd8a00000) (1024K)]
  0x00000166016bbb60 JavaThread "Thread-13"                  daemon [_thread_in_native, id=18764, stack(0x0000005bd8a00000,0x0000005bd8b00000) (1024K)]
  0x00000166016bf670 JavaThread "Thread-14"                  daemon [_thread_in_native, id=30324, stack(0x0000005bd8b00000,0x0000005bd8c00000) (1024K)]
  0x00000166016c10b0 JavaThread "Thread-15"                  daemon [_thread_in_native, id=30708, stack(0x0000005bd8c00000,0x0000005bd8d00000) (1024K)]
  0x00000166016c1740 JavaThread "Thread-16"                  daemon [_thread_in_native, id=29748, stack(0x0000005bd8d00000,0x0000005bd8e00000) (1024K)]
  0x00000166016bfd00 JavaThread "Thread-17"                  daemon [_thread_in_native, id=26200, stack(0x0000005bd8e00000,0x0000005bd8f00000) (1024K)]
  0x00000166016c0390 JavaThread "pool-2-thread-1"                   [_thread_blocked, id=34612, stack(0x0000005bd8f00000,0x0000005bd9000000) (1024K)]
  0x0000016601d211c0 JavaThread "WorkspaceEventsHandler"            [_thread_blocked, id=8820, stack(0x0000005bd9000000,0x0000005bd9100000) (1024K)]
  0x0000016601d22c00 JavaThread "pool-1-thread-1"                   [_thread_blocked, id=33912, stack(0x0000005bd9100000,0x0000005bd9200000) (1024K)]
  0x0000016601d23fb0 JavaThread "Timer-0"                           [_thread_blocked, id=6760, stack(0x0000005bd7500000,0x0000005bd7600000) (1024K)]
  0x0000016601d20b30 JavaThread "Worker-6"                          [_thread_blocked, id=33396, stack(0x0000005bd7600000,0x0000005bd7700000) (1024K)]
Total: 48

Other Threads:
  0x000001661dc92510 VMThread "VM Thread"                           [id=24640, stack(0x0000005bd4c00000,0x0000005bd4d00000) (1024K)]
  0x000001661ba36350 WatcherThread "VM Periodic Task Thread"        [id=24404, stack(0x0000005bd4b00000,0x0000005bd4c00000) (1024K)]
  0x000001661dd22950 WorkerThread "GC Thread#0"                     [id=25200, stack(0x0000005bd4a00000,0x0000005bd4b00000) (1024K)]
  0x0000016678436a30 WorkerThread "GC Thread#1"                     [id=10416, stack(0x0000005bd5900000,0x0000005bd5a00000) (1024K)]
  0x000001667d085230 WorkerThread "GC Thread#2"                     [id=24116, stack(0x0000005bd5a00000,0x0000005bd5b00000) (1024K)]
  0x000001667d0855e0 WorkerThread "GC Thread#3"                     [id=4656, stack(0x0000005bd5b00000,0x0000005bd5c00000) (1024K)]
  0x00000166788ff1d0 WorkerThread "GC Thread#4"                     [id=6660, stack(0x0000005bd5c00000,0x0000005bd5d00000) (1024K)]
  0x00000166788ff580 WorkerThread "GC Thread#5"                     [id=8356, stack(0x0000005bd5d00000,0x0000005bd5e00000) (1024K)]
  0x000001667d02f890 WorkerThread "GC Thread#6"                     [id=23328, stack(0x0000005bd5e00000,0x0000005bd5f00000) (1024K)]
  0x000001667d2e0470 WorkerThread "GC Thread#7"                     [id=11444, stack(0x0000005bd6000000,0x0000005bd6100000) (1024K)]
  0x000001667d522ff0 WorkerThread "GC Thread#8"                     [id=3560, stack(0x0000005bd6700000,0x0000005bd6800000) (1024K)]
  0x000001667851ac50 WorkerThread "GC Thread#9"                     [id=20472, stack(0x0000005bd6800000,0x0000005bd6900000) (1024K)]
  0x000001667d38c890 WorkerThread "GC Thread#10"                    [id=25088, stack(0x0000005bd6900000,0x0000005bd6a00000) (1024K)]
  0x000001667d59c8d0 WorkerThread "GC Thread#11"                    [id=30152, stack(0x0000005bd6a00000,0x0000005bd6b00000) (1024K)]
  0x000001667d59cc80 WorkerThread "GC Thread#12"                    [id=23824, stack(0x0000005bd6b00000,0x0000005bd6c00000) (1024K)]
Total: 15

Threads with active compile tasks:
C1 CompilerThread0  141563 10058       3       org.eclipse.jdt.ls.core.internal.handlers.ProgressReporterManager$ProgressReporter::subTask (40 bytes)
Total: 1

VM state: not at safepoint (normal execution)

VM Mutex/Monitor currently owned by a thread:  ([mutex/lock_event])
[0x00007ffd7f79d530] Metaspace_lock - owner thread: 0x000001667d7bf420

Heap address: 0x0000000080000000, size: 2048 MB, Compressed Oops mode: 32-bit

CDS archive(s) mapped at: [0x0000016635000000-0x0000016635ba0000-0x0000016635ba0000), size 12189696, SharedBaseAddress: 0x0000016635000000, ArchiveRelocationMode: 1.
Compressed class space mapped at: 0x0000016636000000-0x0000016676000000, reserved size: 1073741824
Narrow klass base: 0x0000016635000000, Narrow klass shift: 0, Narrow klass range: 0x100000000

GC Precious Log:
 CardTable entry size: 512
 CPUs: 16 total, 16 available
 Memory: 16066M
 Large Page Support: Disabled
 NUMA Support: Disabled
 Compressed Oops: Enabled (32-bit)
 Alignments: Space 512K, Generation 512K, Heap 2M
 Heap Min Capacity: 100M
 Heap Initial Capacity: 100M
 Heap Max Capacity: 2G
 Pre-touch: Disabled
 Parallel Workers: 13

Heap:
 PSYoungGen      total 2560K, used 881K [0x00000000d5580000, 0x00000000d5900000, 0x0000000100000000)
  eden space 2048K, 30% used [0x00000000d5580000,0x00000000d561c4d0,0x00000000d5780000)
  from space 512K, 50% used [0x00000000d5800000,0x00000000d5840000,0x00000000d5880000)
  to   space 512K, 0% used [0x00000000d5880000,0x00000000d5880000,0x00000000d5900000)
 ParOldGen       total 679424K, used 678975K [0x0000000080000000, 0x00000000a9780000, 0x00000000d5580000)
  object space 679424K, 99% used [0x0000000080000000,0x00000000a970fc50,0x00000000a9780000)
 Metaspace       used 65022K, committed 66432K, reserved 1114112K
  class space    used 7612K, committed 8256K, reserved 1048576K

Card table byte_map: [0x000001661d6a0000,0x000001661dab0000] _byte_map_base: 0x000001661d2a0000

Marking Bits: (ParMarkBitMap*) 0x00007ffd7f7a44a0
 Begin Bits: [0x00000166301b0000, 0x00000166321b0000)
 End Bits:   [0x00000166321b0000, 0x00000166341b0000)

Polling page: 0x000001661bbd0000

Metaspace:

Usage:
  Non-class:     56.06 MB used.
      Class:      7.43 MB used.
       Both:     63.50 MB used.

Virtual space:
  Non-class space:       64.00 MB reserved,      56.81 MB ( 89%) committed,  1 nodes.
      Class space:        1.00 GB reserved,       8.06 MB ( <1%) committed,  1 nodes.
             Both:        1.06 GB reserved,      64.88 MB (  6%) committed. 

Chunk freelists:
   Non-Class:  6.45 MB
       Class:  7.92 MB
        Both:  14.38 MB

MaxMetaspaceSize: unlimited
CompressedClassSpaceSize: 1.00 GB
Initial GC threshold: 21.00 MB
Current GC threshold: 107.19 MB
CDS: on
 - commit_granule_bytes: 65536.
 - commit_granule_words: 8192.
 - virtual_space_node_default_size: 8388608.
 - enlarge_chunks_in_place: 1.
 - use_allocation_guard: 0.


Internal statistics:

num_allocs_failed_limit: 11.
num_arena_births: 1058.
num_arena_deaths: 14.
num_vsnodes_births: 2.
num_vsnodes_deaths: 0.
num_space_committed: 1038.
num_space_uncommitted: 0.
num_chunks_returned_to_freelist: 25.
num_chunks_taken_from_freelist: 3782.
num_chunk_merges: 15.
num_chunk_splits: 2384.
num_chunks_enlarged: 1421.
num_inconsistent_stats: 0.

CodeHeap 'non-profiled nmethods': size=119168Kb used=8068Kb max_used=8068Kb free=111099Kb
 bounds [0x0000016628aa0000, 0x0000016629290000, 0x000001662ff00000]
CodeHeap 'profiled nmethods': size=119104Kb used=17807Kb max_used=18397Kb free=101296Kb
 bounds [0x0000016620f00000, 0x00000166221b0000, 0x0000016628350000]
CodeHeap 'non-nmethods': size=7488Kb used=1449Kb max_used=3200Kb free=6038Kb
 bounds [0x0000016628350000, 0x0000016628680000, 0x0000016628aa0000]
CodeCache: size=245760Kb, used=27324Kb, max_used=29665Kb, free=218433Kb
 total_blobs=9211, nmethods=8449, adapters=668, full_count=0
Compilation: enabled, stopped_count=0, restarted_count=0

Compilation events (20 events):
Event: 119.978 Thread 0x000001661dcae2b0 10048       3       java.util.Arrays::copyOf (33 bytes)
Event: 119.979 Thread 0x000001661dcae2b0 nmethod 10048 0x0000016621916910 code [0x0000016621916b00, 0x0000016621916fe8]
Event: 120.295 Thread 0x000001661dcae2b0 10049       3       sun.net.www.protocol.jar.Handler::openConnection (10 bytes)
Event: 120.296 Thread 0x000001661dcae2b0 nmethod 10049 0x00000166210ff210 code [0x00000166210ff420, 0x00000166210ff9a0]
Event: 120.296 Thread 0x000001661dcae2b0 10050       3       sun.net.www.protocol.jar.JarURLConnection::<init> (28 bytes)
Event: 120.297 Thread 0x000001661dcae2b0 nmethod 10050 0x0000016621e4e510 code [0x0000016621e4e700, 0x0000016621e4ebb8]
Event: 120.297 Thread 0x000001661dcae2b0 10051       3       java.net.JarURLConnection::<init> (11 bytes)
Event: 120.297 Thread 0x000001661dcae2b0 nmethod 10051 0x0000016621cd1890 code [0x0000016621cd1a40, 0x0000016621cd1bd0]
Event: 120.297 Thread 0x000001661dcae2b0 10052       3       java.net.JarURLConnection::parseSpecs (140 bytes)
Event: 120.300 Thread 0x000001661dcae2b0 nmethod 10052 0x000001662191bd10 code [0x000001662191c000, 0x000001662191cd98]
Event: 120.300 Thread 0x000001661dcae2b0 10053       3       sun.net.www.protocol.jar.JarURLConnection::getInputStream (96 bytes)
Event: 120.302 Thread 0x000001661dcae2b0 nmethod 10053 0x0000016620f1a210 code [0x0000016620f1a4e0, 0x0000016620f1b1a8]
Event: 120.302 Thread 0x000001661dcae2b0 10054   !   3       sun.net.www.protocol.jar.JarFileFactory::getOrCreate (91 bytes)
Event: 120.304 Thread 0x000001661dcae2b0 nmethod 10054 0x00000166210de890 code [0x00000166210deb00, 0x00000166210df258]
Event: 120.366 Thread 0x000001661dcae2b0 10055   !   3       sun.net.www.protocol.jar.JarURLConnection$JarURLInputStream::close (178 bytes)
Event: 120.369 Thread 0x000001661dcae2b0 nmethod 10055 0x0000016621469390 code [0x00000166214696c0, 0x000001662146b078]
Event: 120.369 Thread 0x000001661dcae2b0 10056  s    3       sun.net.www.protocol.file.FileURLConnection::closeInputStream (15 bytes)
Event: 120.370 Thread 0x000001661dcae2b0 nmethod 10056 0x00000166213de210 code [0x00000166213de3c0, 0x00000166213de688]
Event: 120.750 Thread 0x000001661dcae2b0 10057   !   3       sun.net.www.protocol.jar.JarURLConnection::connect (196 bytes)
Event: 120.753 Thread 0x000001661dcae2b0 nmethod 10057 0x0000016621146c90 code [0x0000016621146fc0, 0x0000016621148130]

GC Heap History (20 events):
Event: 115.697 GC heap before
{Heap before GC invocations=1271 (full 4):
 PSYoungGen      total 3072K, used 2496K [0x00000000d5580000, 0x00000000d5900000, 0x0000000100000000)
  eden space 2048K, 100% used [0x00000000d5580000,0x00000000d5780000,0x00000000d5780000)
  from space 1024K, 43% used [0x00000000d5780000,0x00000000d57f0000,0x00000000d5880000)
  to   space 512K, 0% used [0x00000000d5880000,0x00000000d5880000,0x00000000d5900000)
 ParOldGen       total 677376K, used 677034K [0x0000000080000000, 0x00000000a9580000, 0x00000000d5580000)
  object space 677376K, 99% used [0x0000000080000000,0x00000000a952aa08,0x00000000a9580000)
 Metaspace       used 64539K, committed 65984K, reserved 1114112K
  class space    used 7525K, committed 8192K, reserved 1048576K
}
Event: 115.700 GC heap after
{Heap after GC invocations=1271 (full 4):
 PSYoungGen      total 2560K, used 352K [0x00000000d5580000, 0x00000000d5900000, 0x0000000100000000)
  eden space 2048K, 0% used [0x00000000d5580000,0x00000000d5580000,0x00000000d5780000)
  from space 512K, 68% used [0x00000000d5880000,0x00000000d58d8000,0x00000000d5900000)
  to   space 512K, 0% used [0x00000000d5800000,0x00000000d5800000,0x00000000d5880000)
 ParOldGen       total 677376K, used 677298K [0x0000000080000000, 0x00000000a9580000, 0x00000000d5580000)
  object space 677376K, 99% used [0x0000000080000000,0x00000000a956ca08,0x00000000a9580000)
 Metaspace       used 64539K, committed 65984K, reserved 1114112K
  class space    used 7525K, committed 8192K, reserved 1048576K
}
Event: 115.711 GC heap before
{Heap before GC invocations=1272 (full 4):
 PSYoungGen      total 2560K, used 2400K [0x00000000d5580000, 0x00000000d5900000, 0x0000000100000000)
  eden space 2048K, 100% used [0x00000000d5580000,0x00000000d5780000,0x00000000d5780000)
  from space 512K, 68% used [0x00000000d5880000,0x00000000d58d8000,0x00000000d5900000)
  to   space 512K, 0% used [0x00000000d5800000,0x00000000d5800000,0x00000000d5880000)
 ParOldGen       total 677376K, used 677298K [0x0000000080000000, 0x00000000a9580000, 0x00000000d5580000)
  object space 677376K, 99% used [0x0000000080000000,0x00000000a956ca08,0x00000000a9580000)
 Metaspace       used 64539K, committed 65984K, reserved 1114112K
  class space    used 7525K, committed 8192K, reserved 1048576K
}
Event: 115.713 GC heap after
{Heap after GC invocations=1272 (full 4):
 PSYoungGen      total 2560K, used 352K [0x00000000d5580000, 0x00000000d5900000, 0x0000000100000000)
  eden space 2048K, 0% used [0x00000000d5580000,0x00000000d5580000,0x00000000d5780000)
  from space 512K, 68% used [0x00000000d5800000,0x00000000d5858000,0x00000000d5880000)
  to   space 512K, 0% used [0x00000000d5880000,0x00000000d5880000,0x00000000d5900000)
 ParOldGen       total 677888K, used 677500K [0x0000000080000000, 0x00000000a9600000, 0x00000000d5580000)
  object space 677888K, 99% used [0x0000000080000000,0x00000000a959f048,0x00000000a9600000)
 Metaspace       used 64539K, committed 65984K, reserved 1114112K
  class space    used 7525K, committed 8192K, reserved 1048576K
}
Event: 115.722 GC heap before
{Heap before GC invocations=1273 (full 4):
 PSYoungGen      total 2560K, used 2400K [0x00000000d5580000, 0x00000000d5900000, 0x0000000100000000)
  eden space 2048K, 100% used [0x00000000d5580000,0x00000000d5780000,0x00000000d5780000)
  from space 512K, 68% used [0x00000000d5800000,0x00000000d5858000,0x00000000d5880000)
  to   space 512K, 0% used [0x00000000d5880000,0x00000000d5880000,0x00000000d5900000)
 ParOldGen       total 677888K, used 677500K [0x0000000080000000, 0x00000000a9600000, 0x00000000d5580000)
  object space 677888K, 99% used [0x0000000080000000,0x00000000a959f048,0x00000000a9600000)
 Metaspace       used 64539K, committed 65984K, reserved 1114112K
  class space    used 7525K, committed 8192K, reserved 1048576K
}
Event: 115.725 GC heap after
{Heap after GC invocations=1273 (full 4):
 PSYoungGen      total 2560K, used 448K [0x00000000d5580000, 0x00000000d5900000, 0x0000000100000000)
  eden space 2048K, 0% used [0x00000000d5580000,0x00000000d5580000,0x00000000d5780000)
  from space 512K, 87% used [0x00000000d5880000,0x00000000d58f0000,0x00000000d5900000)
  to   space 512K, 0% used [0x00000000d5800000,0x00000000d5800000,0x00000000d5880000)
 ParOldGen       total 677888K, used 677780K [0x0000000080000000, 0x00000000a9600000, 0x00000000d5580000)
  object space 677888K, 99% used [0x0000000080000000,0x00000000a95e5048,0x00000000a9600000)
 Metaspace       used 64539K, committed 65984K, reserved 1114112K
  class space    used 7525K, committed 8192K, reserved 1048576K
}
Event: 115.736 GC heap before
{Heap before GC invocations=1274 (full 4):
 PSYoungGen      total 2560K, used 2496K [0x00000000d5580000, 0x00000000d5900000, 0x0000000100000000)
  eden space 2048K, 100% used [0x00000000d5580000,0x00000000d5780000,0x00000000d5780000)
  from space 512K, 87% used [0x00000000d5880000,0x00000000d58f0000,0x00000000d5900000)
  to   space 512K, 0% used [0x00000000d5800000,0x00000000d5800000,0x00000000d5880000)
 ParOldGen       total 677888K, used 677780K [0x0000000080000000, 0x00000000a9600000, 0x00000000d5580000)
  object space 677888K, 99% used [0x0000000080000000,0x00000000a95e5048,0x00000000a9600000)
 Metaspace       used 64539K, committed 65984K, reserved 1114112K
  class space    used 7525K, committed 8192K, reserved 1048576K
}
Event: 115.739 GC heap after
{Heap after GC invocations=1274 (full 4):
 PSYoungGen      total 3072K, used 347K [0x00000000d5580000, 0x00000000d5900000, 0x0000000100000000)
  eden space 2560K, 0% used [0x00000000d5580000,0x00000000d5580000,0x00000000d5800000)
  from space 512K, 67% used [0x00000000d5800000,0x00000000d5856c08,0x00000000d5880000)
  to   space 512K, 0% used [0x00000000d5880000,0x00000000d5880000,0x00000000d5900000)
 ParOldGen       total 678400K, used 678052K [0x0000000080000000, 0x00000000a9680000, 0x00000000d5580000)
  object space 678400K, 99% used [0x0000000080000000,0x00000000a9629048,0x00000000a9680000)
 Metaspace       used 64539K, committed 65984K, reserved 1114112K
  class space    used 7525K, committed 8192K, reserved 1048576K
}
Event: 115.757 GC heap before
{Heap before GC invocations=1275 (full 4):
 PSYoungGen      total 3072K, used 2907K [0x00000000d5580000, 0x00000000d5900000, 0x0000000100000000)
  eden space 2560K, 100% used [0x00000000d5580000,0x00000000d5800000,0x00000000d5800000)
  from space 512K, 67% used [0x00000000d5800000,0x00000000d5856c08,0x00000000d5880000)
  to   space 512K, 0% used [0x00000000d5880000,0x00000000d5880000,0x00000000d5900000)
 ParOldGen       total 678400K, used 678052K [0x0000000080000000, 0x00000000a9680000, 0x00000000d5580000)
  object space 678400K, 99% used [0x0000000080000000,0x00000000a9629048,0x00000000a9680000)
 Metaspace       used 64539K, committed 65984K, reserved 1114112K
  class space    used 7525K, committed 8192K, reserved 1048576K
}
Event: 115.760 GC heap after
{Heap after GC invocations=1275 (full 4):
 PSYoungGen      total 2560K, used 512K [0x00000000d5580000, 0x00000000d5a00000, 0x0000000100000000)
  eden space 2048K, 0% used [0x00000000d5580000,0x00000000d5580000,0x00000000d5780000)
  from space 512K, 100% used [0x00000000d5880000,0x00000000d5900000,0x00000000d5900000)
  to   space 1024K, 0% used [0x00000000d5780000,0x00000000d5780000,0x00000000d5880000)
 ParOldGen       total 678912K, used 678407K [0x0000000080000000, 0x00000000a9700000, 0x00000000d5580000)
  object space 678912K, 99% used [0x0000000080000000,0x00000000a9681c50,0x00000000a9700000)
 Metaspace       used 64539K, committed 65984K, reserved 1114112K
  class space    used 7525K, committed 8192K, reserved 1048576K
}
Event: 115.937 GC heap before
{Heap before GC invocations=1276 (full 4):
 PSYoungGen      total 2560K, used 2552K [0x00000000d5580000, 0x00000000d5a00000, 0x0000000100000000)
  eden space 2048K, 99% used [0x00000000d5580000,0x00000000d577e3b8,0x00000000d5780000)
  from space 512K, 100% used [0x00000000d5880000,0x00000000d5900000,0x00000000d5900000)
  to   space 1024K, 0% used [0x00000000d5780000,0x00000000d5780000,0x00000000d5880000)
 ParOldGen       total 678912K, used 678407K [0x0000000080000000, 0x00000000a9700000, 0x00000000d5580000)
  object space 678912K, 99% used [0x0000000080000000,0x00000000a9681c50,0x00000000a9700000)
 Metaspace       used 64540K, committed 65984K, reserved 1114112K
  class space    used 7525K, committed 8192K, reserved 1048576K
}
Event: 115.939 GC heap after
{Heap after GC invocations=1276 (full 4):
 PSYoungGen      total 3072K, used 288K [0x00000000d5580000, 0x00000000d5900000, 0x0000000100000000)
  eden space 2048K, 0% used [0x00000000d5580000,0x00000000d5580000,0x00000000d5780000)
  from space 1024K, 28% used [0x00000000d5780000,0x00000000d57c8000,0x00000000d5880000)
  to   space 512K, 0% used [0x00000000d5880000,0x00000000d5880000,0x00000000d5900000)
 ParOldGen       total 678912K, used 678663K [0x0000000080000000, 0x00000000a9700000, 0x00000000d5580000)
  object space 678912K, 99% used [0x0000000080000000,0x00000000a96c1c50,0x00000000a9700000)
 Metaspace       used 64540K, committed 65984K, reserved 1114112K
  class space    used 7525K, committed 8192K, reserved 1048576K
}
Event: 117.018 GC heap before
{Heap before GC invocations=1277 (full 4):
 PSYoungGen      total 3072K, used 2336K [0x00000000d5580000, 0x00000000d5900000, 0x0000000100000000)
  eden space 2048K, 100% used [0x00000000d5580000,0x00000000d5780000,0x00000000d5780000)
  from space 1024K, 28% used [0x00000000d5780000,0x00000000d57c8000,0x00000000d5880000)
  to   space 512K, 0% used [0x00000000d5880000,0x00000000d5880000,0x00000000d5900000)
 ParOldGen       total 678912K, used 678663K [0x0000000080000000, 0x00000000a9700000, 0x00000000d5580000)
  object space 678912K, 99% used [0x0000000080000000,0x00000000a96c1c50,0x00000000a9700000)
 Metaspace       used 64860K, committed 66304K, reserved 1114112K
  class space    used 7577K, committed 8256K, reserved 1048576K
}
Event: 117.020 GC heap after
{Heap after GC invocations=1277 (full 4):
 PSYoungGen      total 2560K, used 224K [0x00000000d5580000, 0x00000000d5900000, 0x0000000100000000)
  eden space 2048K, 0% used [0x00000000d5580000,0x00000000d5580000,0x00000000d5780000)
  from space 512K, 43% used [0x00000000d5880000,0x00000000d58b8000,0x00000000d5900000)
  to   space 512K, 0% used [0x00000000d5800000,0x00000000d5800000,0x00000000d5880000)
 ParOldGen       total 678912K, used 678711K [0x0000000080000000, 0x00000000a9700000, 0x00000000d5580000)
  object space 678912K, 99% used [0x0000000080000000,0x00000000a96cdc50,0x00000000a9700000)
 Metaspace       used 64860K, committed 66304K, reserved 1114112K
  class space    used 7577K, committed 8256K, reserved 1048576K
}
Event: 118.556 GC heap before
{Heap before GC invocations=1278 (full 4):
 PSYoungGen      total 2560K, used 2263K [0x00000000d5580000, 0x00000000d5900000, 0x0000000100000000)
  eden space 2048K, 99% used [0x00000000d5580000,0x00000000d577de78,0x00000000d5780000)
  from space 512K, 43% used [0x00000000d5880000,0x00000000d58b8000,0x00000000d5900000)
  to   space 512K, 0% used [0x00000000d5800000,0x00000000d5800000,0x00000000d5880000)
 ParOldGen       total 678912K, used 678711K [0x0000000080000000, 0x00000000a9700000, 0x00000000d5580000)
  object space 678912K, 99% used [0x0000000080000000,0x00000000a96cdc50,0x00000000a9700000)
 Metaspace       used 64953K, committed 66432K, reserved 1114112K
  class space    used 7587K, committed 8256K, reserved 1048576K
}
Event: 118.559 GC heap after
{Heap after GC invocations=1278 (full 4):
 PSYoungGen      total 2560K, used 192K [0x00000000d5580000, 0x00000000d5900000, 0x0000000100000000)
  eden space 2048K, 0% used [0x00000000d5580000,0x00000000d5580000,0x00000000d5780000)
  from space 512K, 37% used [0x00000000d5800000,0x00000000d5830000,0x00000000d5880000)
  to   space 512K, 0% used [0x00000000d5880000,0x00000000d5880000,0x00000000d5900000)
 ParOldGen       total 678912K, used 678815K [0x0000000080000000, 0x00000000a9700000, 0x00000000d5580000)
  object space 678912K, 99% used [0x0000000080000000,0x00000000a96e7c50,0x00000000a9700000)
 Metaspace       used 64953K, committed 66432K, reserved 1114112K
  class space    used 7587K, committed 8256K, reserved 1048576K
}
Event: 119.973 GC heap before
{Heap before GC invocations=1279 (full 4):
 PSYoungGen      total 2560K, used 2208K [0x00000000d5580000, 0x00000000d5900000, 0x0000000100000000)
  eden space 2048K, 98% used [0x00000000d5580000,0x00000000d57782b8,0x00000000d5780000)
  from space 512K, 37% used [0x00000000d5800000,0x00000000d5830000,0x00000000d5880000)
  to   space 512K, 0% used [0x00000000d5880000,0x00000000d5880000,0x00000000d5900000)
 ParOldGen       total 678912K, used 678815K [0x0000000080000000, 0x00000000a9700000, 0x00000000d5580000)
  object space 678912K, 99% used [0x0000000080000000,0x00000000a96e7c50,0x00000000a9700000)
 Metaspace       used 64980K, committed 66432K, reserved 1114112K
  class space    used 7598K, committed 8256K, reserved 1048576K
}
Event: 119.976 GC heap after
{Heap after GC invocations=1279 (full 4):
 PSYoungGen      total 2560K, used 192K [0x00000000d5580000, 0x00000000d5900000, 0x0000000100000000)
  eden space 2048K, 0% used [0x00000000d5580000,0x00000000d5580000,0x00000000d5780000)
  from space 512K, 37% used [0x00000000d5880000,0x00000000d58b0000,0x00000000d5900000)
  to   space 512K, 0% used [0x00000000d5800000,0x00000000d5800000,0x00000000d5880000)
 ParOldGen       total 678912K, used 678911K [0x0000000080000000, 0x00000000a9700000, 0x00000000d5580000)
  object space 678912K, 99% used [0x0000000080000000,0x00000000a96ffc50,0x00000000a9700000)
 Metaspace       used 64980K, committed 66432K, reserved 1114112K
  class space    used 7598K, committed 8256K, reserved 1048576K
}
Event: 122.187 GC heap before
{Heap before GC invocations=1280 (full 4):
 PSYoungGen      total 2560K, used 2216K [0x00000000d5580000, 0x00000000d5900000, 0x0000000100000000)
  eden space 2048K, 98% used [0x00000000d5580000,0x00000000d577a268,0x00000000d5780000)
  from space 512K, 37% used [0x00000000d5880000,0x00000000d58b0000,0x00000000d5900000)
  to   space 512K, 0% used [0x00000000d5800000,0x00000000d5800000,0x00000000d5880000)
 ParOldGen       total 678912K, used 678911K [0x0000000080000000, 0x00000000a9700000, 0x00000000d5580000)
  object space 678912K, 99% used [0x0000000080000000,0x00000000a96ffc50,0x00000000a9700000)
 Metaspace       used 65016K, committed 66432K, reserved 1114112K
  class space    used 7610K, committed 8256K, reserved 1048576K
}
Event: 122.190 GC heap after
{Heap after GC invocations=1280 (full 4):
 PSYoungGen      total 2560K, used 256K [0x00000000d5580000, 0x00000000d5900000, 0x0000000100000000)
  eden space 2048K, 0% used [0x00000000d5580000,0x00000000d5580000,0x00000000d5780000)
  from space 512K, 50% used [0x00000000d5800000,0x00000000d5840000,0x00000000d5880000)
  to   space 512K, 0% used [0x00000000d5880000,0x00000000d5880000,0x00000000d5900000)
 ParOldGen       total 679424K, used 678975K [0x0000000080000000, 0x00000000a9780000, 0x00000000d5580000)
  object space 679424K, 99% used [0x0000000080000000,0x00000000a970fc50,0x00000000a9780000)
 Metaspace       used 65016K, committed 66432K, reserved 1114112K
  class space    used 7610K, committed 8256K, reserved 1048576K
}

Dll operation events (20 events):
Event: 0.461 Attempting to load shared library C:\Users\chae0\.vscode\extensions\redhat.java-1.56.0-win32-x64\jre\21.0.12.1-win32-x86_64\bin\zip.dll
Event: 0.461 Loaded shared library C:\Users\chae0\.vscode\extensions\redhat.java-1.56.0-win32-x64\jre\21.0.12.1-win32-x86_64\bin\zip.dll
Event: 0.516 Attempting to load shared library C:\Users\chae0\.vscode\extensions\redhat.java-1.56.0-win32-x64\jre\21.0.12.1-win32-x86_64\bin\jimage.dll
Event: 0.516 Loaded shared library C:\Users\chae0\.vscode\extensions\redhat.java-1.56.0-win32-x64\jre\21.0.12.1-win32-x86_64\bin\jimage.dll
Event: 1.037 Attempting to load shared library c:\Users\chae0\.vscode\extensions\redhat.java-1.56.0-win32-x64\jre\21.0.12.1-win32-x86_64\bin\verify.dll
Event: 1.038 Loaded shared library c:\Users\chae0\.vscode\extensions\redhat.java-1.56.0-win32-x64\jre\21.0.12.1-win32-x86_64\bin\verify.dll
Event: 6.877 Attempting to load shared library C:\Users\chae0\AppData\Roaming\Code\User\globalStorage\redhat.java\1.56.0\config_win\org.eclipse.equinox.launcher\org.eclipse.equinox.launcher.win32.win32.x86_64_1.3.100.v20260804-1928\eclipse_11924.dll
Event: 6.887 Loaded shared library C:\Users\chae0\AppData\Roaming\Code\User\globalStorage\redhat.java\1.56.0\config_win\org.eclipse.equinox.launcher\org.eclipse.equinox.launcher.win32.win32.x86_64_1.3.100.v20260804-1928\eclipse_11924.dll
Event: 15.760 Attempting to load shared library C:\Users\chae0\AppData\Local\Temp\jna-94623239\jna15339151031049732161.dll
Event: 15.921 Loaded shared library C:\Users\chae0\AppData\Local\Temp\jna-94623239\jna15339151031049732161.dll
Event: 28.065 Attempting to load shared library C:\Users\chae0\.gradle\native\660c5614fbf4a5f2a75b1949f50a0caf5cd603558e7d8a26e50b933a0cfb79d1\windows-amd64\native-platform.dll
Event: 28.067 Loaded shared library C:\Users\chae0\.gradle\native\660c5614fbf4a5f2a75b1949f50a0caf5cd603558e7d8a26e50b933a0cfb79d1\windows-amd64\native-platform.dll
Event: 31.038 Attempting to load shared library C:\Users\chae0\.vscode\extensions\redhat.java-1.56.0-win32-x64\jre\21.0.12.1-win32-x86_64\bin\management.dll
Event: 31.042 Loaded shared library C:\Users\chae0\.vscode\extensions\redhat.java-1.56.0-win32-x64\jre\21.0.12.1-win32-x86_64\bin\management.dll
Event: 31.084 Attempting to load shared library C:\Users\chae0\.vscode\extensions\redhat.java-1.56.0-win32-x64\jre\21.0.12.1-win32-x86_64\bin\management_ext.dll
Event: 31.085 Loaded shared library C:\Users\chae0\.vscode\extensions\redhat.java-1.56.0-win32-x64\jre\21.0.12.1-win32-x86_64\bin\management_ext.dll
Event: 31.995 Attempting to load shared library C:\Users\chae0\.vscode\extensions\redhat.java-1.56.0-win32-x64\jre\21.0.12.1-win32-x86_64\bin\sunmscapi.dll
Event: 32.027 Loaded shared library C:\Users\chae0\.vscode\extensions\redhat.java-1.56.0-win32-x64\jre\21.0.12.1-win32-x86_64\bin\sunmscapi.dll
Event: 32.787 Attempting to load shared library C:\Users\chae0\.vscode\extensions\redhat.java-1.56.0-win32-x64\jre\21.0.12.1-win32-x86_64\bin\extnet.dll
Event: 32.792 Loaded shared library C:\Users\chae0\.vscode\extensions\redhat.java-1.56.0-win32-x64\jre\21.0.12.1-win32-x86_64\bin\extnet.dll

Deoptimization events (20 events):
Event: 115.936 Thread 0x000001667d7bf420 DEOPT PACKING pc=0x000001662911f9e0 sp=0x0000005bd73ff300
Event: 115.936 Thread 0x000001667d7bf420 DEOPT UNPACKING pc=0x00000166283a3aa2 sp=0x0000005bd73ff2c0 mode 2
Event: 115.936 Thread 0x000001667d7bf420 Uncommon trap: trap_request=0xffffff45 fr.pc=0x0000016628c3348c relative=0x0000000000000b4c
Event: 115.936 Thread 0x000001667d7bf420 Uncommon trap: reason=unstable_if action=reinterpret pc=0x0000016628c3348c method=org.eclipse.jdt.internal.core.util.Util.indexOfJavaRelatedExtension(Ljava/lang/String;[[C)I @ 56 c2
Event: 115.936 Thread 0x000001667d7bf420 DEOPT PACKING pc=0x0000016628c3348c sp=0x0000005bd73ff370
Event: 115.937 Thread 0x000001667d7bf420 DEOPT UNPACKING pc=0x00000166283a3aa2 sp=0x0000005bd73ff150 mode 2
Event: 115.966 Thread 0x000001667d7bf420 Uncommon trap: trap_request=0xffffff45 fr.pc=0x0000016628f41c40 relative=0x0000000000000840
Event: 115.966 Thread 0x000001667d7bf420 Uncommon trap: reason=unstable_if action=reinterpret pc=0x0000016628f41c40 method=java.util.Arrays.copyOfRange([CII)[C @ 1 c2
Event: 115.966 Thread 0x000001667d7bf420 DEOPT PACKING pc=0x0000016628f41c40 sp=0x0000005bd73fed60
Event: 115.966 Thread 0x000001667d7bf420 DEOPT UNPACKING pc=0x00000166283a3aa2 sp=0x0000005bd73feca8 mode 2
Event: 115.973 Thread 0x000001667d7bf420 Uncommon trap: trap_request=0xffffff45 fr.pc=0x0000016629275c6c relative=0x0000000000000bcc
Event: 115.973 Thread 0x000001667d7bf420 Uncommon trap: reason=unstable_if action=reinterpret pc=0x0000016629275c6c method=org.eclipse.jdt.internal.compiler.parser.Scanner.internalScanIdentifierOrKeyword(II[C)Lorg/eclipse/jdt/internal/compiler/parser/TerminalToken; @ 1761 c2
Event: 115.973 Thread 0x000001667d7bf420 DEOPT PACKING pc=0x0000016629275c6c sp=0x0000005bd73fed70
Event: 115.973 Thread 0x000001667d7bf420 DEOPT UNPACKING pc=0x00000166283a3aa2 sp=0x0000005bd73fed20 mode 2
Event: 116.060 Thread 0x000001667d7bf420 Uncommon trap: trap_request=0xffffff45 fr.pc=0x0000016628f1cbac relative=0x00000000000015ec
Event: 116.060 Thread 0x000001667d7bf420 Uncommon trap: reason=unstable_if action=reinterpret pc=0x0000016628f1cbac method=org.eclipse.jdt.internal.compiler.util.HashtableOfObject.get([C)Ljava/lang/Object; @ 37 c2
Event: 116.060 Thread 0x000001667d7bf420 DEOPT PACKING pc=0x0000016628f1cbac sp=0x0000005bd73fedb0
Event: 116.060 Thread 0x000001667d7bf420 DEOPT UNPACKING pc=0x00000166283a3aa2 sp=0x0000005bd73fecd8 mode 2
Event: 118.006 Thread 0x000001667d7bf420 DEOPT PACKING pc=0x00000166218c598d sp=0x0000005bd73f9f30
Event: 118.006 Thread 0x000001667d7bf420 DEOPT UNPACKING pc=0x00000166283a4242 sp=0x0000005bd73f93e0 mode 0

Classes loaded (20 events):
Event: 33.833 Loading class sun/security/ssl/Alert$AlertConsumer
Event: 33.833 Loading class sun/security/ssl/Alert$AlertConsumer done
Event: 33.833 Loading class sun/security/ssl/Alert$Level
Event: 33.833 Loading class sun/security/ssl/Alert$Level done
Event: 33.925 Loading class sun/net/www/http/ChunkedInputStream
Event: 33.926 Loading class sun/net/www/http/ChunkedInputStream done
Event: 33.926 Loading class sun/net/www/protocol/http/HttpURLConnection$HttpInputStream
Event: 33.926 Loading class sun/net/www/protocol/http/HttpURLConnection$HttpInputStream done
Event: 33.929 Loading class java/lang/Throwable$WrappedPrintWriter
Event: 33.930 Loading class java/lang/Throwable$PrintStreamOrWriter
Event: 33.930 Loading class java/lang/Throwable$PrintStreamOrWriter done
Event: 33.930 Loading class java/lang/Throwable$WrappedPrintWriter done
Event: 34.065 Loading class java/security/DigestInputStream
Event: 34.066 Loading class java/security/DigestInputStream done
Event: 36.033 Loading class sun/nio/cs/ISO_8859_1$Encoder
Event: 36.033 Loading class sun/nio/cs/ISO_8859_1$Encoder done
Event: 36.033 Loading class sun/nio/cs/Surrogate$Parser
Event: 36.034 Loading class sun/nio/cs/Surrogate$Parser done
Event: 36.034 Loading class sun/nio/cs/Surrogate
Event: 36.034 Loading class sun/nio/cs/Surrogate done

Classes unloaded (7 events):
Event: 20.355 Thread 0x000001661dc92510 Unloading class 0x00000166361ac800 'java/lang/invoke/LambdaForm$MH+0x00000166361ac800'
Event: 20.355 Thread 0x000001661dc92510 Unloading class 0x00000166361ac400 'java/lang/invoke/LambdaForm$MH+0x00000166361ac400'
Event: 20.355 Thread 0x000001661dc92510 Unloading class 0x00000166361ac000 'java/lang/invoke/LambdaForm$MH+0x00000166361ac000'
Event: 20.355 Thread 0x000001661dc92510 Unloading class 0x00000166361abc00 'java/lang/invoke/LambdaForm$MH+0x00000166361abc00'
Event: 20.355 Thread 0x000001661dc92510 Unloading class 0x00000166361ab800 'java/lang/invoke/LambdaForm$BMH+0x00000166361ab800'
Event: 20.355 Thread 0x000001661dc92510 Unloading class 0x00000166361ab400 'java/lang/invoke/LambdaForm$DMH+0x00000166361ab400'
Event: 20.355 Thread 0x000001661dc92510 Unloading class 0x00000166361aa400 'java/lang/invoke/LambdaForm$DMH+0x00000166361aa400'

Classes redefined (0 events):
No events

Internal exceptions (20 events):
Event: 107.911 Thread 0x000001667d7bf420 Exception <a 'sun/nio/fs/WindowsException'{0x00000000d5629168}> (0x00000000d5629168) 
thrown [s\src\hotspot\share\prims\jni.cpp, line 520]
Event: 110.106 Thread 0x000001667d7bf420 Exception <a 'sun/nio/fs/WindowsException'{0x00000000d57aba18}> (0x00000000d57aba18) 
thrown [s\src\hotspot\share\prims\jni.cpp, line 520]
Event: 110.171 Thread 0x000001667d7bf420 Exception <a 'sun/nio/fs/WindowsException'{0x00000000d5620978}> (0x00000000d5620978) 
thrown [s\src\hotspot\share\prims\jni.cpp, line 520]
Event: 111.031 Thread 0x000001667d7bf420 Exception <a 'sun/nio/fs/WindowsException'{0x00000000d5695c10}> (0x00000000d5695c10) 
thrown [s\src\hotspot\share\prims\jni.cpp, line 520]
Event: 111.157 Thread 0x000001667d7bf420 Exception <a 'sun/nio/fs/WindowsException'{0x00000000d567e910}> (0x00000000d567e910) 
thrown [s\src\hotspot\share\prims\jni.cpp, line 520]
Event: 111.299 Thread 0x000001667d7bf420 Exception <a 'sun/nio/fs/WindowsException'{0x00000000d55ea540}> (0x00000000d55ea540) 
thrown [s\src\hotspot\share\prims\jni.cpp, line 520]
Event: 112.988 Thread 0x000001667d7bf420 Exception <a 'sun/nio/fs/WindowsException'{0x00000000d56538d8}> (0x00000000d56538d8) 
thrown [s\src\hotspot\share\prims\jni.cpp, line 520]
Event: 113.602 Thread 0x000001667d7bf420 Exception <a 'sun/nio/fs/WindowsException'{0x00000000d57299d8}> (0x00000000d57299d8) 
thrown [s\src\hotspot\share\prims\jni.cpp, line 520]
Event: 113.760 Thread 0x000001667d7bf420 Exception <a 'sun/nio/fs/WindowsException'{0x00000000d566de28}> (0x00000000d566de28) 
thrown [s\src\hotspot\share\prims\jni.cpp, line 520]
Event: 113.993 Thread 0x000001667d7bf420 Exception <a 'sun/nio/fs/WindowsException'{0x00000000d55eff20}> (0x00000000d55eff20) 
thrown [s\src\hotspot\share\prims\jni.cpp, line 520]
Event: 114.154 Thread 0x000001667d7bf420 Exception <a 'sun/nio/fs/WindowsException'{0x00000000d56c8ea8}> (0x00000000d56c8ea8) 
thrown [s\src\hotspot\share\prims\jni.cpp, line 520]
Event: 114.363 Thread 0x000001667d7bf420 Exception <a 'sun/nio/fs/WindowsException'{0x00000000d56ad0f0}> (0x00000000d56ad0f0) 
thrown [s\src\hotspot\share\prims\jni.cpp, line 520]
Event: 114.486 Thread 0x000001667d7bf420 Exception <a 'sun/nio/fs/WindowsException'{0x00000000d575dac8}> (0x00000000d575dac8) 
thrown [s\src\hotspot\share\prims\jni.cpp, line 520]
Event: 114.668 Thread 0x000001667d7bf420 Exception <a 'sun/nio/fs/WindowsException'{0x00000000d56b67c0}> (0x00000000d56b67c0) 
thrown [s\src\hotspot\share\prims\jni.cpp, line 520]
Event: 114.996 Thread 0x000001667d7bf420 Exception <a 'sun/nio/fs/WindowsException'{0x00000000d572c910}> (0x00000000d572c910) 
thrown [s\src\hotspot\share\prims\jni.cpp, line 520]
Event: 115.089 Thread 0x000001667d7bf420 Exception <a 'sun/nio/fs/WindowsException'{0x00000000d5763a38}> (0x00000000d5763a38) 
thrown [s\src\hotspot\share\prims\jni.cpp, line 520]
Event: 115.391 Thread 0x000001667d7bf420 Exception <a 'sun/nio/fs/WindowsException'{0x00000000d56adaf8}> (0x00000000d56adaf8) 
thrown [s\src\hotspot\share\prims\jni.cpp, line 520]
Event: 115.647 Thread 0x000001667d7bf420 Exception <a 'sun/nio/fs/WindowsException'{0x00000000d5727db0}> (0x00000000d5727db0) 
thrown [s\src\hotspot\share\prims\jni.cpp, line 520]
Event: 115.819 Thread 0x000001667d7bf420 Exception <a 'sun/nio/fs/WindowsException'{0x00000000d5599700}> (0x00000000d5599700) 
thrown [s\src\hotspot\share\prims\jni.cpp, line 520]
Event: 115.930 Thread 0x000001667d7bf420 Exception <a 'sun/nio/fs/WindowsException'{0x00000000d5776f48}> (0x00000000d5776f48) 
thrown [s\src\hotspot\share\prims\jni.cpp, line 520]

ZGC Phase Switch (0 events):
No events

VM Operations (20 events):
Event: 115.757 Executing safepoint VM operation: ParallelGCFailedAllocation (Allocation Failure)
Event: 115.760 Executing safepoint VM operation: ParallelGCFailedAllocation (Allocation Failure) done
Event: 115.937 Executing safepoint VM operation: ParallelGCFailedAllocation (Allocation Failure)
Event: 115.939 Executing safepoint VM operation: ParallelGCFailedAllocation (Allocation Failure) done
Event: 116.948 Executing safepoint VM operation: Cleanup
Event: 116.948 Executing safepoint VM operation: Cleanup done
Event: 117.017 Executing safepoint VM operation: ParallelGCFailedAllocation (Allocation Failure)
Event: 117.020 Executing safepoint VM operation: ParallelGCFailedAllocation (Allocation Failure) done
Event: 118.556 Executing safepoint VM operation: ParallelGCFailedAllocation (Allocation Failure)
Event: 118.559 Executing safepoint VM operation: ParallelGCFailedAllocation (Allocation Failure) done
Event: 119.973 Executing safepoint VM operation: ParallelGCFailedAllocation (Allocation Failure)
Event: 119.976 Executing safepoint VM operation: ParallelGCFailedAllocation (Allocation Failure) done
Event: 120.360 Executing non-safepoint VM operation: HandshakeAllThreads (HandshakeForDeflation)
Event: 120.360 Executing non-safepoint VM operation: HandshakeAllThreads (HandshakeForDeflation) done
Event: 120.360 Executing non-safepoint VM operation: RendezvousGCThreads
Event: 120.360 Executing non-safepoint VM operation: RendezvousGCThreads done
Event: 121.360 Executing safepoint VM operation: Cleanup
Event: 121.360 Executing safepoint VM operation: Cleanup done
Event: 122.187 Executing safepoint VM operation: ParallelGCFailedAllocation (Allocation Failure)
Event: 122.190 Executing safepoint VM operation: ParallelGCFailedAllocation (Allocation Failure) done

Memory protections (0 events):
No events

Nmethod flushes (20 events):
Event: 47.654 Thread 0x000001661dc92510 flushing  nmethod 0x0000016621eaef90
Event: 47.654 Thread 0x000001661dc92510 flushing  nmethod 0x0000016621eb5190
Event: 47.654 Thread 0x000001661dc92510 flushing  nmethod 0x0000016621ec4d10
Event: 47.654 Thread 0x000001661dc92510 flushing  nmethod 0x0000016621ec5e10
Event: 47.654 Thread 0x000001661dc92510 flushing  nmethod 0x0000016621ec7710
Event: 47.654 Thread 0x000001661dc92510 flushing  nmethod 0x0000016621ec7a10
Event: 47.654 Thread 0x000001661dc92510 flushing  nmethod 0x0000016621ed4290
Event: 47.654 Thread 0x000001661dc92510 flushing  nmethod 0x0000016621ef0d10
Event: 47.654 Thread 0x000001661dc92510 flushing  nmethod 0x0000016621ef6490
Event: 47.654 Thread 0x000001661dc92510 flushing  nmethod 0x0000016621eff810
Event: 47.654 Thread 0x000001661dc92510 flushing  nmethod 0x0000016621f06610
Event: 47.654 Thread 0x000001661dc92510 flushing  nmethod 0x0000016621f19d10
Event: 47.654 Thread 0x000001661dc92510 flushing  nmethod 0x0000016621f1fa10
Event: 47.654 Thread 0x000001661dc92510 flushing  nmethod 0x0000016621f37910
Event: 47.654 Thread 0x000001661dc92510 flushing  nmethod 0x0000016621f42a10
Event: 47.654 Thread 0x000001661dc92510 flushing  nmethod 0x0000016621f46410
Event: 47.654 Thread 0x000001661dc92510 flushing  nmethod 0x0000016621f4da10
Event: 47.654 Thread 0x000001661dc92510 flushing osr nmethod 0x0000016621f4ea90
Event: 47.654 Thread 0x000001661dc92510 flushing  nmethod 0x0000016621f55910
Event: 47.654 Thread 0x000001661dc92510 flushing  nmethod 0x0000016621f69190

Events (20 events):
Event: 34.033 Thread 0x000001667d7be070 Thread added: 0x0000016601d23920
Event: 34.034 Thread 0x0000016601d23920 Thread exited: 0x0000016601d23920
Event: 34.930 Thread 0x00000166784ea930 Thread exited: 0x00000166784ea930
Event: 34.930 Thread 0x0000016676da38f0 Thread exited: 0x0000016676da38f0
Event: 35.214 Thread 0x0000016602741830 Thread exited: 0x0000016602741830
Event: 35.686 Thread 0x000001661dcae2b0 Thread added: 0x000001667e975200
Event: 35.698 Thread 0x000001661dcae2b0 Thread added: 0x000001667e9758d0
Event: 35.704 Thread 0x000001661dcae2b0 Thread added: 0x000001667e973d90
Event: 35.704 Thread 0x000001661dcae2b0 Thread added: 0x000001667e972250
Event: 36.681 Thread 0x0000016678b66960 Thread exited: 0x0000016678b66960
Event: 37.129 Thread 0x000001667e972250 Thread exited: 0x000001667e972250
Event: 37.129 Thread 0x000001667e973d90 Thread exited: 0x000001667e973d90
Event: 37.712 Thread 0x000001667e9758d0 Thread exited: 0x000001667e9758d0
Event: 37.716 Thread 0x000001667e975200 Thread exited: 0x000001667e975200
Event: 58.911 Thread 0x000001661dcae2b0 Thread added: 0x000001667e9758d0
Event: 58.913 Thread 0x000001661dcae2b0 Thread added: 0x000001667e972ff0
Event: 58.916 Thread 0x000001667e972ff0 Thread added: 0x000001667e9736c0
Event: 60.131 Thread 0x000001667e9736c0 Thread exited: 0x000001667e9736c0
Event: 62.248 Thread 0x000001667e972ff0 Thread exited: 0x000001667e972ff0
Event: 62.612 Thread 0x000001667e9758d0 Thread exited: 0x000001667e9758d0


Dynamic libraries:
0x00007ff647690000 - 0x00007ff64769e000 	c:\Users\chae0\.vscode\extensions\redhat.java-1.56.0-win32-x64\jre\21.0.12.1-win32-x86_64\bin\java.exe
0x00007ffe482c0000 - 0x00007ffe48526000 	C:\WINDOWS\SYSTEM32\ntdll.dll
0x00007ffe45ff0000 - 0x00007ffe460b9000 	C:\WINDOWS\System32\KERNEL32.DLL
0x00007ffe454d0000 - 0x00007ffe458cf000 	C:\WINDOWS\System32\KERNELBASE.dll
0x00007ffe458e0000 - 0x00007ffe45a2c000 	C:\WINDOWS\System32\ucrtbase.dll
0x00007ffe31ce0000 - 0x00007ffe31cfe000 	c:\Users\chae0\.vscode\extensions\redhat.java-1.56.0-win32-x64\jre\21.0.12.1-win32-x86_64\bin\VCRUNTIME140.dll
0x00007ffe31810000 - 0x00007ffe31828000 	c:\Users\chae0\.vscode\extensions\redhat.java-1.56.0-win32-x64\jre\21.0.12.1-win32-x86_64\bin\jli.dll
0x00007ffe47bd0000 - 0x00007ffe47d96000 	C:\WINDOWS\System32\USER32.dll
0x00007ffe45b70000 - 0x00007ffe45b97000 	C:\WINDOWS\System32\win32u.dll
0x00007ffe47da0000 - 0x00007ffe47dcb000 	C:\WINDOWS\System32\GDI32.dll
0x00007ffe45a40000 - 0x00007ffe45b69000 	C:\WINDOWS\System32\gdi32full.dll
0x00007ffe45ba0000 - 0x00007ffe45c43000 	C:\WINDOWS\System32\msvcp_win.dll
0x00007ffe2bf00000 - 0x00007ffe2c191000 	C:\WINDOWS\WinSxS\amd64_microsoft.windows.common-controls_6595b64144ccf1df_6.0.26100.8972_none_3e0da176e32f9d4b\COMCTL32.dll
0x00007ffe48030000 - 0x00007ffe480d9000 	C:\WINDOWS\System32\msvcrt.dll
0x00007ffe47220000 - 0x00007ffe47252000 	C:\WINDOWS\System32\IMM32.DLL
0x00007ffe31cd0000 - 0x00007ffe31cdc000 	c:\Users\chae0\.vscode\extensions\redhat.java-1.56.0-win32-x64\jre\21.0.12.1-win32-x86_64\bin\vcruntime140_1.dll
0x00007ffdae500000 - 0x00007ffdae58d000 	c:\Users\chae0\.vscode\extensions\redhat.java-1.56.0-win32-x64\jre\21.0.12.1-win32-x86_64\bin\msvcp140.dll
0x00007ffd7eae0000 - 0x00007ffd7f882000 	c:\Users\chae0\.vscode\extensions\redhat.java-1.56.0-win32-x64\jre\21.0.12.1-win32-x86_64\bin\server\jvm.dll
0x00007ffe47f60000 - 0x00007ffe4801c000 	C:\WINDOWS\System32\ADVAPI32.dll
0x00007ffe46390000 - 0x00007ffe4643a000 	C:\WINDOWS\System32\sechost.dll
0x00007ffe47dd0000 - 0x00007ffe47ee8000 	C:\WINDOWS\System32\RPCRT4.dll
0x00007ffe46550000 - 0x00007ffe465d2000 	C:\WINDOWS\System32\WS2_32.dll
0x00007ffe45330000 - 0x00007ffe4538e000 	C:\WINDOWS\SYSTEM32\POWRPROF.dll
0x00007ffe3a380000 - 0x00007ffe3a3b6000 	C:\WINDOWS\SYSTEM32\WINMM.dll
0x00007ffe2df10000 - 0x00007ffe2df1b000 	C:\WINDOWS\SYSTEM32\VERSION.dll
0x00007ffe45310000 - 0x00007ffe45325000 	C:\WINDOWS\SYSTEM32\UMPDC.dll
0x00007ffe441c0000 - 0x00007ffe441db000 	C:\WINDOWS\SYSTEM32\kernel.appcore.dll
0x00007ffe313e0000 - 0x00007ffe313ea000 	c:\Users\chae0\.vscode\extensions\redhat.java-1.56.0-win32-x64\jre\21.0.12.1-win32-x86_64\bin\jimage.dll
0x00007ffe42a50000 - 0x00007ffe42c92000 	C:\WINDOWS\SYSTEM32\DBGHELP.DLL
0x00007ffe46b70000 - 0x00007ffe46ef5000 	C:\WINDOWS\System32\combase.dll
0x00007ffe46f80000 - 0x00007ffe47059000 	C:\WINDOWS\System32\OLEAUT32.dll
0x00007ffe2c280000 - 0x00007ffe2c2bb000 	C:\WINDOWS\SYSTEM32\dbgcore.DLL
0x00007ffe45c50000 - 0x00007ffe45cfc000 	C:\WINDOWS\System32\bcryptPrimitives.dll
0x00007ffe322d0000 - 0x00007ffe322df000 	c:\Users\chae0\.vscode\extensions\redhat.java-1.56.0-win32-x64\jre\21.0.12.1-win32-x86_64\bin\instrument.dll
0x00007ffe32190000 - 0x00007ffe321b0000 	c:\Users\chae0\.vscode\extensions\redhat.java-1.56.0-win32-x64\jre\21.0.12.1-win32-x86_64\bin\java.dll
0x00007ffe473a0000 - 0x00007ffe47b28000 	C:\WINDOWS\System32\SHELL32.dll
0x00007ffe42e20000 - 0x00007ffe436bb000 	C:\WINDOWS\SYSTEM32\windows.storage.dll
0x00007ffe47260000 - 0x00007ffe47359000 	C:\WINDOWS\System32\SHCORE.dll
0x00007ffe47ef0000 - 0x00007ffe47f56000 	C:\WINDOWS\System32\shlwapi.dll
0x00007ffe453f0000 - 0x00007ffe45419000 	C:\WINDOWS\SYSTEM32\profapi.dll
0x00007ffe31d20000 - 0x00007ffe31d38000 	c:\Users\chae0\.vscode\extensions\redhat.java-1.56.0-win32-x64\jre\21.0.12.1-win32-x86_64\bin\zip.dll
0x00007ffe327e0000 - 0x00007ffe327f0000 	C:\Users\chae0\.vscode\extensions\redhat.java-1.56.0-win32-x64\jre\21.0.12.1-win32-x86_64\bin\net.dll
0x00007ffe3e400000 - 0x00007ffe3e528000 	C:\WINDOWS\SYSTEM32\WINHTTP.dll
0x00007ffe44770000 - 0x00007ffe447dc000 	C:\WINDOWS\system32\mswsock.dll
0x00007ffe30f40000 - 0x00007ffe30f56000 	C:\Users\chae0\.vscode\extensions\redhat.java-1.56.0-win32-x64\jre\21.0.12.1-win32-x86_64\bin\nio.dll
0x00007ffe322c0000 - 0x00007ffe322d0000 	c:\Users\chae0\.vscode\extensions\redhat.java-1.56.0-win32-x64\jre\21.0.12.1-win32-x86_64\bin\verify.dll
0x00007ffe32220000 - 0x00007ffe32265000 	C:\Users\chae0\AppData\Roaming\Code\User\globalStorage\redhat.java\1.56.0\config_win\org.eclipse.equinox.launcher\org.eclipse.equinox.launcher.win32.win32.x86_64_1.3.100.v20260804-1928\eclipse_11924.dll
0x00007ffe480e0000 - 0x00007ffe48279000 	C:\WINDOWS\System32\ole32.dll
0x00007ffe44a60000 - 0x00007ffe44a7b000 	C:\WINDOWS\SYSTEM32\CRYPTSP.dll
0x00007ffe44120000 - 0x00007ffe44159000 	C:\WINDOWS\system32\rsaenh.dll
0x00007ffe44820000 - 0x00007ffe44852000 	C:\WINDOWS\SYSTEM32\USERENV.dll
0x00007ffe453c0000 - 0x00007ffe453ea000 	C:\WINDOWS\SYSTEM32\bcrypt.dll
0x00007ffe44a80000 - 0x00007ffe44a8c000 	C:\WINDOWS\SYSTEM32\CRYPTBASE.dll
0x00007ffe43c40000 - 0x00007ffe43c73000 	C:\WINDOWS\SYSTEM32\IPHLPAPI.DLL
0x00007ffe47390000 - 0x00007ffe4739a000 	C:\WINDOWS\System32\NSI.dll
0x00007ffe2f9d0000 - 0x00007ffe2fa19000 	C:\Users\chae0\AppData\Local\Temp\jna-94623239\jna15339151031049732161.dll
0x00007ffe47bc0000 - 0x00007ffe47bc8000 	C:\WINDOWS\System32\PSAPI.DLL
0x00007ffe3e770000 - 0x00007ffe3e78d000 	C:\WINDOWS\SYSTEM32\dhcpcsvc6.DLL
0x00007ffe3e740000 - 0x00007ffe3e765000 	C:\WINDOWS\SYSTEM32\dhcpcsvc.DLL
0x00007ffe00a50000 - 0x00007ffe00a77000 	C:\Users\chae0\.gradle\native\660c5614fbf4a5f2a75b1949f50a0caf5cd603558e7d8a26e50b933a0cfb79d1\windows-amd64\native-platform.dll
0x00007ffe32080000 - 0x00007ffe3208a000 	C:\Users\chae0\.vscode\extensions\redhat.java-1.56.0-win32-x64\jre\21.0.12.1-win32-x86_64\bin\management.dll
0x00007ffe32070000 - 0x00007ffe3207c000 	C:\Users\chae0\.vscode\extensions\redhat.java-1.56.0-win32-x64\jre\21.0.12.1-win32-x86_64\bin\management_ext.dll
0x00007ffe321c0000 - 0x00007ffe321ce000 	C:\Users\chae0\.vscode\extensions\redhat.java-1.56.0-win32-x64\jre\21.0.12.1-win32-x86_64\bin\sunmscapi.dll
0x00007ffe45d10000 - 0x00007ffe45e8e000 	C:\WINDOWS\System32\CRYPT32.dll
0x00007ffe44ca0000 - 0x00007ffe44cd0000 	C:\WINDOWS\SYSTEM32\ncrypt.dll
0x00007ffe44c50000 - 0x00007ffe44c8f000 	C:\WINDOWS\SYSTEM32\NTASN1.dll
0x00007ffe43c80000 - 0x00007ffe43dd8000 	C:\WINDOWS\SYSTEM32\DNSAPI.dll
0x00007ffe44550000 - 0x00007ffe4455d000 	C:\WINDOWS\SYSTEM32\DSPARSE.dll
0x00007ffe35520000 - 0x00007ffe3552b000 	C:\Windows\System32\rasadhlp.dll
0x00007ffe3e870000 - 0x00007ffe3e8f6000 	C:\WINDOWS\System32\fwpuclnt.dll
0x00007ffe11b60000 - 0x00007ffe11b69000 	C:\Users\chae0\.vscode\extensions\redhat.java-1.56.0-win32-x64\jre\21.0.12.1-win32-x86_64\bin\extnet.dll

JVMTI agents:
c:\Users\chae0\.vscode\extensions\redhat.java-1.56.0-win32-x64\lombok\lombok-1.18.39-4050.jar path:c:\Users\chae0\.vscode\extensions\redhat.java-1.56.0-win32-x64\jre\21.0.12.1-win32-x86_64\bin\instrument.dll, loaded, initialized, instrumentlib options:none

dbghelp: loaded successfully - version: 4.0.5 - missing functions: none
symbol engine: initialized successfully - sym options: 0x614 - pdb path: .;c:\Users\chae0\.vscode\extensions\redhat.java-1.56.0-win32-x64\jre\21.0.12.1-win32-x86_64\bin;C:\WINDOWS\SYSTEM32;C:\WINDOWS\WinSxS\amd64_microsoft.windows.common-controls_6595b64144ccf1df_6.0.26100.8972_none_3e0da176e32f9d4b;c:\Users\chae0\.vscode\extensions\redhat.java-1.56.0-win32-x64\jre\21.0.12.1-win32-x86_64\bin\server;C:\Users\chae0\AppData\Roaming\Code\User\globalStorage\redhat.java\1.56.0\config_win\org.eclipse.equinox.launcher\org.eclipse.equinox.launcher.win32.win32.x86_64_1.3.100.v20260804-1928;C:\Users\chae0\AppData\Local\Temp\jna-94623239;C:\Users\chae0\.gradle\native\660c5614fbf4a5f2a75b1949f50a0caf5cd603558e7d8a26e50b933a0cfb79d1\windows-amd64

VM Arguments:
jvm_args: --add-modules=ALL-SYSTEM --add-opens=java.base/java.util=ALL-UNNAMED --add-opens=java.base/java.lang=ALL-UNNAMED --add-opens=java.base/sun.nio.fs=ALL-UNNAMED -Declipse.application=org.eclipse.jdt.ls.core.id1 -Dosgi.bundles.defaultStartLevel=4 -Declipse.product=org.eclipse.jdt.ls.core.product -Djava.import.generatesMetadataFilesAtProjectRoot=false -Dm2e.project.cache.size=50 -DDetectVMInstallationsJob.disabled=true -Dfile.encoding=utf8 -XX:+UseParallelGC -XX:GCTimeRatio=4 -XX:AdaptiveSizePolicyWeight=90 -Dsun.zip.disableMemoryMapping=true -Xmx2G -Xms100m -Xlog:disable -javaagent:c:\Users\chae0\.vscode\extensions\redhat.java-1.56.0-win32-x64\lombok\lombok-1.18.39-4050.jar -XX:+HeapDumpOnOutOfMemoryError -XX:HeapDumpPath=c:\Users\chae0\AppData\Roaming\Code\User\workspaceStorage\ee96c83a427e1ea0f4b4714848568712\redhat.java -Daether.dependencyCollector.impl=bf 
java_command: c:\Users\chae0\.vscode\extensions\redhat.java-1.56.0-win32-x64\server\plugins\org.eclipse.equinox.launcher_1.8.0.v20260804-1928.jar -configuration c:\Users\chae0\AppData\Roaming\Code\User\globalStorage\redhat.java\1.56.0\config_win -data c:\Users\chae0\AppData\Roaming\Code\User\workspaceStorage\ee96c83a427e1ea0f4b4714848568712\redhat.java\jdt_ws --pipe=\\.\pipe\lsp-900e5d17075f2e1ec57b7b095d0cc854-sock
java_class_path (initial): c:\Users\chae0\.vscode\extensions\redhat.java-1.56.0-win32-x64\server\plugins\org.eclipse.equinox.launcher_1.8.0.v20260804-1928.jar
Launcher Type: SUN_STANDARD

[Global flags]
    uintx AdaptiveSizePolicyWeight                 = 90                                        {product} {command line}
     intx CICompilerCount                          = 12                                        {product} {ergonomic}
    uintx GCTimeRatio                              = 4                                         {product} {command line}
     bool HeapDumpOnOutOfMemoryError               = true                                   {manageable} {command line}
    ccstr HeapDumpPath                             = c:\Users\chae0\AppData\Roaming\Code\User\workspaceStorage\ee96c83a427e1ea0f4b4714848568712\redhat.java         {manageable} {command line}
   size_t InitialHeapSize                          = 104857600                                 {product} {command line}
   size_t MaxHeapSize                              = 2147483648                                {product} {command line}
   size_t MaxNewSize                               = 715653120                                 {product} {ergonomic}
   size_t MinHeapDeltaBytes                        = 524288                                    {product} {ergonomic}
   size_t MinHeapSize                              = 104857600                                 {product} {command line}
   size_t NewSize                                  = 34603008                                  {product} {ergonomic}
    uintx NonNMethodCodeHeapSize                   = 7602480                                {pd product} {ergonomic}
    uintx NonProfiledCodeHeapSize                  = 122027880                              {pd product} {ergonomic}
   size_t OldSize                                  = 70254592                                  {product} {ergonomic}
    uintx ProfiledCodeHeapSize                     = 122027880                              {pd product} {ergonomic}
    uintx ReservedCodeCacheSize                    = 251658240                              {pd product} {ergonomic}
     bool SegmentedCodeCache                       = true                                      {product} {ergonomic}
   size_t SoftMaxHeapSize                          = 2147483648                             {manageable} {ergonomic}
     bool UseCompressedOops                        = true                           {product lp64_product} {ergonomic}
     bool UseLargePagesIndividualAllocation        = false                                  {pd product} {ergonomic}
     bool UseParallelGC                            = true                                      {product} {command line}

Logging:
Log output configuration:
 #0: stdout all=off uptime,level,tags foldmultilines=false
 #1: stderr all=off uptime,level,tags foldmultilines=false

Release file:
JAVA_VERSION="21.0.12.1" 
MODULES="java.base java.compiler java.datatransfer java.xml java.prefs java.desktop java.instrument java.logging java.management java.security.sasl java.naming java.rmi java.management.rmi java.net.http java.scripting java.security.jgss java.transaction.xa java.sql java.sql.rowset java.xml.crypto java.se java.smartcardio jdk.accessibility jdk.internal.jvmstat jdk.attach jdk.charsets jdk.internal.opt jdk.zipfs jdk.compiler jdk.crypto.ec jdk.crypto.cryptoki jdk.crypto.mscapi jdk.dynalink jdk.internal.ed jdk.editpad jdk.hotspot.agent jdk.httpserver jdk.internal.le jdk.internal.vm.ci jdk.internal.vm.compiler jdk.internal.vm.compiler.management jdk.jartool jdk.javadoc jdk.jcmd jdk.management jdk.management.agent jdk.jconsole jdk.jdeps jdk.jdwp.agent jdk.jdi jdk.jfr jdk.jshell jdk.jsobject jdk.jstatd jdk.localedata jdk.management.jfr jdk.naming.dns jdk.naming.rmi jdk.net jdk.nio.mapmode jdk.random jdk.sctp jdk.security.auth jdk.security.jgss jdk.unsupported jdk.unsupported.desktop jdk.xml.dom" 

Environment Variables:
JAVA_HOME=C:\Program Files\Java\jdk-21
PATH=C:\Python314\Scripts\;C:\Python314\;C:\Program Files (x86)\VMware\VMware Workstation\bin\;C:\Program Files\Common Files\Oracle\Java\javapath;C:\WINDOWS\system32;C:\WINDOWS;C:\WINDOWS\System32\Wbem;C:\WINDOWS\System32\WindowsPowerShell\v1.0\;C:\WINDOWS\System32\OpenSSH\;C:\Program Files\Java\jdk-21\bin\;C:\Program Files\Java\jdk-21bin;C:\Program Files\Microsoft SQL Server\Client SDK\ODBC\170\Tools\Binn\;C:\Program Files (x86)\Microsoft SQL Server\150\Tools\Binn\;C:\Program Files\Microsoft SQL Server\150\Tools\Binn\;C:\Program Files\Microsoft SQL Server\150\DTS\Binn\;C:\Program Files (x86)\Microsoft SQL Server\150\DTS\Binn\;C:\Program Files\Azure Data Studio\bin;C:\Program Files\Java\jdk-21BIN;C:\Users\chae0\Downloads\node-v22.13.1-win-x64\;D:\Git\cmd;C:\Users\chae0\AppData\Local\Android\Sdk\platform-tools;C:\Program Files\dotnet\;C:\Program Files (x86)\Windows Kits\10\Windows Performance Toolkit\;C:\Program Files\nodejs\;C:\ProgramData\chocolatey\bin;C:\Users\chae0\AppData\Local\Android\Sdk\platform-tools;C:\Program Files\MySQL\MySQL Server 8.0\bin;C:\Users\chae0\AppData\Local\Programs\Python\Launcher\;C:\Users\chae0\AppData\Local\Microsoft\WindowsApps;C:\Program Files\Java\jdk-21\bin;C:\Program Files\Azure Data Studio\bin;C:\Users\chae0\AppData\Local\Programs\Microsoft VS Code\bin;C:\Users\chae0\.dotnet\tools;D:\downloads\flutter_windows_3.35.5-stable\flutter\bin;C:\Users\chae0\AppData\Roaming\npm
USERNAME=chae0
OS=Windows_NT
PROCESSOR_IDENTIFIER=Intel64 Family 6 Model 154 Stepping 3, GenuineIntel
TMP=C:\Users\chae0\AppData\Local\Temp
TEMP=C:\Users\chae0\AppData\Local\Temp




Periodic native trim disabled

---------------  S Y S T E M  ---------------

OS:
 Windows 11 , 64 bit Build 26100 (10.0.26100.9168)
OS uptime: 0 days 1:08 hours

CPU: total 16 (initial active 16) (16 cores per cpu, 1 threads per core) family 6 model 154 stepping 3 microcode 0x421, cx8, cmov, fxsr, mmx, 3dnowpref, sse, sse2, sse3, ssse3, sse4.1, sse4.2, popcnt, lzcnt, tsc, tscinvbit, avx, avx2, aes, erms, clmul, bmi1, bmi2, adx, sha, fma, vzeroupper, clflush, clflushopt, clwb, serialize, rdtscp, rdpid, fsrm, f16c, pku, cet_ibt, cet_ss
Processor Information for processor 0
  Max Mhz: 1700, Current Mhz: 1457, Mhz Limit: 1700
Processor Information for processor 1
  Max Mhz: 1700, Current Mhz: 1700, Mhz Limit: 1700
Processor Information for processor 2
  Max Mhz: 1700, Current Mhz: 1700, Mhz Limit: 1700
Processor Information for processor 3
  Max Mhz: 1700, Current Mhz: 1700, Mhz Limit: 1700
Processor Information for processor 4
  Max Mhz: 1700, Current Mhz: 1700, Mhz Limit: 1700
Processor Information for processor 5
  Max Mhz: 1700, Current Mhz: 1457, Mhz Limit: 1700
Processor Information for processor 6
  Max Mhz: 1700, Current Mhz: 1700, Mhz Limit: 1700
Processor Information for processor 7
  Max Mhz: 1700, Current Mhz: 1457, Mhz Limit: 1700
Processor Information for processor 8
  Max Mhz: 1700, Current Mhz: 1558, Mhz Limit: 1700
Processor Information for processor 9
  Max Mhz: 1700, Current Mhz: 1700, Mhz Limit: 1700
Processor Information for processor 10
  Max Mhz: 1700, Current Mhz: 1558, Mhz Limit: 1700
Processor Information for processor 11
  Max Mhz: 1700, Current Mhz: 1558, Mhz Limit: 1700
Processor Information for processor 12
  Max Mhz: 1700, Current Mhz: 1558, Mhz Limit: 1700
Processor Information for processor 13
  Max Mhz: 1700, Current Mhz: 1558, Mhz Limit: 1700
Processor Information for processor 14
  Max Mhz: 1700, Current Mhz: 1558, Mhz Limit: 1700
Processor Information for processor 15
  Max Mhz: 1700, Current Mhz: 1558, Mhz Limit: 1700

Memory: 4k page, system-wide physical 16066M (1189M free)
TotalPageFile size 39653M (AvailPageFile size 1823M)
current process WorkingSet (physical memory assigned to process): 1018M, peak: 1018M
current process commit charge ("private bytes"): 977M, peak: 977M

vm_info: OpenJDK 64-Bit Server VM (21.0.12.1+1-LTS) for windows-amd64 JRE (21.0.12.1+1-LTS), built on 2026-08-18T00:00:00Z by "admin" with MS VC++ 17.12 (VS2022)

END.
