#
# There is insufficient memory for the Java Runtime Environment to continue.
# Native memory allocation (malloc) failed to allocate 585920 bytes. Error detail: Chunk::new
# Possible reasons:
#   The system is out of physical RAM or swap space
#   This process is running with CompressedOops enabled, and the Java Heap may be blocking the growth of the native heap
# Possible solutions:
#   Reduce memory load on the system
#   Increase physical memory or swap space
#   Check if swap backing store is full
#   Decrease Java heap size (-Xmx/-Xms)
#   Decrease number of Java threads
#   Decrease Java thread stack sizes (-Xss)
#   Set larger code cache with -XX:ReservedCodeCacheSize=
#   JVM is running with Unscaled Compressed Oops mode in which the Java heap is
#     placed in the first 4GB address space. The Java Heap base address is the
#     maximum limit for the native heap growth. Please use -XX:HeapBaseMinAddress
#     to set the Java Heap base and to place the Java Heap above 4GB virtual address.
# This output file may be truncated or incomplete.
#
#  Out of Memory Error (arena.cpp:168), pid=15920, tid=7940
#
# JRE version: OpenJDK Runtime Environment Temurin-21.0.12.1+1 (21.0.12.1+1) (build 21.0.12.1+1-LTS)
# Java VM: OpenJDK 64-Bit Server VM Temurin-21.0.12.1+1 (21.0.12.1+1-LTS, mixed mode, sharing, tiered, compressed oops, compressed class ptrs, parallel gc, windows-amd64)
# No core dump will be written. Minidumps are not enabled by default on client versions of Windows
#

---------------  S U M M A R Y ------------

Command Line: --add-modules=ALL-SYSTEM --add-opens=java.base/java.util=ALL-UNNAMED --add-opens=java.base/java.lang=ALL-UNNAMED --add-opens=java.base/sun.nio.fs=ALL-UNNAMED -Declipse.application=org.eclipse.jdt.ls.core.id1 -Dosgi.bundles.defaultStartLevel=4 -Declipse.product=org.eclipse.jdt.ls.core.product -Djava.import.generatesMetadataFilesAtProjectRoot=false -Dm2e.project.cache.size=50 -DDetectVMInstallationsJob.disabled=true -Dfile.encoding=utf8 -XX:+UseParallelGC -XX:GCTimeRatio=4 -XX:AdaptiveSizePolicyWeight=90 -Dsun.zip.disableMemoryMapping=true -Xmx2G -Xms100m -Xlog:disable -javaagent:c:\Users\chae0\.vscode\extensions\redhat.java-1.56.0-win32-x64\lombok\lombok-1.18.39-4050.jar -XX:+HeapDumpOnOutOfMemoryError -XX:HeapDumpPath=c:\Users\chae0\AppData\Roaming\Code\User\workspaceStorage\ee96c83a427e1ea0f4b4714848568712\redhat.java -Daether.dependencyCollector.impl=bf c:\Users\chae0\.vscode\extensions\redhat.java-1.56.0-win32-x64\server\plugins\org.eclipse.equinox.launcher_1.8.0.v20260804-1928.jar -configuration c:\Users\chae0\AppData\Roaming\Code\User\globalStorage\redhat.java\1.56.0\config_win -data c:\Users\chae0\AppData\Roaming\Code\User\workspaceStorage\ee96c83a427e1ea0f4b4714848568712\redhat.java\jdt_ws --stdio

Host: 12th Gen Intel(R) Core(TM) i5-1240P, 16 cores, 15G,  Windows 11 , 64 bit Build 26100 (10.0.26100.9168)
Time: Tue Sep  8 16:52:11 2026 elapsed time: 122.980427 seconds (0d 0h 2m 2s)

---------------  T H R E A D  ---------------

Current thread (0x000001ebdcb63750):  JavaThread "C2 CompilerThread0" daemon [_thread_in_native, id=7940, stack(0x000000d6f0300000,0x000000d6f0400000) (1024K)]


Current CompileTask:
C2:122981 17054       4       org.gradle.internal.service.DefaultServiceRegistry$ServicesSnapshot::collectProvidersForClassHierarchyOf (147 bytes)

Stack: [0x000000d6f0300000,0x000000d6f0400000]
Native frames: (J=compiled Java code, j=interpreted, Vv=VM code, C=native code)
V  [jvm.dll+0x6d83e9]
V  [jvm.dll+0x8b5736]
V  [jvm.dll+0x8b7cee]
V  [jvm.dll+0x8b83d3]
V  [jvm.dll+0x284596]
V  [jvm.dll+0xc685d]
V  [jvm.dll+0xc6da1]
V  [jvm.dll+0x3bf18b]
V  [jvm.dll+0x38b6d2]
V  [jvm.dll+0x38ab1a]
V  [jvm.dll+0x24c700]
V  [jvm.dll+0x24bce0]
V  [jvm.dll+0x1cb4ae]
V  [jvm.dll+0x25baad]
V  [jvm.dll+0x25a03a]
V  [jvm.dll+0x3f8aae]
V  [jvm.dll+0x8600cd]
V  [jvm.dll+0x6d6c1d]
C  [ucrtbase.dll+0x2cd30]
C  [KERNEL32.DLL+0x2ccb7]
C  [ntdll.dll+0xaad6c]


---------------  P R O C E S S  ---------------

Threads class SMR info:
_java_thread_list=0x000001ebe461e290, length=525, elements={
0x000001eb83c76210, 0x000001eb83d29580, 0x000001eb9a70b540, 0x000001ebdcb26ec0,
0x000001ebdcb2a240, 0x000001ebdcb2b7c0, 0x000001ebdcb2c5a0, 0x000001ebdcb63750,
0x000001ebdcb64990, 0x000001ebdcdf9a80, 0x000001ebde4359b0, 0x000001ebe3680be0,
0x000001ebe3666f10, 0x000001ebe30e9fe0, 0x000001ebe30f1ef0, 0x000001ebe3b35e70,
0x000001ebe36093d0, 0x000001ebe399c3c0, 0x000001ebe3a8cd30, 0x000001ebe3a89f40,
0x000001ebe3a8b980, 0x000001ebe3a8c010, 0x000001ebe3a8c6a0, 0x000001ebe3a8d3c0,
0x000001ebe3a8ac60, 0x000001ebe3a8b2f0, 0x000001ebe40bd4b0, 0x000001ebe40bc100,
0x000001ebe40be1d0, 0x000001ebe40bba70, 0x000001ebe40be860, 0x000001ebe40bf580,
0x000001ebe40c02a0, 0x000001ebe40bfc10, 0x000001ebe40bce20, 0x000001ebe40c0fc0,
0x000001ebe40c0930, 0x000001ebe40bdb40, 0x000001ebe40c1650, 0x000001ebe40c1ce0,
0x000001ebe40c2370, 0x000001ebe5b66f30, 0x000001ebe5b675c0, 0x000001ebe5b68970,
0x000001ebe5b682e0, 0x000001ebe5b67c50, 0x000001ebe5b6a3b0, 0x000001ebe5b6cb10,
0x000001ebe5b69d20, 0x000001ebe5b6d830, 0x000001ebe5b6d1a0, 0x000001ebe5b6dec0,
0x000001ebe37b1af0, 0x000001ebe37b2180, 0x000001ebe37b3bc0, 0x000001ebe37b2810,
0x000001ebe37b4250, 0x000001ebe37b0dd0, 0x000001ebe37b1460, 0x000001ebe37b5600,
0x000001ebe37b4f70, 0x000001ebe37b48e0, 0x000001ebe37b5c90, 0x000001ebe37b83f0,
0x000001ebe37b69b0, 0x000001ebe37b7040, 0x000001ebe37b76d0, 0x000001ebe37b2ea0,
0x000001ebe4c98a40, 0x000001ebe4c9b1a0, 0x000001ebe4c990d0, 0x000001ebe4c99df0,
0x000001ebe4c97d20, 0x000001ebe4c9c550, 0x000001ebe4c9a480, 0x000001ebe4c9ab10,
0x000001ebe4c9cbe0, 0x000001ebe4c99760, 0x000001ebe4c9e620, 0x000001ebe4c9b830,
0x000001ebe4c9d270, 0x000001ebe4c9d900, 0x000001ebe4c9bec0, 0x000001ebe4c9ecb0,
0x000001ebe5b6bdf0, 0x000001ebe4c9f340, 0x000001ebe6a8c4b0, 0x000001ebe6a8cb40,
0x000001ebe6a8e580, 0x000001ebe6a8d1d0, 0x000001ebe6a8ec10, 0x000001ebe6a8d860,
0x000001ebe6a8f2a0, 0x000001ebe6a8be20, 0x000001ebe6a90ce0, 0x000001ebe6a91370,
0x000001ebe6a8f930, 0x000001ebe6a8ffc0, 0x000001ebe6a92db0, 0x000001ebe6a90650,
0x000001ebe6a92720, 0x000001ebe6a91a00, 0x000001ebdce743c0, 0x000001ebdce74a50,
0x000001ebdce78560, 0x000001ebdce771b0, 0x000001ebdce76490, 0x000001ebdce76b20,
0x000001ebdce77ed0, 0x000001ebdce77840, 0x000001ebdce78bf0, 0x000001ebdce75e00,
0x000001ebdce75770, 0x000001ebdce750e0, 0x000001ebdce79910, 0x000001ebdce79280,
0x000001ebdce79fa0, 0x000001ebdce7b350, 0x000001ebdce7acc0, 0x000001ebf0d47b30,
0x000001ebf0d45a60, 0x000001ebf0d481c0, 0x000001ebf0d44d40, 0x000001ebf0d46e10,
0x000001ebf0d48850, 0x000001ebf0d474a0, 0x000001ebf0d453d0, 0x000001ebf0d49570,
0x000001ebf0d460f0, 0x000001ebf0d49c00, 0x000001ebf0d46780, 0x000001ebf0d4a290,
0x000001ebf0d4b640, 0x000001ebf0d4c360, 0x000001ebf0d48ee0, 0x000001ebe7402ad0,
0x000001ebe73ffce0, 0x000001ebe7401090, 0x000001ebe7401db0, 0x000001ebe7400a00,
0x000001ebe7402440, 0x000001ebe74037f0, 0x000001ebe7400370, 0x000001ebe7401720,
0x000001ebe7404510, 0x000001ebe73ff650, 0x000001ebe7405f50, 0x000001ebe74065e0,
0x000001ebe7403160, 0x000001ebf0d4bcd0, 0x000001ebe74058c0, 0x000001ebe7406c70,
0x000001ebe7405230, 0x000001ebdcc9cd40, 0x000001ebdcc9c6b0, 0x000001ebdcc9e780,
0x000001ebdcc9ee10, 0x000001ebdcc9da60, 0x000001ebdcca2920, 0x000001ebdcc9e0f0,
0x000001ebdcc9c020, 0x000001ebdcc9b990, 0x000001ebdcca1570, 0x000001ebdcca2290,
0x000001ebdcca2fb0, 0x000001ebdcca01c0, 0x000001ebdcc9fb30, 0x000001ebdcca0ee0,
0x000001ebdcc9f4a0, 0x000001ebdcca1c00, 0x000001ebdcca7150, 0x000001ebdcca0850,
0x000001ebdcca7e70, 0x000001ebdcca5080, 0x000001ebdcca98b0, 0x000001ebdcca6ac0,
0x000001ebdcca9220, 0x000001ebdcca6430, 0x000001ebdcca77e0, 0x000001ebdcca3cd0,
0x000001ebdcca49f0, 0x000001ebdcca5da0, 0x000001ebdcca8500, 0x000001ebdcca4360,
0x000001ebdccaac60, 0x000001ebe6a92090, 0x000001ebdcca8b90, 0x000001ebf0d4a920,
0x000001ebe7403e80, 0x000001ebe44bb0e0, 0x000001ebe44bb770, 0x000001ebe44bded0,
0x000001ebe44bf910, 0x000001ebe44be560, 0x000001ebe44bbe00, 0x000001ebe44bcb20,
0x000001ebe44bd840, 0x000001ebe44c0630, 0x000001ebe44c0cc0, 0x000001ebe44bf280,
0x000001ebe44bebf0, 0x000001ebe44bffa0, 0x000001ebe44c3420, 0x000001ebe44bc490,
0x000001ebe44c2d90, 0x000001ebe44c2070, 0x000001ebe44c2700, 0x000001ebe44c4140,
0x000001ebe44c75c0, 0x000001ebe44c4e60, 0x000001ebe44c3ab0, 0x000001ebe44bd1b0,
0x000001ebe44c6f30, 0x000001ebe44c19e0, 0x000001ebe44c6210, 0x000001ebe44c7c50,
0x000001ebe44c68a0, 0x000001ebe44c82e0, 0x000001ebe44c9000, 0x000001ebe44c8970,
0x000001ebe44c9690, 0x000001ebe44c5b80, 0x000001ebe44c47d0, 0x000001ebdcca9f40,
0x000001ebdccaa5d0, 0x000001ebe42af850, 0x000001ebe42afee0, 0x000001ebe42b0570,
0x000001ebe42ad0f0, 0x000001ebe42ae4a0, 0x000001ebe42aeb30, 0x000001ebe42aca60,
0x000001ebe42ad780, 0x000001ebe42b39f0, 0x000001ebe42b1920, 0x000001ebe42b1290,
0x000001ebe42ade10, 0x000001ebe42af1c0, 0x000001ebe42b4080, 0x000001ebe42b0c00,
0x000001ebe42b4710, 0x000001ebe42b2640, 0x000001ebe42b4da0, 0x000001ebe42b2cd0,
0x000001ebe42b5ac0, 0x000001ebe42b6150, 0x000001ebe42b3360, 0x000001ebe42ba980,
0x000001ebe42b6e70, 0x000001ebe42b9c60, 0x000001ebe42b8f40, 0x000001ebe42b7500,
0x000001ebe42bb010, 0x000001ebe42bbd30, 0x000001ebe74abd20, 0x000001ebe74ad0d0,
0x000001ebe74ab000, 0x000001ebe74aca40, 0x000001ebe74a9c50, 0x000001ebe74addf0,
0x000001ebe74afec0, 0x000001ebe74b0be0, 0x000001ebe74b1270, 0x000001ebe74b1900,
0x000001ebe74b0550, 0x000001ebe74b1f90, 0x000001ebe74af1a0, 0x000001ebe74b2cb0,
0x000001ebe74b6130, 0x000001ebe74b5aa0, 0x000001ebe74b67c0, 0x000001ebe74b39d0,
0x000001ebe74b3340, 0x000001ebe74b4d80, 0x000001ebe74b6e50, 0x000001ebe74b46f0,
0x000001ebe74b4060, 0x000001ebe74b7b70, 0x000001ebe74b8200, 0x000001ebe74b8890,
0x000001ebe74b5410, 0x000001ebe74b8f20, 0x000001ebe639c8f0, 0x000001ebe639cf80,
0x000001ebe6399b00, 0x000001ebe639c260, 0x000001ebe639aeb0, 0x000001ebe639bbd0,
0x000001ebe639dca0, 0x000001ebe639e330, 0x000001ebe63a0400, 0x000001ebe63a17b0,
0x000001ebe63a0a90, 0x000001ebe63a1e40, 0x000001ebe639e9c0, 0x000001ebe639f050,
0x000001ebe63a2b60, 0x000001ebe639f6e0, 0x000001ebe63a31f0, 0x000001ebe639fd70,
0x000001ebe63a45a0, 0x000001ebe63a6d00, 0x000001ebe63a6670, 0x000001ebe63a3880,
0x000001ebe63a7390, 0x000001ebe63a3f10, 0x000001ebe63a7a20, 0x000001ebe63a80b0,
0x000001ebe63a4c30, 0x000001ebe63a52c0, 0x000001ebe63a9460, 0x000001ebe63a8dd0,
0x000001ebe63aa180, 0x000001ebe63aa810, 0x000001ebe63aaea0, 0x000001ebe63a9af0,
0x000001ebe63ab530, 0x000001ebe63abbc0, 0x000001ebe63a8740, 0x000001ebe63ac250,
0x000001ebe63adc90, 0x000001ebe63ad600, 0x000001ebe63ae320, 0x000001ebe63af040,
0x000001ebe63af6d0, 0x000001ebe63afd60, 0x000001ebe63ac8e0, 0x000001ebe63b2b50,
0x000001ebe63b0a80, 0x000001ebe63b1e30, 0x000001ebe63b24c0, 0x000001ebe63b6660,
0x000001ebe63b3f00, 0x000001ebe63b52b0, 0x000001ebe63b4590, 0x000001ebe63b80a0,
0x000001ebe63b8dc0, 0x000001ebe421fca0, 0x000001ebe421c820, 0x000001ebe421f610,
0x000001ebe421ceb0, 0x000001ebe421e8f0, 0x000001ebe4221d70, 0x000001ebe42237b0,
0x000001ebe42216e0, 0x000001ebe4221050, 0x000001ebe4223e40, 0x000001ebe4223120,
0x000001ebe42244d0, 0x000001ebe4224b60, 0x000001ebe4225880, 0x000001ebe4222400,
0x000001ebe42251f0, 0x000001ebe4225f10, 0x000001ebe4222a90, 0x000001ebe42272c0,
0x000001ebe4228670, 0x000001ebe4227950, 0x000001ebe4228d00, 0x000001ebe4229a20,
0x000001ebe42265a0, 0x000001ebe422a0b0, 0x000001ebe422a740, 0x000001ebe422add0,
0x000001ebe422b460, 0x000001ebe74fa380, 0x000001ebe74f8940, 0x000001ebe74f82b0,
0x000001ebe74f9660, 0x000001ebe74fd170, 0x000001ebe74fb0a0, 0x000001ebe74fbdc0,
0x000001ebe74fc450, 0x000001ebe74ddeb0, 0x000001ebe74fcae0, 0x000001ebe74e0ca0,
0x000001ebe74e1330, 0x000001ebe74df8f0, 0x000001ebe74e19c0, 0x000001ebe74df260,
0x000001ebe74debd0, 0x000001ebe74de540, 0x000001ebe74e2050, 0x000001ebe74e3400,
0x000001ebe74e2d70, 0x000001ebe74dff80, 0x000001ebe74e26e0, 0x000001ebe74e3a90,
0x000001ebe74e54d0, 0x000001ebe74e4120, 0x000001ebe74e75a0, 0x000001ebe74e7c30,
0x000001ebe74e47b0, 0x000001ebe74e82c0, 0x000001ebe74e4e40, 0x000001ebe74e5b60,
0x000001ebe74e6f10, 0x000001ebe74e8fe0, 0x000001ebe74e61f0, 0x000001ebe74eb740,
0x000001ebe74ec460, 0x000001ebe74ed180, 0x000001ebe74ea390, 0x000001ebe74e9d00,
0x000001ebe74edea0, 0x000001ebe74eaa20, 0x000001ebe74ee530, 0x000001ebe74f19b0,
0x000001ebe74f2040, 0x000001ebe74eb0b0, 0x000001ebe74f0c90, 0x000001ebe74f1320,
0x000001ebe74eebc0, 0x000001ebe74ef250, 0x000001ebe74f26d0, 0x000001ebe74f0600,
0x000001ebe74f2d60, 0x000001ebe74eff70, 0x000001ebe74f47a0, 0x000001ebe74ef8e0,
0x000001ebe74f3a80, 0x000001ebe74f61e0, 0x000001ebe74f4110, 0x000001ebe74f5b50,
0x000001ebe74f7590, 0x000001ebe74f4e30, 0x000001ebe74f33f0, 0x000001ebe42b88b0,
0x000001ebe422baf0, 0x000001ebe74f54c0, 0x000001ebe42b67e0, 0x000001ebe74f6870,
0x000001ebe462e940, 0x000001ebe462f660, 0x000001ebe462e2b0, 0x000001ebe4630380,
0x000001ebe4633170, 0x000001ebe46310a0, 0x000001ebe462fcf0, 0x000001ebe462d590,
0x000001ebe4633e90, 0x000001ebe4631dc0, 0x000001ebe4635240, 0x000001ebe4632450,
0x000001ebe462efd0, 0x000001ebe46365f0, 0x000001ebe46379a0, 0x000001ebe4638030,
0x000001ebe4632ae0, 0x000001ebe463a100, 0x000001ebe46386c0, 0x000001ebe4638d50,
0x000001ebe462cf00, 0x000001ebe46393e0, 0x000001ebe4637310, 0x000001ebe4639a70,
0x000001ebe4630a10, 0x000001ebe4634520, 0x000001ebe462c870, 0x000001ebe4631730,
0x000001ebe462c1e0, 0x000001ebe462dc20, 0x000001ebe4633800, 0x000001ebe4636c80,
0x000001ebe463a790, 0x000001ebe63acf70, 0x000001ebe63ae9b0, 0x000001ebe63b6cf0,
0x000001ebe63a24d0, 0x000001ebe63b4c20, 0x000001ebe42b95d0, 0x000001ebe74ad760,
0x000001ebe74faa10, 0x000001ebe74f7c20, 0x000001ebe74ae480, 0x000001ebe63b3870,
0x000001ebe63b1110, 0x000001ebe4635f60, 0x000001ebe463b4b0, 0x000001ebe4634bb0,
0x000001ebe46358d0, 0x000001ebe421ef80, 0x000001ebe74ab690, 0x000001ebe63a5fe0,
0x000001ebe639a190, 0x000001ebe63b8730, 0x000001ebe63b5940, 0x000001ebe421e260,
0x000001ebe4227fe0, 0x000001ebe4226c30, 0x000001ebe74e0610, 0x000001ebe74b2620,
0x000001ebe74af830, 0x000001ebe44c9d20, 0x000001ebe42b5430, 0x000001ebe639b540,
0x000001ebe63a1120, 0x000001ebe74f8fd0, 0x000001ebe74fb730, 0x000001ebe74e8950,
0x000001ebe74f9cf0, 0x000001ebe74aa2e0, 0x000001ebe63b7380, 0x000001ebe74aeb10,
0x000001ebe42ba2f0, 0x000001ebe639d610, 0x000001ebe63b17a0, 0x000001ebe74e9670,
0x000001ebe42b1fb0, 0x000001ebe42b7b90, 0x000001ebe42bb6a0, 0x000001ebe63b03f0,
0x000001ebe4220330, 0x000001ebe421d540, 0x000001ebe63b7a10, 0x000001ebe63b31e0,
0x000001ebe44ca3b0, 0x000001ebe421dbd0, 0x000001ebe74e6880, 0x000001ebe74ecaf0,
0x000001ebe639a820, 0x000001ebe63a5950, 0x000001ebe74aa970, 0x000001ebe74ac3b0,
0x000001ebe74f6f00
}

Java Threads: ( => current thread )
  0x000001eb83c76210 JavaThread "main"                              [_thread_blocked, id=5548, stack(0x000000d6ef900000,0x000000d6efa00000) (1024K)]
  0x000001eb83d29580 JavaThread "Reference Handler"          daemon [_thread_blocked, id=38604, stack(0x000000d6efd00000,0x000000d6efe00000) (1024K)]
  0x000001eb9a70b540 JavaThread "Finalizer"                  daemon [_thread_blocked, id=14548, stack(0x000000d6efe00000,0x000000d6eff00000) (1024K)]
  0x000001ebdcb26ec0 JavaThread "Signal Dispatcher"          daemon [_thread_blocked, id=32912, stack(0x000000d6eff00000,0x000000d6f0000000) (1024K)]
  0x000001ebdcb2a240 JavaThread "Attach Listener"            daemon [_thread_blocked, id=27480, stack(0x000000d6f0000000,0x000000d6f0100000) (1024K)]
  0x000001ebdcb2b7c0 JavaThread "Service Thread"             daemon [_thread_blocked, id=20112, stack(0x000000d6f0100000,0x000000d6f0200000) (1024K)]
  0x000001ebdcb2c5a0 JavaThread "Monitor Deflation Thread"   daemon [_thread_blocked, id=21756, stack(0x000000d6f0200000,0x000000d6f0300000) (1024K)]
=>0x000001ebdcb63750 JavaThread "C2 CompilerThread0"         daemon [_thread_in_native, id=7940, stack(0x000000d6f0300000,0x000000d6f0400000) (1024K)]
  0x000001ebdcb64990 JavaThread "C1 CompilerThread0"         daemon [_thread_blocked, id=30524, stack(0x000000d6f0400000,0x000000d6f0500000) (1024K)]
  0x000001ebdcdf9a80 JavaThread "Common-Cleaner"             daemon [_thread_blocked, id=16256, stack(0x000000d6f0800000,0x000000d6f0900000) (1024K)]
  0x000001ebde4359b0 JavaThread "Notification Thread"        daemon [_thread_blocked, id=32460, stack(0x000000d6f0900000,0x000000d6f0a00000) (1024K)]
  0x000001ebe3680be0 JavaThread "Active Thread: Equinox Container: bae88763-52f1-414d-8bfb-c69a3a39fca2"        [_thread_blocked, id=16456, stack(0x000000d6f1200000,0x000000d6f1300000) (1024K)]
  0x000001ebe3666f10 JavaThread "Refresh Thread: Equinox Container: bae88763-52f1-414d-8bfb-c69a3a39fca2" daemon [_thread_blocked, id=37252, stack(0x000000d6f1400000,0x000000d6f1500000) (1024K)]
  0x000001ebe30e9fe0 JavaThread "Framework Event Dispatcher: Equinox Container: bae88763-52f1-414d-8bfb-c69a3a39fca2" daemon [_thread_blocked, id=42252, stack(0x000000d6f1500000,0x000000d6f1600000) (1024K)]
  0x000001ebe30f1ef0 JavaThread "Start Level: Equinox Container: bae88763-52f1-414d-8bfb-c69a3a39fca2" daemon [_thread_blocked, id=30640, stack(0x000000d6f1600000,0x000000d6f1700000) (1024K)]
  0x000001ebe3b35e70 JavaThread "Bundle File Closer"         daemon [_thread_blocked, id=33548, stack(0x000000d6f1a00000,0x000000d6f1b00000) (1024K)]
  0x000001ebe36093d0 JavaThread "SCR Component Actor"        daemon [_thread_blocked, id=19052, stack(0x000000d6f0600000,0x000000d6f0700000) (1024K)]
  0x000001ebe399c3c0 JavaThread "Worker-JM"                         [_thread_blocked, id=38188, stack(0x000000d6f0a00000,0x000000d6f0b00000) (1024K)]
  0x000001ebe3a8cd30 JavaThread "JNA Cleaner"                daemon [_thread_blocked, id=25756, stack(0x000000d6f1b00000,0x000000d6f1c00000) (1024K)]
  0x000001ebe3a89f40 JavaThread "Worker-0: Initialize workspace"        [_thread_blocked, id=33332, stack(0x000000d6f1c00000,0x000000d6f1d00000) (1024K)]
  0x000001ebe3a8b980 JavaThread "Worker-1: Initialize workspace"        [_thread_blocked, id=27568, stack(0x000000d6f1d00000,0x000000d6f1e00000) (1024K)]
  0x000001ebe3a8c010 JavaThread "Worker-2: Initialize workspace"        [_thread_blocked, id=35964, stack(0x000000d6f2200000,0x000000d6f2300000) (1024K)]
  0x000001ebe3a8c6a0 JavaThread "Java indexing"              daemon [_thread_blocked, id=34892, stack(0x000000d6f2300000,0x000000d6f2400000) (1024K)]
  0x000001ebe3a8d3c0 JavaThread "Worker-3: Initialize workspace"        [_thread_blocked, id=29372, stack(0x000000d6f2400000,0x000000d6f2500000) (1024K)]
  0x000001ebe3a8ac60 JavaThread "Worker-4: Initialize workspace"        [_thread_blocked, id=33788, stack(0x000000d6f2700000,0x000000d6f2800000) (1024K)]
  0x000001ebe3a8b2f0 JavaThread "Worker-5: Initialize workspace"        [_thread_blocked, id=15864, stack(0x000000d6f2800000,0x000000d6f2900000) (1024K)]
  0x000001ebe40bd4b0 JavaThread "pool-2-thread-1"                   [_thread_blocked, id=36488, stack(0x000000d6f2900000,0x000000d6f2a00000) (1024K)]
  0x000001ebe40bc100 JavaThread "WorkspaceEventsHandler"            [_thread_blocked, id=9156, stack(0x000000d6f2a00000,0x000000d6f2b00000) (1024K)]
  0x000001ebe40be1d0 JavaThread "pool-1-thread-1"                   [_thread_blocked, id=2452, stack(0x000000d6f2b00000,0x000000d6f2c00000) (1024K)]
  0x000001ebe40bba70 JavaThread "PatternSearchJob-worker-1"  daemon [_thread_blocked, id=7656, stack(0x000000d6f2100000,0x000000d6f2200000) (1024K)]
  0x000001ebe40be860 JavaThread "PatternSearchJob-worker-2"  daemon [_thread_blocked, id=13812, stack(0x000000d6f2c00000,0x000000d6f2d00000) (1024K)]
  0x000001ebe40bf580 JavaThread "PatternSearchJob-worker-3"  daemon [_thread_blocked, id=13656, stack(0x000000d6f2d00000,0x000000d6f2e00000) (1024K)]
  0x000001ebe40c02a0 JavaThread "PatternSearchJob-worker-4"  daemon [_thread_blocked, id=19252, stack(0x000000d6f2e00000,0x000000d6f2f00000) (1024K)]
  0x000001ebe40bfc10 JavaThread "PatternSearchJob-worker-5"  daemon [_thread_blocked, id=33972, stack(0x000000d6f2f00000,0x000000d6f3000000) (1024K)]
  0x000001ebe40bce20 JavaThread "PatternSearchJob-worker-6"  daemon [_thread_blocked, id=25368, stack(0x000000d6f3000000,0x000000d6f3100000) (1024K)]
  0x000001ebe40c0fc0 JavaThread "PatternSearchJob-worker-7"  daemon [_thread_blocked, id=43248, stack(0x000000d6f3100000,0x000000d6f3200000) (1024K)]
  0x000001ebe40c0930 JavaThread "PatternSearchJob-worker-8"  daemon [_thread_blocked, id=34184, stack(0x000000d6f3200000,0x000000d6f3300000) (1024K)]
  0x000001ebe40bdb40 JavaThread "PatternSearchJob-worker-9"  daemon [_thread_blocked, id=24712, stack(0x000000d6f3300000,0x000000d6f3400000) (1024K)]
  0x000001ebe40c1650 JavaThread "PatternSearchJob-worker-10" daemon [_thread_blocked, id=15636, stack(0x000000d6f3400000,0x000000d6f3500000) (1024K)]
  0x000001ebe40c1ce0 JavaThread "PatternSearchJob-worker-11" daemon [_thread_blocked, id=20740, stack(0x000000d6f3500000,0x000000d6f3600000) (1024K)]
  0x000001ebe40c2370 JavaThread "PatternSearchJob-worker-12" daemon [_thread_blocked, id=37756, stack(0x000000d6f3600000,0x000000d6f3700000) (1024K)]
  0x000001ebe5b66f30 JavaThread "PatternSearchJob-worker-13" daemon [_thread_blocked, id=34952, stack(0x000000d6f3700000,0x000000d6f3800000) (1024K)]
  0x000001ebe5b675c0 JavaThread "PatternSearchJob-worker-14" daemon [_thread_blocked, id=3992, stack(0x000000d6f3800000,0x000000d6f3900000) (1024K)]
  0x000001ebe5b68970 JavaThread "PatternSearchJob-worker-15" daemon [_thread_blocked, id=40032, stack(0x000000d6f3900000,0x000000d6f3a00000) (1024K)]
  0x000001ebe5b682e0 JavaThread "Timer-0"                           [_thread_blocked, id=31348, stack(0x000000d6f3b00000,0x000000d6f3c00000) (1024K)]
  0x000001ebe5b67c50 JavaThread "Timer-1"                           [_thread_blocked, id=17792, stack(0x000000d6f3a00000,0x000000d6f3b00000) (1024K)]
  0x000001ebe5b6a3b0 JavaThread "Worker-6: Initialize workspace"        [_thread_blocked, id=26372, stack(0x000000d6f1e00000,0x000000d6f1f00000) (1024K)]
  0x000001ebe5b6cb10 JavaThread "Worker-7: Initialize workspace"        [_thread_blocked, id=16424, stack(0x000000d6f3c00000,0x000000d6f3d00000) (1024K)]
  0x000001ebe5b69d20 JavaThread "Timer-2"                           [_thread_blocked, id=29676, stack(0x000000d6f3f00000,0x000000d6f4000000) (1024K)]
  0x000001ebe5b6d830 JavaThread "Timer-3"                           [_thread_blocked, id=26712, stack(0x000000d6f4000000,0x000000d6f4100000) (1024K)]
  0x000001ebe5b6d1a0 JavaThread "Timer-4"                           [_thread_blocked, id=984, stack(0x000000d6f4100000,0x000000d6f4200000) (1024K)]
  0x000001ebe5b6dec0 JavaThread "Worker-8: Initialize workspace"        [_thread_blocked, id=15352, stack(0x000000d6f3e00000,0x000000d6f3f00000) (1024K)]
  0x000001ebe37b1af0 JavaThread "Timer-5"                           [_thread_blocked, id=36392, stack(0x000000d6f4300000,0x000000d6f4400000) (1024K)]
  0x000001ebe37b2180 JavaThread "Worker-9: Initialize workspace"        [_thread_blocked, id=28172, stack(0x000000d6f4200000,0x000000d6f4300000) (1024K)]
  0x000001ebe37b3bc0 JavaThread "Timer-6"                           [_thread_blocked, id=8968, stack(0x000000d6f4500000,0x000000d6f4600000) (1024K)]
  0x000001ebe37b2810 JavaThread "Worker-10: Initialize workspace"        [_thread_blocked, id=32516, stack(0x000000d6f4400000,0x000000d6f4500000) (1024K)]
  0x000001ebe37b4250 JavaThread "Timer-7"                           [_thread_blocked, id=37356, stack(0x000000d6f4700000,0x000000d6f4800000) (1024K)]
  0x000001ebe37b0dd0 JavaThread "Worker-11: Initialize workspace"        [_thread_blocked, id=37576, stack(0x000000d6f4600000,0x000000d6f4700000) (1024K)]
  0x000001ebe37b1460 JavaThread "Timer-8"                           [_thread_blocked, id=42528, stack(0x000000d6f4900000,0x000000d6f4a00000) (1024K)]
  0x000001ebe37b5600 JavaThread "Worker-12: Initialize workspace"        [_thread_blocked, id=35528, stack(0x000000d6f4a00000,0x000000d6f4b00000) (1024K)]
  0x000001ebe37b4f70 JavaThread "Timer-9"                           [_thread_blocked, id=1000, stack(0x000000d6f4b00000,0x000000d6f4c00000) (1024K)]
  0x000001ebe37b48e0 JavaThread "Worker-13: Initialize workspace"        [_thread_blocked, id=31380, stack(0x000000d6f4800000,0x000000d6f4900000) (1024K)]
  0x000001ebe37b5c90 JavaThread "Worker-14: Initialize workspace"        [_thread_blocked, id=33536, stack(0x000000d6f4c00000,0x000000d6f4d00000) (1024K)]
  0x000001ebe37b83f0 JavaThread "Timer-10"                          [_thread_blocked, id=25504, stack(0x000000d6f4e00000,0x000000d6f4f00000) (1024K)]
  0x000001ebe37b69b0 JavaThread "Timer-11"                          [_thread_blocked, id=8108, stack(0x000000d6f4f00000,0x000000d6f5000000) (1024K)]
  0x000001ebe37b7040 JavaThread "Worker-15: Initialize workspace"        [_thread_blocked, id=11040, stack(0x000000d6f5000000,0x000000d6f5100000) (1024K)]
  0x000001ebe37b76d0 JavaThread "Worker-16: Initialize workspace"        [_thread_blocked, id=40952, stack(0x000000d6f5100000,0x000000d6f5200000) (1024K)]
  0x000001ebe37b2ea0 JavaThread "Worker-17: Initialize workspace"        [_thread_blocked, id=37552, stack(0x000000d6f4d00000,0x000000d6f4e00000) (1024K)]
  0x000001ebe4c98a40 JavaThread "Timer-12"                          [_thread_blocked, id=23156, stack(0x000000d6f5300000,0x000000d6f5400000) (1024K)]
  0x000001ebe4c9b1a0 JavaThread "Timer-13"                          [_thread_blocked, id=33056, stack(0x000000d6f5400000,0x000000d6f5500000) (1024K)]
  0x000001ebe4c990d0 JavaThread "Worker-18: Initialize workspace"        [_thread_blocked, id=43496, stack(0x000000d6f5200000,0x000000d6f5300000) (1024K)]
  0x000001ebe4c99df0 JavaThread "Worker-19: Initialize workspace"        [_thread_blocked, id=7680, stack(0x000000d6f5500000,0x000000d6f5600000) (1024K)]
  0x000001ebe4c97d20 JavaThread "Worker-20: Initialize workspace"        [_thread_blocked, id=30104, stack(0x000000d6f5600000,0x000000d6f5700000) (1024K)]
  0x000001ebe4c9c550 JavaThread "Timer-14"                          [_thread_blocked, id=30472, stack(0x000000d6f5800000,0x000000d6f5900000) (1024K)]
  0x000001ebe4c9a480 JavaThread "Worker-21: Initialize workspace"        [_thread_blocked, id=29048, stack(0x000000d6f5700000,0x000000d6f5800000) (1024K)]
  0x000001ebe4c9ab10 JavaThread "Worker-22: Initialize workspace"        [_thread_blocked, id=29548, stack(0x000000d6f5900000,0x000000d6f5a00000) (1024K)]
  0x000001ebe4c9cbe0 JavaThread "Timer-15"                          [_thread_blocked, id=14544, stack(0x000000d6f5b00000,0x000000d6f5c00000) (1024K)]
  0x000001ebe4c99760 JavaThread "Worker-23: Initialize workspace"        [_thread_blocked, id=43156, stack(0x000000d6f5a00000,0x000000d6f5b00000) (1024K)]
  0x000001ebe4c9e620 JavaThread "Timer-16"                          [_thread_blocked, id=20736, stack(0x000000d6f5d00000,0x000000d6f5e00000) (1024K)]
  0x000001ebe4c9b830 JavaThread "Timer-17"                          [_thread_blocked, id=33064, stack(0x000000d6f5e00000,0x000000d6f5f00000) (1024K)]
  0x000001ebe4c9d270 JavaThread "Timer-18"                          [_thread_blocked, id=9028, stack(0x000000d6f5f00000,0x000000d6f6000000) (1024K)]
  0x000001ebe4c9d900 JavaThread "Timer-19"                          [_thread_blocked, id=17844, stack(0x000000d6f6000000,0x000000d6f6100000) (1024K)]
  0x000001ebe4c9bec0 JavaThread "Timer-20"                          [_thread_blocked, id=33576, stack(0x000000d6f6100000,0x000000d6f6200000) (1024K)]
  0x000001ebe4c9ecb0 JavaThread "Worker-24: Initialize workspace"        [_thread_blocked, id=27248, stack(0x000000d6f5c00000,0x000000d6f5d00000) (1024K)]
  0x000001ebe5b6bdf0 JavaThread "Timer-21"                          [_thread_blocked, id=38896, stack(0x000000d6f6300000,0x000000d6f6400000) (1024K)]
  0x000001ebe4c9f340 JavaThread "Worker-25: Initialize workspace"        [_thread_blocked, id=41932, stack(0x000000d6f6200000,0x000000d6f6300000) (1024K)]
  0x000001ebe6a8c4b0 JavaThread "Timer-22"                          [_thread_blocked, id=34796, stack(0x000000d6f6600000,0x000000d6f6700000) (1024K)]
  0x000001ebe6a8cb40 JavaThread "Worker-26: Initialize workspace"        [_thread_blocked, id=15828, stack(0x000000d6f6500000,0x000000d6f6600000) (1024K)]
  0x000001ebe6a8e580 JavaThread "Timer-23"                          [_thread_blocked, id=38240, stack(0x000000d6f6800000,0x000000d6f6900000) (1024K)]
  0x000001ebe6a8d1d0 JavaThread "Worker-27: Initialize workspace"        [_thread_blocked, id=38816, stack(0x000000d6f6700000,0x000000d6f6800000) (1024K)]
  0x000001ebe6a8ec10 JavaThread "Timer-24"                          [_thread_blocked, id=23980, stack(0x000000d6f6a00000,0x000000d6f6b00000) (1024K)]
  0x000001ebe6a8d860 JavaThread "Worker-28: Initialize workspace"        [_thread_blocked, id=32708, stack(0x000000d6f6900000,0x000000d6f6a00000) (1024K)]
  0x000001ebe6a8f2a0 JavaThread "Timer-25"                          [_thread_blocked, id=18112, stack(0x000000d6f6c00000,0x000000d6f6d00000) (1024K)]
  0x000001ebe6a8be20 JavaThread "Worker-29: Initialize workspace"        [_thread_blocked, id=5764, stack(0x000000d6f6b00000,0x000000d6f6c00000) (1024K)]
  0x000001ebe6a90ce0 JavaThread "Timer-26"                          [_thread_blocked, id=19228, stack(0x000000d6f6e00000,0x000000d6f6f00000) (1024K)]
  0x000001ebe6a91370 JavaThread "Worker-30: Initialize workspace"        [_thread_blocked, id=30996, stack(0x000000d6f6d00000,0x000000d6f6e00000) (1024K)]
  0x000001ebe6a8f930 JavaThread "Timer-27"                          [_thread_blocked, id=520, stack(0x000000d6f7000000,0x000000d6f7100000) (1024K)]
  0x000001ebe6a8ffc0 JavaThread "Worker-31: Initialize workspace"        [_thread_blocked, id=25292, stack(0x000000d6f6f00000,0x000000d6f7000000) (1024K)]
  0x000001ebe6a92db0 JavaThread "Timer-28"                          [_thread_blocked, id=27452, stack(0x000000d6f7200000,0x000000d6f7300000) (1024K)]
  0x000001ebe6a90650 JavaThread "Worker-32: Initialize workspace"        [_thread_blocked, id=20040, stack(0x000000d6f7100000,0x000000d6f7200000) (1024K)]
  0x000001ebe6a92720 JavaThread "Timer-29"                          [_thread_blocked, id=12396, stack(0x000000d6f7400000,0x000000d6f7500000) (1024K)]
  0x000001ebe6a91a00 JavaThread "Worker-33: Initialize workspace"        [_thread_blocked, id=31444, stack(0x000000d6f7300000,0x000000d6f7400000) (1024K)]
  0x000001ebdce743c0 JavaThread "Timer-30"                          [_thread_blocked, id=18672, stack(0x000000d6f7600000,0x000000d6f7700000) (1024K)]
  0x000001ebdce74a50 JavaThread "Worker-34: Initialize workspace"        [_thread_blocked, id=27516, stack(0x000000d6f2000000,0x000000d6f2100000) (1024K)]
  0x000001ebdce78560 JavaThread "Timer-31"                          [_thread_blocked, id=35668, stack(0x000000d6f7700000,0x000000d6f7800000) (1024K)]
  0x000001ebdce771b0 JavaThread "Worker-35: Initialize workspace"        [_thread_blocked, id=24964, stack(0x000000d6f7500000,0x000000d6f7600000) (1024K)]
  0x000001ebdce76490 JavaThread "Timer-32"                          [_thread_blocked, id=36900, stack(0x000000d6f7900000,0x000000d6f7a00000) (1024K)]
  0x000001ebdce76b20 JavaThread "Worker-36: Initialize workspace"        [_thread_blocked, id=9252, stack(0x000000d6f7800000,0x000000d6f7900000) (1024K)]
  0x000001ebdce77ed0 JavaThread "Timer-33"                          [_thread_blocked, id=21184, stack(0x000000d6f7b00000,0x000000d6f7c00000) (1024K)]
  0x000001ebdce77840 JavaThread "Worker-37: Initialize workspace"        [_thread_blocked, id=29588, stack(0x000000d6f7a00000,0x000000d6f7b00000) (1024K)]
  0x000001ebdce78bf0 JavaThread "Timer-34"                          [_thread_blocked, id=28612, stack(0x000000d6f7d00000,0x000000d6f7e00000) (1024K)]
  0x000001ebdce75e00 JavaThread "Worker-38: Initialize workspace"        [_thread_blocked, id=19428, stack(0x000000d6f7c00000,0x000000d6f7d00000) (1024K)]
  0x000001ebdce75770 JavaThread "Timer-35"                          [_thread_blocked, id=30436, stack(0x000000d6f7e00000,0x000000d6f7f00000) (1024K)]
  0x000001ebdce750e0 JavaThread "Worker-39: Initialize workspace"        [_thread_blocked, id=17196, stack(0x000000d6f1f00000,0x000000d6f2000000) (1024K)]
  0x000001ebdce79910 JavaThread "Timer-36"                          [_thread_blocked, id=3448, stack(0x000000d6f8000000,0x000000d6f8100000) (1024K)]
  0x000001ebdce79280 JavaThread "Worker-40: Initialize workspace"        [_thread_blocked, id=30248, stack(0x000000d6f7f00000,0x000000d6f8000000) (1024K)]
  0x000001ebdce79fa0 JavaThread "Timer-37"                          [_thread_blocked, id=37044, stack(0x000000d6f8100000,0x000000d6f8200000) (1024K)]
  0x000001ebdce7b350 JavaThread "Worker-41: Initialize workspace"        [_thread_blocked, id=31524, stack(0x000000d6f6400000,0x000000d6f6500000) (1024K)]
  0x000001ebdce7acc0 JavaThread "Timer-38"                          [_thread_blocked, id=23908, stack(0x000000d6f8200000,0x000000d6f8300000) (1024K)]
  0x000001ebf0d47b30 JavaThread "Timer-39"                          [_thread_blocked, id=6604, stack(0x000000d6f8400000,0x000000d6f8500000) (1024K)]
  0x000001ebf0d45a60 JavaThread "Worker-43: Initialize workspace"        [_thread_blocked, id=5040, stack(0x000000d6f8500000,0x000000d6f8600000) (1024K)]
  0x000001ebf0d481c0 JavaThread "Timer-40"                          [_thread_blocked, id=14716, stack(0x000000d6f8600000,0x000000d6f8700000) (1024K)]
  0x000001ebf0d44d40 JavaThread "Worker-44: Initialize workspace"        [_thread_blocked, id=32056, stack(0x000000d6f8300000,0x000000d6f8400000) (1024K)]
  0x000001ebf0d46e10 JavaThread "Timer-41"                          [_thread_blocked, id=33940, stack(0x000000d6f8800000,0x000000d6f8900000) (1024K)]
  0x000001ebf0d48850 JavaThread "Worker-45: Initialize workspace"        [_thread_blocked, id=23072, stack(0x000000d6f8700000,0x000000d6f8800000) (1024K)]
  0x000001ebf0d474a0 JavaThread "Timer-42"                          [_thread_blocked, id=14692, stack(0x000000d6f8a00000,0x000000d6f8b00000) (1024K)]
  0x000001ebf0d453d0 JavaThread "Worker-46: Initialize workspace"        [_thread_blocked, id=41132, stack(0x000000d6f8900000,0x000000d6f8a00000) (1024K)]
  0x000001ebf0d49570 JavaThread "Timer-43"                          [_thread_blocked, id=26464, stack(0x000000d6f8d00000,0x000000d6f8e00000) (1024K)]
  0x000001ebf0d460f0 JavaThread "Worker-47: Initialize workspace"        [_thread_blocked, id=26572, stack(0x000000d6f8b00000,0x000000d6f8c00000) (1024K)]
  0x000001ebf0d49c00 JavaThread "Timer-44"                          [_thread_blocked, id=25736, stack(0x000000d6f8f00000,0x000000d6f9000000) (1024K)]
  0x000001ebf0d46780 JavaThread "Worker-48: Initialize workspace"        [_thread_blocked, id=32324, stack(0x000000d6f8e00000,0x000000d6f8f00000) (1024K)]
  0x000001ebf0d4a290 JavaThread "Timer-45"                          [_thread_blocked, id=21960, stack(0x000000d6f9200000,0x000000d6f9300000) (1024K)]
  0x000001ebf0d4b640 JavaThread "Timer-46"                          [_thread_blocked, id=22256, stack(0x000000d6f9300000,0x000000d6f9400000) (1024K)]
  0x000001ebf0d4c360 JavaThread "Timer-47"                          [_thread_blocked, id=3208, stack(0x000000d6f9400000,0x000000d6f9500000) (1024K)]
  0x000001ebf0d48ee0 JavaThread "Timer-48"                          [_thread_blocked, id=23036, stack(0x000000d6f9700000,0x000000d6f9800000) (1024K)]
  0x000001ebe7402ad0 JavaThread "Worker-61: Initialize workspace"        [_thread_blocked, id=28952, stack(0x000000d6f9900000,0x000000d6f9a00000) (1024K)]
  0x000001ebe73ffce0 JavaThread "Timer-49"                          [_thread_blocked, id=23160, stack(0x000000d6f9000000,0x000000d6f9100000) (1024K)]
  0x000001ebe7401090 JavaThread "Worker-71: Initialize workspace"        [_thread_blocked, id=32564, stack(0x000000d6f0500000,0x000000d6f0600000) (1024K)]
  0x000001ebe7401db0 JavaThread "Timer-50"                          [_thread_blocked, id=31108, stack(0x000000d6f9a00000,0x000000d6f9b00000) (1024K)]
  0x000001ebe7400a00 JavaThread "Worker-87: Initialize workspace"        [_thread_blocked, id=29304, stack(0x000000d6f9800000,0x000000d6f9900000) (1024K)]
  0x000001ebe7402440 JavaThread "Timer-51"                          [_thread_blocked, id=33336, stack(0x000000d6f9c00000,0x000000d6f9d00000) (1024K)]
  0x000001ebe74037f0 JavaThread "Worker-100: Initialize workspace"        [_thread_blocked, id=27384, stack(0x000000d6f9500000,0x000000d6f9600000) (1024K)]
  0x000001ebe7400370 JavaThread "Timer-52"                          [_thread_blocked, id=35892, stack(0x000000d6f9e00000,0x000000d6f9f00000) (1024K)]
  0x000001ebe7401720 JavaThread "Worker-114: Initialize workspace"        [_thread_blocked, id=16240, stack(0x000000d6f9b00000,0x000000d6f9c00000) (1024K)]
  0x000001ebe7404510 JavaThread "Timer-53"                          [_thread_blocked, id=38208, stack(0x000000d6f9f00000,0x000000d6fa000000) (1024K)]
  0x000001ebe73ff650 JavaThread "Worker-124: Initialize workspace"        [_thread_blocked, id=16024, stack(0x000000d6f9600000,0x000000d6f9700000) (1024K)]
  0x000001ebe7405f50 JavaThread "Timer-54"                          [_thread_blocked, id=33196, stack(0x000000d6fa100000,0x000000d6fa200000) (1024K)]
  0x000001ebe74065e0 JavaThread "Worker-137: Initialize workspace"        [_thread_blocked, id=24692, stack(0x000000d6fa300000,0x000000d6fa400000) (1024K)]
  0x000001ebe7403160 JavaThread "Timer-55"                          [_thread_blocked, id=1360, stack(0x000000d6fa200000,0x000000d6fa300000) (1024K)]
  0x000001ebf0d4bcd0 JavaThread "Worker-153: Initialize workspace"        [_thread_blocked, id=22184, stack(0x000000d6f9d00000,0x000000d6f9e00000) (1024K)]
  0x000001ebe74058c0 JavaThread "Timer-56"                          [_thread_blocked, id=7252, stack(0x000000d6fa500000,0x000000d6fa600000) (1024K)]
  0x000001ebe7406c70 JavaThread "Worker-169: Initialize workspace"        [_thread_blocked, id=26324, stack(0x000000d6fa000000,0x000000d6fa100000) (1024K)]
  0x000001ebe7405230 JavaThread "Timer-57"                          [_thread_blocked, id=13652, stack(0x000000d6fa700000,0x000000d6fa800000) (1024K)]
  0x000001ebdcc9cd40 JavaThread "Worker-178: Initialize workspace"        [_thread_blocked, id=26908, stack(0x000000d6fa600000,0x000000d6fa700000) (1024K)]
  0x000001ebdcc9c6b0 JavaThread "Timer-58"                          [_thread_blocked, id=42804, stack(0x000000d6fa900000,0x000000d6faa00000) (1024K)]
  0x000001ebdcc9e780 JavaThread "Worker-193: Initialize workspace"        [_thread_blocked, id=38804, stack(0x000000d6fa400000,0x000000d6fa500000) (1024K)]
  0x000001ebdcc9ee10 JavaThread "Timer-59"                          [_thread_blocked, id=40944, stack(0x000000d6fab00000,0x000000d6fac00000) (1024K)]
  0x000001ebdcc9da60 JavaThread "Worker-210: Initialize workspace"        [_thread_blocked, id=12256, stack(0x000000d6fa800000,0x000000d6fa900000) (1024K)]
  0x000001ebdcca2920 JavaThread "Timer-60"                          [_thread_blocked, id=28820, stack(0x000000d6fb000000,0x000000d6fb100000) (1024K)]
  0x000001ebdcc9e0f0 JavaThread "Worker-225: Initialize workspace"        [_thread_blocked, id=15868, stack(0x000000d6fae00000,0x000000d6faf00000) (1024K)]
  0x000001ebdcc9c020 JavaThread "Timer-61"                          [_thread_blocked, id=24892, stack(0x000000d6fad00000,0x000000d6fae00000) (1024K)]
  0x000001ebdcc9b990 JavaThread "Worker-240: Initialize workspace"        [_thread_blocked, id=31920, stack(0x000000d6faa00000,0x000000d6fab00000) (1024K)]
  0x000001ebdcca1570 JavaThread "Timer-62"                          [_thread_blocked, id=26276, stack(0x000000d6fb100000,0x000000d6fb200000) (1024K)]
  0x000001ebdcca2290 JavaThread "Worker-253: Initialize workspace"        [_thread_blocked, id=29524, stack(0x000000d6fac00000,0x000000d6fad00000) (1024K)]
  0x000001ebdcca2fb0 JavaThread "Timer-63"                          [_thread_blocked, id=29424, stack(0x000000d6fb300000,0x000000d6fb400000) (1024K)]
  0x000001ebdcca01c0 JavaThread "Worker-267: Initialize workspace"        [_thread_blocked, id=37224, stack(0x000000d6fb600000,0x000000d6fb700000) (1024K)]
  0x000001ebdcc9fb30 JavaThread "Timer-64"                          [_thread_blocked, id=22084, stack(0x000000d6fb500000,0x000000d6fb600000) (1024K)]
  0x000001ebdcca0ee0 JavaThread "Worker-283: Initialize workspace"        [_thread_blocked, id=9060, stack(0x000000d6faf00000,0x000000d6fb000000) (1024K)]
  0x000001ebdcc9f4a0 JavaThread "Timer-65"                          [_thread_blocked, id=35560, stack(0x000000d6fb800000,0x000000d6fb900000) (1024K)]
  0x000001ebdcca1c00 JavaThread "Worker-299: Initialize workspace"        [_thread_blocked, id=22248, stack(0x000000d6fb200000,0x000000d6fb300000) (1024K)]
  0x000001ebdcca7150 JavaThread "Timer-66"                          [_thread_blocked, id=28328, stack(0x000000d6fbc00000,0x000000d6fbd00000) (1024K)]
  0x000001ebdcca0850 JavaThread "Worker-313: Initialize workspace"        [_thread_blocked, id=33280, stack(0x000000d6fbb00000,0x000000d6fbc00000) (1024K)]
  0x000001ebdcca7e70 JavaThread "Timer-67"                          [_thread_blocked, id=27560, stack(0x000000d6fc000000,0x000000d6fc100000) (1024K)]
  0x000001ebdcca5080 JavaThread "Worker-328: Initialize workspace"        [_thread_blocked, id=34372, stack(0x000000d6fbe00000,0x000000d6fbf00000) (1024K)]
  0x000001ebdcca98b0 JavaThread "Timer-68"                          [_thread_blocked, id=29744, stack(0x000000d6fc300000,0x000000d6fc400000) (1024K)]
  0x000001ebdcca6ac0 JavaThread "Worker-342: Initialize workspace"        [_thread_blocked, id=22596, stack(0x000000d6fba00000,0x000000d6fbb00000) (1024K)]
  0x000001ebdcca9220 JavaThread "Timer-69"                          [_thread_blocked, id=2128, stack(0x000000d6fc600000,0x000000d6fc700000) (1024K)]
  0x000001ebdcca6430 JavaThread "Worker-356: Initialize workspace"        [_thread_blocked, id=8456, stack(0x000000d6fb900000,0x000000d6fba00000) (1024K)]
  0x000001ebdcca77e0 JavaThread "Timer-70"                          [_thread_blocked, id=25772, stack(0x000000d6fbf00000,0x000000d6fc000000) (1024K)]
  0x000001ebdcca3cd0 JavaThread "Worker-371: Initialize workspace"        [_thread_blocked, id=31088, stack(0x000000d6fbd00000,0x000000d6fbe00000) (1024K)]
  0x000001ebdcca49f0 JavaThread "Timer-71"                          [_thread_blocked, id=9464, stack(0x000000d6fc200000,0x000000d6fc300000) (1024K)]
  0x000001ebdcca5da0 JavaThread "Worker-382: Initialize workspace"        [_thread_blocked, id=13692, stack(0x000000d6fb700000,0x000000d6fb800000) (1024K)]
  0x000001ebdcca8500 JavaThread "Timer-72"                          [_thread_blocked, id=30276, stack(0x000000d6ef800000,0x000000d6ef900000) (1024K)]
  0x000001ebdcca4360 JavaThread "Worker-399: Initialize workspace"        [_thread_blocked, id=4596, stack(0x000000d6ef600000,0x000000d6ef700000) (1024K)]
  0x000001ebdccaac60 JavaThread "Timer-73"                          [_thread_blocked, id=26884, stack(0x000000d6f9100000,0x000000d6f9200000) (1024K)]
  0x000001ebe6a92090 JavaThread "Worker-412: Initialize workspace"        [_thread_blocked, id=31452, stack(0x000000d6f8c00000,0x000000d6f8d00000) (1024K)]
  0x000001ebdcca8b90 JavaThread "Timer-74"                          [_thread_blocked, id=26672, stack(0x000000d6fc100000,0x000000d6fc200000) (1024K)]
  0x000001ebf0d4a920 JavaThread "Worker-426: Initialize workspace"        [_thread_blocked, id=43448, stack(0x000000d6fc500000,0x000000d6fc600000) (1024K)]
  0x000001ebe7403e80 JavaThread "Timer-75"                          [_thread_blocked, id=24468, stack(0x000000d6fc400000,0x000000d6fc500000) (1024K)]
  0x000001ebe44bb0e0 JavaThread "Worker-440: Initialize workspace"        [_thread_blocked, id=28764, stack(0x000000d6ef700000,0x000000d6ef800000) (1024K)]
  0x000001ebe44bb770 JavaThread "Timer-76"                          [_thread_blocked, id=30400, stack(0x000000d6fc800000,0x000000d6fc900000) (1024K)]
  0x000001ebe44bded0 JavaThread "Worker-455: Initialize workspace"        [_thread_blocked, id=28220, stack(0x000000d6fc700000,0x000000d6fc800000) (1024K)]
  0x000001ebe44bf910 JavaThread "Timer-77"                          [_thread_blocked, id=29668, stack(0x000000d6fca00000,0x000000d6fcb00000) (1024K)]
  0x000001ebe44be560 JavaThread "Worker-468: Initialize workspace"        [_thread_blocked, id=15604, stack(0x000000d6fcc00000,0x000000d6fcd00000) (1024K)]
  0x000001ebe44bbe00 JavaThread "Timer-78"                          [_thread_blocked, id=24824, stack(0x000000d6fcb00000,0x000000d6fcc00000) (1024K)]
  0x000001ebe44bcb20 JavaThread "Worker-483: Initialize workspace"        [_thread_blocked, id=21156, stack(0x000000d6fb400000,0x000000d6fb500000) (1024K)]
  0x000001ebe44bd840 JavaThread "Timer-79"                          [_thread_blocked, id=11728, stack(0x000000d6fce00000,0x000000d6fcf00000) (1024K)]
  0x000001ebe44c0630 JavaThread "Worker-499: Initialize workspace"        [_thread_blocked, id=25008, stack(0x000000d6fc900000,0x000000d6fca00000) (1024K)]
  0x000001ebe44c0cc0 JavaThread "Timer-80"                          [_thread_blocked, id=22068, stack(0x000000d6fd000000,0x000000d6fd100000) (1024K)]
  0x000001ebe44bf280 JavaThread "Worker-512: Initialize workspace"        [_thread_blocked, id=27276, stack(0x000000d6fcf00000,0x000000d6fd000000) (1024K)]
  0x000001ebe44bebf0 JavaThread "Timer-81"                          [_thread_blocked, id=28148, stack(0x000000d6fd200000,0x000000d6fd300000) (1024K)]
  0x000001ebe44bffa0 JavaThread "Worker-526: Initialize workspace"        [_thread_blocked, id=26168, stack(0x000000d6fcd00000,0x000000d6fce00000) (1024K)]
  0x000001ebe44c3420 JavaThread "Timer-82"                          [_thread_blocked, id=512, stack(0x000000d6fd400000,0x000000d6fd500000) (1024K)]
  0x000001ebe44bc490 JavaThread "Worker-540: Initialize workspace"        [_thread_blocked, id=30240, stack(0x000000d6fd300000,0x000000d6fd400000) (1024K)]
  0x000001ebe44c2d90 JavaThread "Timer-83"                          [_thread_blocked, id=3376, stack(0x000000d6fd600000,0x000000d6fd700000) (1024K)]
  0x000001ebe44c2070 JavaThread "Worker-550: Initialize workspace"        [_thread_blocked, id=26752, stack(0x000000d6fd500000,0x000000d6fd600000) (1024K)]
  0x000001ebe44c2700 JavaThread "Timer-84"                          [_thread_blocked, id=17624, stack(0x000000d6fda00000,0x000000d6fdb00000) (1024K)]
  0x000001ebe44c4140 JavaThread "Worker-566: Initialize workspace"        [_thread_blocked, id=27960, stack(0x000000d6fdc00000,0x000000d6fdd00000) (1024K)]
  0x000001ebe44c75c0 JavaThread "Timer-85"                          [_thread_blocked, id=15904, stack(0x000000d6fde00000,0x000000d6fdf00000) (1024K)]
  0x000001ebe44c4e60 JavaThread "Worker-581: Initialize workspace"        [_thread_blocked, id=5136, stack(0x000000d6fd900000,0x000000d6fda00000) (1024K)]
  0x000001ebe44c3ab0 JavaThread "Timer-86"                          [_thread_blocked, id=41336, stack(0x000000d6fd800000,0x000000d6fd900000) (1024K)]
  0x000001ebe44bd1b0 JavaThread "Worker-596: Initialize workspace"        [_thread_blocked, id=44020, stack(0x000000d6fd100000,0x000000d6fd200000) (1024K)]
  0x000001ebe44c6f30 JavaThread "Timer-87"                          [_thread_blocked, id=43756, stack(0x000000d6fdd00000,0x000000d6fde00000) (1024K)]
  0x000001ebe44c19e0 JavaThread "Worker-611: Initialize workspace"        [_thread_blocked, id=43364, stack(0x000000d6fdb00000,0x000000d6fdc00000) (1024K)]
  0x000001ebe44c6210 JavaThread "Timer-88"                          [_thread_blocked, id=32596, stack(0x000000d6fe000000,0x000000d6fe100000) (1024K)]
  0x000001ebe44c7c50 JavaThread "Worker-626: Initialize workspace"        [_thread_blocked, id=7076, stack(0x000000d6fd700000,0x000000d6fd800000) (1024K)]
  0x000001ebe44c68a0 JavaThread "Timer-89"                          [_thread_blocked, id=34820, stack(0x000000d6fe200000,0x000000d6fe300000) (1024K)]
  0x000001ebe44c82e0 JavaThread "Worker-640: Initialize workspace"        [_thread_blocked, id=9516, stack(0x000000d6fe100000,0x000000d6fe200000) (1024K)]
  0x000001ebe44c9000 JavaThread "Timer-90"                          [_thread_blocked, id=31840, stack(0x000000d6fe400000,0x000000d6fe500000) (1024K)]
  0x000001ebe44c8970 JavaThread "Worker-654: Initialize workspace"        [_thread_blocked, id=18880, stack(0x000000d6fe300000,0x000000d6fe400000) (1024K)]
  0x000001ebe44c9690 JavaThread "Timer-91"                          [_thread_blocked, id=43540, stack(0x000000d6fe600000,0x000000d6fe700000) (1024K)]
  0x000001ebe44c5b80 JavaThread "Worker-670: Initialize workspace"        [_thread_blocked, id=17328, stack(0x000000d6fdf00000,0x000000d6fe000000) (1024K)]
  0x000001ebe44c47d0 JavaThread "Timer-92"                          [_thread_blocked, id=31172, stack(0x000000d6fe800000,0x000000d6fe900000) (1024K)]
  0x000001ebdcca9f40 JavaThread "Worker-684: Initialize workspace"        [_thread_blocked, id=17640, stack(0x000000d6fe500000,0x000000d6fe600000) (1024K)]
  0x000001ebdccaa5d0 JavaThread "Timer-93"                          [_thread_blocked, id=21420, stack(0x000000d6fea00000,0x000000d6feb00000) (1024K)]
  0x000001ebe42af850 JavaThread "Worker-701: Initialize workspace"        [_thread_blocked, id=4528, stack(0x000000d6fe900000,0x000000d6fea00000) (1024K)]
  0x000001ebe42afee0 JavaThread "Timer-94"                          [_thread_blocked, id=16688, stack(0x000000d6fed00000,0x000000d6fee00000) (1024K)]
  0x000001ebe42b0570 JavaThread "Worker-714: Initialize workspace"        [_thread_blocked, id=18736, stack(0x000000d6fec00000,0x000000d6fed00000) (1024K)]
  0x000001ebe42ad0f0 JavaThread "Timer-95"                          [_thread_blocked, id=23016, stack(0x000000d6fee00000,0x000000d6fef00000) (1024K)]
  0x000001ebe42ae4a0 JavaThread "Worker-728: Initialize workspace"        [_thread_blocked, id=11456, stack(0x000000d6feb00000,0x000000d6fec00000) (1024K)]
  0x000001ebe42aeb30 JavaThread "Timer-96"                          [_thread_blocked, id=28616, stack(0x000000d6ff300000,0x000000d6ff400000) (1024K)]
  0x000001ebe42aca60 JavaThread "Worker-744: Initialize workspace"        [_thread_blocked, id=24072, stack(0x000000d6fe700000,0x000000d6fe800000) (1024K)]
  0x000001ebe42ad780 JavaThread "Timer-97"                          [_thread_blocked, id=43272, stack(0x000000d6ff100000,0x000000d6ff200000) (1024K)]
  0x000001ebe42b39f0 JavaThread "Worker-758: Initialize workspace"        [_thread_blocked, id=31724, stack(0x000000d6ff000000,0x000000d6ff100000) (1024K)]
  0x000001ebe42b1920 JavaThread "Timer-98"                          [_thread_blocked, id=40216, stack(0x000000d6ff400000,0x000000d6ff500000) (1024K)]
  0x000001ebe42b1290 JavaThread "Worker-772: Initialize workspace"        [_thread_blocked, id=25468, stack(0x000000d6ff200000,0x000000d6ff300000) (1024K)]
  0x000001ebe42ade10 JavaThread "Timer-99"                          [_thread_blocked, id=7652, stack(0x000000d6ff800000,0x000000d6ff900000) (1024K)]
  0x000001ebe42af1c0 JavaThread "Worker-785: Initialize workspace"        [_thread_blocked, id=9936, stack(0x000000d6ffb00000,0x000000d6ffc00000) (1024K)]
  0x000001ebe42b4080 JavaThread "Timer-100"                         [_thread_blocked, id=37968, stack(0x000000d6ffc00000,0x000000d6ffd00000) (1024K)]
  0x000001ebe42b0c00 JavaThread "Worker-799: Initialize workspace"        [_thread_blocked, id=26256, stack(0x000000d6ff900000,0x000000d6ffa00000) (1024K)]
  0x000001ebe42b4710 JavaThread "Timer-101"                         [_thread_blocked, id=19732, stack(0x000000d6ffa00000,0x000000d6ffb00000) (1024K)]
  0x000001ebe42b2640 JavaThread "Worker-815: Initialize workspace"        [_thread_blocked, id=22208, stack(0x000000d6ff500000,0x000000d6ff600000) (1024K)]
  0x000001ebe42b4da0 JavaThread "Timer-102"                         [_thread_blocked, id=13908, stack(0x000000d680200000,0x000000d680300000) (1024K)]
  0x000001ebe42b2cd0 JavaThread "Worker-827: Initialize workspace"        [_thread_blocked, id=20584, stack(0x000000d680000000,0x000000d680100000) (1024K)]
  0x000001ebe42b5ac0 JavaThread "Connection worker"                 [_thread_blocked, id=31136, stack(0x000000d680500000,0x000000d680600000) (1024K)]
  0x000001ebe42b6150 JavaThread "Connection worker"                 [_thread_blocked, id=12344, stack(0x000000d680600000,0x000000d680700000) (1024K)]
  0x000001ebe42b3360 JavaThread "Connection worker"                 [_thread_blocked, id=31664, stack(0x000000d680700000,0x000000d680800000) (1024K)]
  0x000001ebe42ba980 JavaThread "Connection worker"                 [_thread_blocked, id=41028, stack(0x000000d680b00000,0x000000d680c00000) (1024K)]
  0x000001ebe42b6e70 JavaThread "Connection worker"                 [_thread_blocked, id=31240, stack(0x000000d680d00000,0x000000d680e00000) (1024K)]
  0x000001ebe42b9c60 JavaThread "Connection worker"                 [_thread_blocked, id=29624, stack(0x000000d680f00000,0x000000d681000000) (1024K)]
  0x000001ebe42b8f40 JavaThread "Connection worker"                 [_thread_blocked, id=29516, stack(0x000000d681000000,0x000000d681100000) (1024K)]
  0x000001ebe42b7500 JavaThread "Connection worker"                 [_thread_blocked, id=25024, stack(0x000000d681100000,0x000000d681200000) (1024K)]
  0x000001ebe42bb010 JavaThread "Connection worker"                 [_thread_blocked, id=28852, stack(0x000000d681300000,0x000000d681400000) (1024K)]
  0x000001ebe42bbd30 JavaThread "Connection worker"                 [_thread_blocked, id=33748, stack(0x000000d681400000,0x000000d681500000) (1024K)]
  0x000001ebe74abd20 JavaThread "Connection worker"                 [_thread_blocked, id=38952, stack(0x000000d681700000,0x000000d681800000) (1024K)]
  0x000001ebe74ad0d0 JavaThread "Connection worker"                 [_thread_blocked, id=17644, stack(0x000000d681900000,0x000000d681a00000) (1024K)]
  0x000001ebe74ab000 JavaThread "Connection worker"                 [_thread_blocked, id=11432, stack(0x000000d681a00000,0x000000d681b00000) (1024K)]
  0x000001ebe74aca40 JavaThread "Connection worker"                 [_thread_blocked, id=17648, stack(0x000000d681c00000,0x000000d681d00000) (1024K)]
  0x000001ebe74a9c50 JavaThread "Connection worker"                 [_thread_blocked, id=24188, stack(0x000000d681d00000,0x000000d681e00000) (1024K)]
  0x000001ebe74addf0 JavaThread "Connection worker"                 [_thread_blocked, id=27552, stack(0x000000d682000000,0x000000d682100000) (1024K)]
  0x000001ebe74afec0 JavaThread "Connection worker"                 [_thread_blocked, id=12160, stack(0x000000d682200000,0x000000d682300000) (1024K)]
  0x000001ebe74b0be0 JavaThread "Connection worker"                 [_thread_blocked, id=19432, stack(0x000000d682300000,0x000000d682400000) (1024K)]
  0x000001ebe74b1270 JavaThread "Connection worker"                 [_thread_blocked, id=37908, stack(0x000000d682400000,0x000000d682500000) (1024K)]
  0x000001ebe74b1900 JavaThread "Connection worker"                 [_thread_blocked, id=38428, stack(0x000000d682500000,0x000000d682600000) (1024K)]
  0x000001ebe74b0550 JavaThread "Connection worker"                 [_thread_blocked, id=5852, stack(0x000000d682700000,0x000000d682800000) (1024K)]
  0x000001ebe74b1f90 JavaThread "Connection worker"                 [_thread_blocked, id=13648, stack(0x000000d682900000,0x000000d682a00000) (1024K)]
  0x000001ebe74af1a0 JavaThread "Connection worker"                 [_thread_blocked, id=26720, stack(0x000000d682d00000,0x000000d682e00000) (1024K)]
  0x000001ebe74b2cb0 JavaThread "Connection worker"                 [_thread_blocked, id=33432, stack(0x000000d682e00000,0x000000d682f00000) (1024K)]
  0x000001ebe74b6130 JavaThread "Connection worker"                 [_thread_blocked, id=12144, stack(0x000000d682f00000,0x000000d683000000) (1024K)]
  0x000001ebe74b5aa0 JavaThread "Connection worker"                 [_thread_blocked, id=25220, stack(0x000000d683000000,0x000000d683100000) (1024K)]
  0x000001ebe74b67c0 JavaThread "Connection worker"                 [_thread_blocked, id=24200, stack(0x000000d683100000,0x000000d683200000) (1024K)]
  0x000001ebe74b39d0 JavaThread "Connection worker"                 [_thread_blocked, id=36308, stack(0x000000d683200000,0x000000d683300000) (1024K)]
  0x000001ebe74b3340 JavaThread "Connection worker"                 [_thread_blocked, id=28484, stack(0x000000d683300000,0x000000d683400000) (1024K)]
  0x000001ebe74b4d80 JavaThread "Connection worker"                 [_thread_blocked, id=32656, stack(0x000000d683400000,0x000000d683500000) (1024K)]
  0x000001ebe74b6e50 JavaThread "Connection worker"                 [_thread_blocked, id=34152, stack(0x000000d683500000,0x000000d683600000) (1024K)]
  0x000001ebe74b46f0 JavaThread "Connection worker"                 [_thread_blocked, id=34512, stack(0x000000d683600000,0x000000d683700000) (1024K)]
  0x000001ebe74b4060 JavaThread "Connection worker"                 [_thread_blocked, id=28088, stack(0x000000d683700000,0x000000d683800000) (1024K)]
  0x000001ebe74b7b70 JavaThread "Connection worker"                 [_thread_blocked, id=32628, stack(0x000000d683800000,0x000000d683900000) (1024K)]
  0x000001ebe74b8200 JavaThread "Connection worker"                 [_thread_blocked, id=20784, stack(0x000000d683900000,0x000000d683a00000) (1024K)]
  0x000001ebe74b8890 JavaThread "Connection worker"                 [_thread_blocked, id=34940, stack(0x000000d683a00000,0x000000d683b00000) (1024K)]
  0x000001ebe74b5410 JavaThread "Connection worker"                 [_thread_blocked, id=7536, stack(0x000000d683b00000,0x000000d683c00000) (1024K)]
  0x000001ebe74b8f20 JavaThread "Connection worker"                 [_thread_blocked, id=35216, stack(0x000000d683c00000,0x000000d683d00000) (1024K)]
  0x000001ebe639c8f0 JavaThread "Connection worker"                 [_thread_blocked, id=24860, stack(0x000000d683e00000,0x000000d683f00000) (1024K)]
  0x000001ebe639cf80 JavaThread "Connection worker"                 [_thread_blocked, id=27068, stack(0x000000d683f00000,0x000000d684000000) (1024K)]
  0x000001ebe6399b00 JavaThread "Connection worker"                 [_thread_blocked, id=2656, stack(0x000000d684000000,0x000000d684100000) (1024K)]
  0x000001ebe639c260 JavaThread "Connection worker"                 [_thread_blocked, id=23116, stack(0x000000d684300000,0x000000d684400000) (1024K)]
  0x000001ebe639aeb0 JavaThread "Connection worker"                 [_thread_blocked, id=39576, stack(0x000000d684500000,0x000000d684600000) (1024K)]
  0x000001ebe639bbd0 JavaThread "Connection worker"                 [_thread_blocked, id=15956, stack(0x000000d684600000,0x000000d684700000) (1024K)]
  0x000001ebe639dca0 JavaThread "Connection worker"                 [_thread_blocked, id=40880, stack(0x000000d684700000,0x000000d684800000) (1024K)]
  0x000001ebe639e330 JavaThread "Connection worker"                 [_thread_blocked, id=31932, stack(0x000000d684800000,0x000000d684900000) (1024K)]
  0x000001ebe63a0400 JavaThread "Connection worker"                 [_thread_blocked, id=33840, stack(0x000000d684900000,0x000000d684a00000) (1024K)]
  0x000001ebe63a17b0 JavaThread "Connection worker"                 [_thread_blocked, id=3708, stack(0x000000d684b00000,0x000000d684c00000) (1024K)]
  0x000001ebe63a0a90 JavaThread "Connection worker"                 [_thread_blocked, id=20184, stack(0x000000d684c00000,0x000000d684d00000) (1024K)]
  0x000001ebe63a1e40 JavaThread "Connection worker"                 [_thread_blocked, id=39756, stack(0x000000d684d00000,0x000000d684e00000) (1024K)]
  0x000001ebe639e9c0 JavaThread "Connection worker"                 [_thread_blocked, id=28916, stack(0x000000d684e00000,0x000000d684f00000) (1024K)]
  0x000001ebe639f050 JavaThread "Connection worker"                 [_thread_blocked, id=37268, stack(0x000000d685000000,0x000000d685100000) (1024K)]
  0x000001ebe63a2b60 JavaThread "Connection worker"                 [_thread_blocked, id=38764, stack(0x000000d685100000,0x000000d685200000) (1024K)]
  0x000001ebe639f6e0 JavaThread "Connection worker"                 [_thread_blocked, id=19152, stack(0x000000d685200000,0x000000d685300000) (1024K)]
  0x000001ebe63a31f0 JavaThread "Connection worker"                 [_thread_in_native, id=27528, stack(0x000000d685300000,0x000000d685400000) (1024K)]
  0x000001ebe639fd70 JavaThread "Connection worker"                 [_thread_blocked, id=32012, stack(0x000000d685400000,0x000000d685500000) (1024K)]
  0x000001ebe63a45a0 JavaThread "Connection worker"                 [_thread_blocked, id=19568, stack(0x000000d685500000,0x000000d685600000) (1024K)]
  0x000001ebe63a6d00 JavaThread "Connection worker"                 [_thread_blocked, id=3096, stack(0x000000d685600000,0x000000d685700000) (1024K)]
  0x000001ebe63a6670 JavaThread "Connection worker"                 [_thread_blocked, id=38276, stack(0x000000d685700000,0x000000d685800000) (1024K)]
  0x000001ebe63a3880 JavaThread "Connection worker"                 [_thread_blocked, id=39288, stack(0x000000d685800000,0x000000d685900000) (1024K)]
  0x000001ebe63a7390 JavaThread "Connection worker"                 [_thread_blocked, id=14524, stack(0x000000d685900000,0x000000d685a00000) (1024K)]
  0x000001ebe63a3f10 JavaThread "Connection worker"                 [_thread_blocked, id=12824, stack(0x000000d685a00000,0x000000d685b00000) (1024K)]
  0x000001ebe63a7a20 JavaThread "Connection worker"                 [_thread_blocked, id=29572, stack(0x000000d685c00000,0x000000d685d00000) (1024K)]
  0x000001ebe63a80b0 JavaThread "Connection worker"                 [_thread_blocked, id=16072, stack(0x000000d685d00000,0x000000d685e00000) (1024K)]
  0x000001ebe63a4c30 JavaThread "Connection worker"                 [_thread_blocked, id=34552, stack(0x000000d685e00000,0x000000d685f00000) (1024K)]
  0x000001ebe63a52c0 JavaThread "Connection worker"                 [_thread_blocked, id=35640, stack(0x000000d686000000,0x000000d686100000) (1024K)]
  0x000001ebe63a9460 JavaThread "Connection worker"                 [_thread_blocked, id=27156, stack(0x000000d686100000,0x000000d686200000) (1024K)]
  0x000001ebe63a8dd0 JavaThread "Connection worker"                 [_thread_blocked, id=11964, stack(0x000000d686200000,0x000000d686300000) (1024K)]
  0x000001ebe63aa180 JavaThread "Connection worker"                 [_thread_blocked, id=31208, stack(0x000000d686300000,0x000000d686400000) (1024K)]
  0x000001ebe63aa810 JavaThread "Connection worker"                 [_thread_blocked, id=35460, stack(0x000000d686400000,0x000000d686500000) (1024K)]
  0x000001ebe63aaea0 JavaThread "Connection worker"                 [_thread_blocked, id=18456, stack(0x000000d686500000,0x000000d686600000) (1024K)]
  0x000001ebe63a9af0 JavaThread "Connection worker"                 [_thread_blocked, id=24968, stack(0x000000d686600000,0x000000d686700000) (1024K)]
  0x000001ebe63ab530 JavaThread "Connection worker"                 [_thread_blocked, id=17684, stack(0x000000d686700000,0x000000d686800000) (1024K)]
  0x000001ebe63abbc0 JavaThread "Connection worker"                 [_thread_blocked, id=26960, stack(0x000000d686800000,0x000000d686900000) (1024K)]
  0x000001ebe63a8740 JavaThread "Connection worker"                 [_thread_blocked, id=14248, stack(0x000000d686900000,0x000000d686a00000) (1024K)]
  0x000001ebe63ac250 JavaThread "Timer-103"                         [_thread_blocked, id=33612, stack(0x000000d686a00000,0x000000d686b00000) (1024K)]
  0x000001ebe63adc90 JavaThread "Connection worker"                 [_thread_blocked, id=25436, stack(0x000000d686c00000,0x000000d686d00000) (1024K)]
  0x000001ebe63ad600 JavaThread "pool-10-thread-1"                  [_thread_blocked, id=28124, stack(0x000000d686d00000,0x000000d686e00000) (1024K)]
  0x000001ebe63ae320 JavaThread "pool-3-thread-1"                   [_thread_blocked, id=28360, stack(0x000000d686e00000,0x000000d686f00000) (1024K)]
  0x000001ebe63af040 JavaThread "pool-6-thread-1"                   [_thread_blocked, id=21860, stack(0x000000d686f00000,0x000000d687000000) (1024K)]
  0x000001ebe63af6d0 JavaThread "pool-17-thread-1"                  [_thread_blocked, id=14948, stack(0x000000d687100000,0x000000d687200000) (1024K)]
  0x000001ebe63afd60 JavaThread "pool-18-thread-1"                  [_thread_blocked, id=42776, stack(0x000000d687200000,0x000000d687300000) (1024K)]
  0x000001ebe63ac8e0 JavaThread "pool-15-thread-1"                  [_thread_blocked, id=24612, stack(0x000000d687300000,0x000000d687400000) (1024K)]
  0x000001ebe63b2b50 JavaThread "pool-4-thread-1"                   [_thread_blocked, id=35620, stack(0x000000d687600000,0x000000d687700000) (1024K)]
  0x000001ebe63b0a80 JavaThread "pool-13-thread-1"                  [_thread_blocked, id=19352, stack(0x000000d687700000,0x000000d687800000) (1024K)]
  0x000001ebe63b1e30 JavaThread "pool-8-thread-1"                   [_thread_blocked, id=11924, stack(0x000000d687800000,0x000000d687900000) (1024K)]
  0x000001ebe63b24c0 JavaThread "pool-11-thread-1"                  [_thread_blocked, id=42972, stack(0x000000d687a00000,0x000000d687b00000) (1024K)]
  0x000001ebe63b6660 JavaThread "pool-19-thread-1"                  [_thread_blocked, id=35540, stack(0x000000d687d00000,0x000000d687e00000) (1024K)]
  0x000001ebe63b3f00 JavaThread "pool-21-thread-1"                  [_thread_blocked, id=39716, stack(0x000000d687f00000,0x000000d688000000) (1024K)]
  0x000001ebe63b52b0 JavaThread "pool-24-thread-1"                  [_thread_blocked, id=37320, stack(0x000000d688200000,0x000000d688300000) (1024K)]
  0x000001ebe63b4590 JavaThread "pool-25-thread-1"                  [_thread_blocked, id=10040, stack(0x000000d688300000,0x000000d688400000) (1024K)]
  0x000001ebe63b80a0 JavaThread "pool-27-thread-1"                  [_thread_blocked, id=30164, stack(0x000000d688500000,0x000000d688600000) (1024K)]
  0x000001ebe63b8dc0 JavaThread "pool-30-thread-1"                  [_thread_blocked, id=2644, stack(0x000000d688800000,0x000000d688900000) (1024K)]
  0x000001ebe421fca0 JavaThread "pool-33-thread-1"                  [_thread_blocked, id=12896, stack(0x000000d688b00000,0x000000d688c00000) (1024K)]
  0x000001ebe421c820 JavaThread "pool-36-thread-1"                  [_thread_blocked, id=12472, stack(0x000000d688e00000,0x000000d688f00000) (1024K)]
  0x000001ebe421f610 JavaThread "Exec process"                      [_thread_in_native, id=13404, stack(0x000000d689000000,0x000000d689100000) (1024K)]
  0x000001ebe421ceb0 JavaThread "pool-37-thread-1"                  [_thread_blocked, id=17808, stack(0x000000d689100000,0x000000d689200000) (1024K)]
  0x000001ebe421e8f0 JavaThread "Connection worker"                 [_thread_blocked, id=36004, stack(0x000000d689400000,0x000000d689500000) (1024K)]
  0x000001ebe4221d70 JavaThread "Exec process Thread 2"             [_thread_blocked, id=20860, stack(0x000000d689600000,0x000000d689700000) (1024K)]
  0x000001ebe42237b0 JavaThread "pool-39-thread-1"                  [_thread_blocked, id=35024, stack(0x000000d689500000,0x000000d689600000) (1024K)]
  0x000001ebe42216e0 JavaThread "pool-40-thread-1"                  [_thread_blocked, id=13156, stack(0x000000d689700000,0x000000d689800000) (1024K)]
  0x000001ebe4221050 JavaThread "pool-41-thread-1"                  [_thread_blocked, id=22960, stack(0x000000d689800000,0x000000d689900000) (1024K)]
  0x000001ebe4223e40 JavaThread "pool-42-thread-1"                  [_thread_blocked, id=13176, stack(0x000000d689900000,0x000000d689a00000) (1024K)]
  0x000001ebe4223120 JavaThread "pool-43-thread-1"                  [_thread_blocked, id=31764, stack(0x000000d689a00000,0x000000d689b00000) (1024K)]
  0x000001ebe42244d0 JavaThread "Exec process"                      [_thread_in_native, id=38824, stack(0x000000d689b00000,0x000000d689c00000) (1024K)]
  0x000001ebe4224b60 JavaThread "pool-44-thread-1"                  [_thread_blocked, id=20856, stack(0x000000d689c00000,0x000000d689d00000) (1024K)]
  0x000001ebe4225880 JavaThread "Exec process Thread 2"             [_thread_blocked, id=23056, stack(0x000000d689e00000,0x000000d689f00000) (1024K)]
  0x000001ebe4222400 JavaThread "pool-45-thread-1"                  [_thread_blocked, id=39004, stack(0x000000d689d00000,0x000000d689e00000) (1024K)]
  0x000001ebe42251f0 JavaThread "pool-46-thread-1"                  [_thread_blocked, id=32240, stack(0x000000d689f00000,0x000000d68a000000) (1024K)]
  0x000001ebe4225f10 JavaThread "pool-47-thread-1"                  [_thread_blocked, id=29600, stack(0x000000d68a000000,0x000000d68a100000) (1024K)]
  0x000001ebe4222a90 JavaThread "pool-48-thread-1"                  [_thread_blocked, id=21624, stack(0x000000d68a200000,0x000000d68a300000) (1024K)]
  0x000001ebe42272c0 JavaThread "Exec process"                      [_thread_in_native, id=25624, stack(0x000000d68a300000,0x000000d68a400000) (1024K)]
  0x000001ebe4228670 JavaThread "pool-49-thread-1"                  [_thread_blocked, id=11940, stack(0x000000d68a400000,0x000000d68a500000) (1024K)]
  0x000001ebe4227950 JavaThread "Exec process Thread 2"             [_thread_blocked, id=38272, stack(0x000000d68a600000,0x000000d68a700000) (1024K)]
  0x000001ebe4228d00 JavaThread "pool-50-thread-1"                  [_thread_blocked, id=28696, stack(0x000000d68a500000,0x000000d68a600000) (1024K)]
  0x000001ebe4229a20 JavaThread "pool-51-thread-1"                  [_thread_blocked, id=21812, stack(0x000000d68a700000,0x000000d68a800000) (1024K)]
  0x000001ebe42265a0 JavaThread "pool-53-thread-1"                  [_thread_blocked, id=17956, stack(0x000000d68a900000,0x000000d68aa00000) (1024K)]
  0x000001ebe422a0b0 JavaThread "pool-54-thread-1"                  [_thread_blocked, id=43728, stack(0x000000d68aa00000,0x000000d68ab00000) (1024K)]
  0x000001ebe422a740 JavaThread "pool-56-thread-1"                  [_thread_blocked, id=22160, stack(0x000000d68ac00000,0x000000d68ad00000) (1024K)]
  0x000001ebe422add0 JavaThread "pool-57-thread-1"                  [_thread_blocked, id=15376, stack(0x000000d68ad00000,0x000000d68ae00000) (1024K)]
  0x000001ebe422b460 JavaThread "pool-58-thread-1"                  [_thread_blocked, id=39292, stack(0x000000d68ae00000,0x000000d68af00000) (1024K)]
  0x000001ebe74fa380 JavaThread "pool-61-thread-1"                  [_thread_blocked, id=39344, stack(0x000000d68b300000,0x000000d68b400000) (1024K)]
  0x000001ebe74f8940 JavaThread "pool-62-thread-1"                  [_thread_blocked, id=23624, stack(0x000000d68a100000,0x000000d68a200000) (1024K)]
  0x000001ebe74f82b0 JavaThread "pool-63-thread-1"                  [_thread_blocked, id=27420, stack(0x000000d68b400000,0x000000d68b500000) (1024K)]
  0x000001ebe74f9660 JavaThread "pool-64-thread-1"                  [_thread_blocked, id=24840, stack(0x000000d68b500000,0x000000d68b600000) (1024K)]
  0x000001ebe74fd170 JavaThread "pool-65-thread-1"                  [_thread_blocked, id=16672, stack(0x000000d68b600000,0x000000d68b700000) (1024K)]
  0x000001ebe74fb0a0 JavaThread "pool-66-thread-1"                  [_thread_blocked, id=36300, stack(0x000000d68b700000,0x000000d68b800000) (1024K)]
  0x000001ebe74fbdc0 JavaThread "Exec process"                      [_thread_in_native, id=39176, stack(0x000000d68b900000,0x000000d68ba00000) (1024K)]
  0x000001ebe74fc450 JavaThread "pool-68-thread-1"                  [_thread_blocked, id=13712, stack(0x000000d68ba00000,0x000000d68bb00000) (1024K)]
  0x000001ebe74ddeb0 JavaThread "Exec process Thread 2"             [_thread_blocked, id=35060, stack(0x000000d68bc00000,0x000000d68bd00000) (1024K)]
  0x000001ebe74fcae0 JavaThread "pool-69-thread-1"                  [_thread_blocked, id=28532, stack(0x000000d68bb00000,0x000000d68bc00000) (1024K)]
  0x000001ebe74e0ca0 JavaThread "pool-70-thread-1"                  [_thread_blocked, id=40896, stack(0x000000d68bd00000,0x000000d68be00000) (1024K)]
  0x000001ebe74e1330 JavaThread "pool-71-thread-1"                  [_thread_blocked, id=23756, stack(0x000000d68be00000,0x000000d68bf00000) (1024K)]
  0x000001ebe74df8f0 JavaThread "pool-72-thread-1"                  [_thread_blocked, id=25200, stack(0x000000d68bf00000,0x000000d68c000000) (1024K)]
  0x000001ebe74e19c0 JavaThread "pool-73-thread-1"                  [_thread_blocked, id=27868, stack(0x000000d68c000000,0x000000d68c100000) (1024K)]
  0x000001ebe74df260 JavaThread "pool-74-thread-1"                  [_thread_blocked, id=27188, stack(0x000000d68c100000,0x000000d68c200000) (1024K)]
  0x000001ebe74debd0 JavaThread "pool-75-thread-1"                  [_thread_blocked, id=30780, stack(0x000000d68c200000,0x000000d68c300000) (1024K)]
  0x000001ebe74de540 JavaThread "Exec process"                      [_thread_in_native, id=5064, stack(0x000000d68c300000,0x000000d68c400000) (1024K)]
  0x000001ebe74e2050 JavaThread "Exec process Thread 2"             [_thread_blocked, id=42988, stack(0x000000d68c500000,0x000000d68c600000) (1024K)]
  0x000001ebe74e3400 JavaThread "pool-76-thread-1"                  [_thread_blocked, id=41496, stack(0x000000d68c400000,0x000000d68c500000) (1024K)]
  0x000001ebe74e2d70 JavaThread "Exec process"                      [_thread_in_native, id=33572, stack(0x000000d68c600000,0x000000d68c700000) (1024K)]
  0x000001ebe74dff80 JavaThread "Exec process Thread 2"             [_thread_blocked, id=38064, stack(0x000000d68c800000,0x000000d68c900000) (1024K)]
  0x000001ebe74e26e0 JavaThread "pool-77-thread-1"                  [_thread_blocked, id=30216, stack(0x000000d68c700000,0x000000d68c800000) (1024K)]
  0x000001ebe74e3a90 JavaThread "pool-78-thread-1"                  [_thread_blocked, id=26992, stack(0x000000d68c900000,0x000000d68ca00000) (1024K)]
  0x000001ebe74e54d0 JavaThread "pool-80-thread-1"                  [_thread_blocked, id=33976, stack(0x000000d68cb00000,0x000000d68cc00000) (1024K)]
  0x000001ebe74e4120 JavaThread "pool-81-thread-1"                  [_thread_blocked, id=2028, stack(0x000000d68cc00000,0x000000d68cd00000) (1024K)]
  0x000001ebe74e75a0 JavaThread "pool-82-thread-1"                  [_thread_blocked, id=33232, stack(0x000000d68cd00000,0x000000d68ce00000) (1024K)]
  0x000001ebe74e7c30 JavaThread "pool-83-thread-1"                  [_thread_blocked, id=23584, stack(0x000000d68ce00000,0x000000d68cf00000) (1024K)]
  0x000001ebe74e47b0 JavaThread "pool-84-thread-1"                  [_thread_blocked, id=21444, stack(0x000000d68cf00000,0x000000d68d000000) (1024K)]
  0x000001ebe74e82c0 JavaThread "pool-85-thread-1"                  [_thread_blocked, id=40424, stack(0x000000d68d000000,0x000000d68d100000) (1024K)]
  0x000001ebe74e4e40 JavaThread "pool-86-thread-1"                  [_thread_blocked, id=22024, stack(0x000000d68d100000,0x000000d68d200000) (1024K)]
  0x000001ebe74e5b60 JavaThread "pool-87-thread-1"                  [_thread_blocked, id=42440, stack(0x000000d68d200000,0x000000d68d300000) (1024K)]
  0x000001ebe74e6f10 JavaThread "pool-89-thread-1"                  [_thread_blocked, id=28416, stack(0x000000d68d400000,0x000000d68d500000) (1024K)]
  0x000001ebe74e8fe0 JavaThread "pool-90-thread-1"                  [_thread_blocked, id=37848, stack(0x000000d68d500000,0x000000d68d600000) (1024K)]
  0x000001ebe74e61f0 JavaThread "pool-91-thread-1"                  [_thread_blocked, id=13236, stack(0x000000d68d700000,0x000000d68d800000) (1024K)]
  0x000001ebe74eb740 JavaThread "pool-93-thread-1"                  [_thread_blocked, id=20840, stack(0x000000d68da00000,0x000000d68db00000) (1024K)]
  0x000001ebe74ec460 JavaThread "pool-94-thread-1"                  [_thread_blocked, id=27092, stack(0x000000d68db00000,0x000000d68dc00000) (1024K)]
  0x000001ebe74ed180 JavaThread "pool-95-thread-1"                  [_thread_blocked, id=2152, stack(0x000000d68dc00000,0x000000d68dd00000) (1024K)]
  0x000001ebe74ea390 JavaThread "pool-96-thread-1"                  [_thread_blocked, id=15400, stack(0x000000d68dd00000,0x000000d68de00000) (1024K)]
  0x000001ebe74e9d00 JavaThread "Exec process"                      [_thread_in_native, id=16160, stack(0x000000d68de00000,0x000000d68df00000) (1024K)]
  0x000001ebe74edea0 JavaThread "pool-97-thread-1"                  [_thread_blocked, id=29888, stack(0x000000d68df00000,0x000000d68e000000) (1024K)]
  0x000001ebe74eaa20 JavaThread "Exec process"                      [_thread_in_native, id=28096, stack(0x000000d68e100000,0x000000d68e200000) (1024K)]
  0x000001ebe74ee530 JavaThread "pool-98-thread-1"                  [_thread_blocked, id=22452, stack(0x000000d68e200000,0x000000d68e300000) (1024K)]
  0x000001ebe74f19b0 JavaThread "Exec process Thread 2"             [_thread_blocked, id=36492, stack(0x000000d68e400000,0x000000d68e500000) (1024K)]
  0x000001ebe74f2040 JavaThread "Exec process Thread 2"             [_thread_blocked, id=23512, stack(0x000000d68e500000,0x000000d68e600000) (1024K)]
  0x000001ebe74eb0b0 JavaThread "pool-99-thread-1"                  [_thread_blocked, id=5076, stack(0x000000d68e000000,0x000000d68e100000) (1024K)]
  0x000001ebe74f0c90 JavaThread "pool-100-thread-1"                 [_thread_blocked, id=41328, stack(0x000000d68e300000,0x000000d68e400000) (1024K)]
  0x000001ebe74f1320 JavaThread "Exec process"                      [_thread_in_native, id=36312, stack(0x000000d68e600000,0x000000d68e700000) (1024K)]
  0x000001ebe74eebc0 JavaThread "pool-101-thread-1"                 [_thread_blocked, id=29800, stack(0x000000d68e700000,0x000000d68e800000) (1024K)]
  0x000001ebe74ef250 JavaThread "Exec process Thread 2"             [_thread_blocked, id=6876, stack(0x000000d68e900000,0x000000d68ea00000) (1024K)]
  0x000001ebe74f26d0 JavaThread "Connection worker"                 [_thread_blocked, id=21304, stack(0x000000d682600000,0x000000d682700000) (1024K)]
  0x000001ebe74f0600 JavaThread "pool-102-thread-1"                 [_thread_blocked, id=24396, stack(0x000000d689200000,0x000000d689300000) (1024K)]
  0x000001ebe74f2d60 JavaThread "pool-103-thread-1"                 [_thread_blocked, id=22124, stack(0x000000d686b00000,0x000000d686c00000) (1024K)]
  0x000001ebe74eff70 JavaThread "Worker-844: Initialize workspace"        [_thread_blocked, id=23884, stack(0x000000d680900000,0x000000d680a00000) (1024K)]
  0x000001ebe74f47a0 JavaThread "pool-104-thread-1"                 [_thread_blocked, id=8448, stack(0x000000d680e00000,0x000000d680f00000) (1024K)]
  0x000001ebe74ef8e0 JavaThread "Connection worker"                 [_thread_blocked, id=41296, stack(0x000000d68e800000,0x000000d68e900000) (1024K)]
  0x000001ebe74f3a80 JavaThread "pool-105-thread-1"                 [_thread_blocked, id=33772, stack(0x000000d68eb00000,0x000000d68ec00000) (1024K)]
  0x000001ebe74f61e0 JavaThread "Timer-104"                         [_thread_blocked, id=14024, stack(0x000000d680100000,0x000000d680200000) (1024K)]
  0x000001ebe74f4110 JavaThread "Worker-853: Initialize workspace"        [_thread_blocked, id=43456, stack(0x000000d68ec00000,0x000000d68ed00000) (1024K)]
  0x000001ebe74f5b50 JavaThread "Connection worker"                 [_thread_blocked, id=43052, stack(0x000000d68ee00000,0x000000d68ef00000) (1024K)]
  0x000001ebe74f7590 JavaThread "pool-106-thread-1"                 [_thread_blocked, id=5400, stack(0x000000d682800000,0x000000d682900000) (1024K)]
  0x000001ebe74f4e30 JavaThread "Connection worker"                 [_thread_blocked, id=21256, stack(0x000000d680800000,0x000000d680900000) (1024K)]
  0x000001ebe74f33f0 JavaThread "Timer-105"                         [_thread_blocked, id=5760, stack(0x000000d687500000,0x000000d687600000) (1024K)]
  0x000001ebe42b88b0 JavaThread "Worker-870: Initialize workspace"        [_thread_blocked, id=40556, stack(0x000000d68ef00000,0x000000d68f000000) (1024K)]
  0x000001ebe422baf0 JavaThread "Connection worker"                 [_thread_blocked, id=2360, stack(0x000000d68ea00000,0x000000d68eb00000) (1024K)]
  0x000001ebe74f54c0 JavaThread "pool-107-thread-1"                 [_thread_blocked, id=25868, stack(0x000000d68ed00000,0x000000d68ee00000) (1024K)]
  0x000001ebe42b67e0 JavaThread "Timer-106"                         [_thread_blocked, id=42820, stack(0x000000d68f300000,0x000000d68f400000) (1024K)]
  0x000001ebe74f6870 JavaThread "Worker-886: Initialize workspace"        [_thread_blocked, id=25932, stack(0x000000d68f000000,0x000000d68f100000) (1024K)]
  0x000001ebe462e940 JavaThread "Connection worker"                 [_thread_blocked, id=32504, stack(0x000000d68f900000,0x000000d68fa00000) (1024K)]
  0x000001ebe462f660 JavaThread "pool-108-thread-1"                 [_thread_blocked, id=24788, stack(0x000000d68f400000,0x000000d68f500000) (1024K)]
  0x000001ebe462e2b0 JavaThread "Timer-107"                         [_thread_blocked, id=27700, stack(0x000000d68fe00000,0x000000d68ff00000) (1024K)]
  0x000001ebe4630380 JavaThread "Exec process"                      [_thread_in_native, id=43356, stack(0x000000d690000000,0x000000d690100000) (1024K)]
  0x000001ebe4633170 JavaThread "Exec process Thread 2"             [_thread_blocked, id=35784, stack(0x000000d690200000,0x000000d690300000) (1024K)]
  0x000001ebe46310a0 JavaThread "Worker-899: Initialize workspace"        [_thread_blocked, id=19724, stack(0x000000d68fd00000,0x000000d68fe00000) (1024K)]
  0x000001ebe462fcf0 JavaThread "Connection worker"                 [_thread_blocked, id=19284, stack(0x000000d68f700000,0x000000d68f800000) (1024K)]
  0x000001ebe462d590 JavaThread "pool-109-thread-1"                 [_thread_blocked, id=33868, stack(0x000000d68ff00000,0x000000d690000000) (1024K)]
  0x000001ebe4633e90 JavaThread "Exec process"                      [_thread_in_native, id=42148, stack(0x000000d690600000,0x000000d690700000) (1024K)]
  0x000001ebe4631dc0 JavaThread "Exec process Thread 2"             [_thread_blocked, id=8616, stack(0x000000d690800000,0x000000d690900000) (1024K)]
  0x000001ebe4635240 JavaThread "Timer-108"                         [_thread_blocked, id=10024, stack(0x000000d690d00000,0x000000d690e00000) (1024K)]
  0x000001ebe4632450 JavaThread "Worker-912: Initialize workspace"        [_thread_blocked, id=38812, stack(0x000000d681b00000,0x000000d681c00000) (1024K)]
  0x000001ebe462efd0 JavaThread "Connection worker"                 [_thread_blocked, id=22352, stack(0x000000d68f500000,0x000000d68f600000) (1024K)]
  0x000001ebe46365f0 JavaThread "Connection worker"                 [_thread_blocked, id=41988, stack(0x000000d68f800000,0x000000d68f900000) (1024K)]
  0x000001ebe46379a0 JavaThread "pool-110-thread-1"                 [_thread_blocked, id=31692, stack(0x000000d690900000,0x000000d690a00000) (1024K)]
  0x000001ebe4638030 JavaThread "Timer-109"                         [_thread_blocked, id=41608, stack(0x000000d688400000,0x000000d688500000) (1024K)]
  0x000001ebe4632ae0 JavaThread "Worker-928: Initialize workspace"        [_thread_blocked, id=29400, stack(0x000000d690f00000,0x000000d691000000) (1024K)]
  0x000001ebe463a100 JavaThread "Connection worker"                 [_thread_blocked, id=29500, stack(0x000000d691200000,0x000000d691300000) (1024K)]
  0x000001ebe46386c0 JavaThread "pool-111-thread-1"                 [_thread_blocked, id=31424, stack(0x000000d691300000,0x000000d691400000) (1024K)]
  0x000001ebe4638d50 JavaThread "Timer-110"                         [_thread_blocked, id=21772, stack(0x000000d691400000,0x000000d691500000) (1024K)]
  0x000001ebe462cf00 JavaThread "Connection worker"                 [_thread_blocked, id=42952, stack(0x000000d681200000,0x000000d681300000) (1024K)]
  0x000001ebe46393e0 JavaThread "Worker-943: Initialize workspace"        [_thread_blocked, id=40236, stack(0x000000d690b00000,0x000000d690c00000) (1024K)]
  0x000001ebe4637310 JavaThread "Connection worker"                 [_thread_blocked, id=5056, stack(0x000000d691000000,0x000000d691100000) (1024K)]
  0x000001ebe4639a70 JavaThread "pool-112-thread-1"                 [_thread_blocked, id=32856, stack(0x000000d691500000,0x000000d691600000) (1024K)]
  0x000001ebe4630a10 JavaThread "Connection worker"                 [_thread_blocked, id=6000, stack(0x000000d681f00000,0x000000d682000000) (1024K)]
  0x000001ebe4634520 JavaThread "Connection worker"                 [_thread_blocked, id=28460, stack(0x000000d681500000,0x000000d681600000) (1024K)]
  0x000001ebe462c870 JavaThread "Connection worker"                 [_thread_blocked, id=40360, stack(0x000000d687900000,0x000000d687a00000) (1024K)]
  0x000001ebe4631730 JavaThread "Timer-111"                         [_thread_blocked, id=22096, stack(0x000000d687e00000,0x000000d687f00000) (1024K)]
  0x000001ebe462c1e0 JavaThread "Worker-956: Initialize workspace"        [_thread_blocked, id=34352, stack(0x000000d690400000,0x000000d690500000) (1024K)]
  0x000001ebe462dc20 JavaThread "Connection worker"                 [_thread_in_native, id=29708, stack(0x000000d681e00000,0x000000d681f00000) (1024K)]
  0x000001ebe4633800 JavaThread "Connection worker"                 [_thread_in_native, id=25296, stack(0x000000d687000000,0x000000d687100000) (1024K)]
  0x000001ebe4636c80 JavaThread "pool-113-thread-1"                 [_thread_blocked, id=31404, stack(0x000000d688600000,0x000000d688700000) (1024K)]
  0x000001ebe463a790 JavaThread "Connection worker"                 [_thread_in_native, id=14780, stack(0x000000d684f00000,0x000000d685000000) (1024K)]
  0x000001ebe63acf70 JavaThread "Connection worker"                 [_thread_in_native, id=34104, stack(0x000000d680c00000,0x000000d680d00000) (1024K)]
  0x000001ebe63ae9b0 JavaThread "Timer-112"                         [_thread_blocked, id=272, stack(0x000000d687b00000,0x000000d687c00000) (1024K)]
  0x000001ebe63b6cf0 JavaThread "Worker-970: Initialize workspace"        [_thread_blocked, id=20124, stack(0x000000d690100000,0x000000d690200000) (1024K)]
  0x000001ebe63a24d0 JavaThread "Connection worker"                 [_thread_in_native, id=15236, stack(0x000000d68af00000,0x000000d68b000000) (1024K)]
  0x000001ebe63b4c20 JavaThread "pool-114-thread-1"                 [_thread_blocked, id=26468, stack(0x000000d68b100000,0x000000d68b200000) (1024K)]
  0x000001ebe42b95d0 JavaThread "Timer-113"                         [_thread_blocked, id=22368, stack(0x000000d690700000,0x000000d690800000) (1024K)]
  0x000001ebe74ad760 JavaThread "Worker-984: Initialize workspace"        [_thread_blocked, id=28708, stack(0x000000d690300000,0x000000d690400000) (1024K)]
  0x000001ebe74faa10 JavaThread "Connection worker"                 [_thread_blocked, id=23752, stack(0x000000d68f100000,0x000000d68f200000) (1024K)]
  0x000001ebe74f7c20 JavaThread "Connection worker"                 [_thread_blocked, id=15364, stack(0x000000d682a00000,0x000000d682b00000) (1024K)]
  0x000001ebe74ae480 JavaThread "pool-115-thread-1"                 [_thread_blocked, id=13088, stack(0x000000d688700000,0x000000d688800000) (1024K)]
  0x000001ebe63b3870 JavaThread "Connection worker"                 [_thread_blocked, id=33300, stack(0x000000d680400000,0x000000d680500000) (1024K)]
  0x000001ebe63b1110 JavaThread "Timer-114"                         [_thread_blocked, id=9048, stack(0x000000d682b00000,0x000000d682c00000) (1024K)]
  0x000001ebe4635f60 JavaThread "Worker-1000: Initialize workspace"        [_thread_blocked, id=35136, stack(0x000000d68ca00000,0x000000d68cb00000) (1024K)]
  0x000001ebe463b4b0 JavaThread "Connection worker"                 [_thread_blocked, id=21364, stack(0x000000d690e00000,0x000000d690f00000) (1024K)]
  0x000001ebe4634bb0 JavaThread "Connection worker"                 [_thread_blocked, id=26248, stack(0x000000d684400000,0x000000d684500000) (1024K)]
  0x000001ebe46358d0 JavaThread "pool-116-thread-1"                 [_thread_blocked, id=35400, stack(0x000000d688c00000,0x000000d688d00000) (1024K)]
  0x000001ebe421ef80 JavaThread "Timer-115"                         [_thread_blocked, id=30884, stack(0x000000d691700000,0x000000d691800000) (1024K)]
  0x000001ebe74ab690 JavaThread "Worker-1015: Initialize workspace"        [_thread_blocked, id=29628, stack(0x000000d68fc00000,0x000000d68fd00000) (1024K)]
  0x000001ebe63a5fe0 JavaThread "Connection worker"                 [_thread_blocked, id=22800, stack(0x000000d685b00000,0x000000d685c00000) (1024K)]
  0x000001ebe639a190 JavaThread "Connection worker"                 [_thread_blocked, id=34708, stack(0x000000d682c00000,0x000000d682d00000) (1024K)]
  0x000001ebe63b8730 JavaThread "Connection worker"                 [_thread_blocked, id=42264, stack(0x000000d688a00000,0x000000d688b00000) (1024K)]
  0x000001ebe63b5940 JavaThread "pool-117-thread-1"                 [_thread_blocked, id=12292, stack(0x000000d68b800000,0x000000d68b900000) (1024K)]
  0x000001ebe421e260 JavaThread "Timer-116"                         [_thread_blocked, id=6628, stack(0x000000d691a00000,0x000000d691b00000) (1024K)]
  0x000001ebe4227fe0 JavaThread "Connection worker"                 [_thread_blocked, id=36988, stack(0x000000d68ab00000,0x000000d68ac00000) (1024K)]
  0x000001ebe4226c30 JavaThread "Connection worker"                 [_thread_blocked, id=32292, stack(0x000000d683d00000,0x000000d683e00000) (1024K)]
  0x000001ebe74e0610 JavaThread "Worker-1028: Initialize workspace"        [_thread_blocked, id=7388, stack(0x000000d690a00000,0x000000d690b00000) (1024K)]
  0x000001ebe74b2620 JavaThread "Connection worker"                 [_thread_blocked, id=42288, stack(0x000000d690c00000,0x000000d690d00000) (1024K)]
  0x000001ebe74af830 JavaThread "pool-118-thread-1"                 [_thread_blocked, id=18644, stack(0x000000d691800000,0x000000d691900000) (1024K)]
  0x000001ebe44c9d20 JavaThread "Timer-117"                         [_thread_blocked, id=27944, stack(0x000000d691e00000,0x000000d691f00000) (1024K)]
  0x000001ebe42b5430 JavaThread "Connection worker"                 [_thread_blocked, id=43556, stack(0x000000d684a00000,0x000000d684b00000) (1024K)]
  0x000001ebe639b540 JavaThread "Worker-1044: Initialize workspace"        [_thread_blocked, id=15248, stack(0x000000d691100000,0x000000d691200000) (1024K)]
  0x000001ebe63a1120 JavaThread "Connection worker"                 [_thread_blocked, id=10084, stack(0x000000d68a800000,0x000000d68a900000) (1024K)]
  0x000001ebe74f8fd0 JavaThread "Connection worker"                 [_thread_blocked, id=43224, stack(0x000000d68b200000,0x000000d68b300000) (1024K)]
  0x000001ebe74fb730 JavaThread "pool-119-thread-1"                 [_thread_blocked, id=41188, stack(0x000000d68b000000,0x000000d68b100000) (1024K)]
  0x000001ebe74e8950 JavaThread "Connection worker"                 [_thread_blocked, id=35028, stack(0x000000d681600000,0x000000d681700000) (1024K)]
  0x000001ebe74f9cf0 JavaThread "Exec process"                      [_thread_in_native, id=16152, stack(0x000000d684100000,0x000000d684200000) (1024K)]
  0x000001ebe74aa2e0 JavaThread "Exec process"                      [_thread_in_native, id=11904, stack(0x000000d684200000,0x000000d684300000) (1024K)]
  0x000001ebe63b7380 JavaThread "Exec process Thread 2"             [_thread_blocked, id=31856, stack(0x000000d68d300000,0x000000d68d400000) (1024K)]
  0x000001ebe74aeb10 JavaThread "Exec process Thread 2"             [_thread_blocked, id=25900, stack(0x000000d691b00000,0x000000d691c00000) (1024K)]
  0x000001ebe42ba2f0 JavaThread "Timer-118"                         [_thread_blocked, id=2716, stack(0x000000d691600000,0x000000d691700000) (1024K)]
  0x000001ebe639d610 JavaThread "Connection worker"                 [_thread_blocked, id=3276, stack(0x000000d680300000,0x000000d680400000) (1024K)]
  0x000001ebe63b17a0 JavaThread "Connection worker"                 [_thread_blocked, id=26700, stack(0x000000d687c00000,0x000000d687d00000) (1024K)]
  0x000001ebe74e9670 JavaThread "Worker-1056: Initialize workspace"        [_thread_blocked, id=31168, stack(0x000000d680a00000,0x000000d680b00000) (1024K)]
  0x000001ebe42b1fb0 JavaThread "Connection worker"                 [_thread_blocked, id=24976, stack(0x000000d687400000,0x000000d687500000) (1024K)]
  0x000001ebe42b7b90 JavaThread "pool-120-thread-1"                 [_thread_blocked, id=18864, stack(0x000000d688000000,0x000000d688100000) (1024K)]
  0x000001ebe42bb6a0 JavaThread "Connection worker"                 [_thread_blocked, id=31096, stack(0x000000d681800000,0x000000d681900000) (1024K)]
  0x000001ebe63b03f0 JavaThread "Exec process"                      [_thread_in_native, id=25020, stack(0x000000d688f00000,0x000000d689000000) (1024K)]
  0x000001ebe4220330 JavaThread "Exec process Thread 2"             [_thread_blocked, id=15312, stack(0x000000d68d600000,0x000000d68d700000) (1024K)]
  0x000001ebe421d540 JavaThread "Timer-119"                         [_thread_blocked, id=33668, stack(0x000000d689300000,0x000000d689400000) (1024K)]
  0x000001ebe63b7a10 JavaThread "Worker-1071: Initialize workspace"        [_thread_blocked, id=13468, stack(0x000000d691900000,0x000000d691a00000) (1024K)]
  0x000001ebe63b31e0 JavaThread "Exec process"                      [_thread_in_native, id=11288, stack(0x000000d688100000,0x000000d688200000) (1024K)]
  0x000001ebe44ca3b0 JavaThread "Exec process Thread 2"             [_thread_blocked, id=28560, stack(0x000000d691c00000,0x000000d691d00000) (1024K)]
  0x000001ebe421dbd0 JavaThread "Connection worker"                 [_thread_blocked, id=41892, stack(0x000000d688d00000,0x000000d688e00000) (1024K)]
  0x000001ebe74e6880 JavaThread "Connection worker"                 [_thread_blocked, id=12348, stack(0x000000d685f00000,0x000000d686000000) (1024K)]
  0x000001ebe74ecaf0 JavaThread "pool-121-thread-1"                 [_thread_blocked, id=38340, stack(0x000000d68d900000,0x000000d68da00000) (1024K)]
  0x000001ebe639a820 JavaThread "Exec process"                      [_thread_in_native, id=40884, stack(0x000000d68f600000,0x000000d68f700000) (1024K)]
  0x000001ebe63a5950 JavaThread "Exec process"                      [_thread_in_native, id=31224, stack(0x000000d68d800000,0x000000d68d900000) (1024K)]
  0x000001ebe74aa970 JavaThread "Exec process Thread 2"             [_thread_blocked, id=8344, stack(0x000000d688900000,0x000000d688a00000) (1024K)]
  0x000001ebe74ac3b0 JavaThread "Connection worker"                 [_thread_blocked, id=28424, stack(0x000000d682100000,0x000000d682200000) (1024K)]
  0x000001ebe74f6f00 JavaThread "Exec process"                      [_thread_blocked, id=29956, stack(0x000000d68f200000,0x000000d68f300000) (1024K)]
Total: 525

Other Threads:
  0x000001eb83d159d0 VMThread "VM Thread"                           [id=39588, stack(0x000000d6efc00000,0x000000d6efd00000) (1024K)]
  0x000001eb9a5fca10 WatcherThread "VM Periodic Task Thread"        [id=6744, stack(0x000000d6efb00000,0x000000d6efc00000) (1024K)]
  0x000001eb83c95890 WorkerThread "GC Thread#0"                     [id=27296, stack(0x000000d6efa00000,0x000000d6efb00000) (1024K)]
  0x000001ebe31f1350 WorkerThread "GC Thread#1"                     [id=21876, stack(0x000000d6f0c00000,0x000000d6f0d00000) (1024K)]
  0x000001ebe31f1700 WorkerThread "GC Thread#2"                     [id=28984, stack(0x000000d6f0d00000,0x000000d6f0e00000) (1024K)]
  0x000001ebe3465920 WorkerThread "GC Thread#3"                     [id=30968, stack(0x000000d6f0e00000,0x000000d6f0f00000) (1024K)]
  0x000001ebe3205db0 WorkerThread "GC Thread#4"                     [id=34684, stack(0x000000d6f0f00000,0x000000d6f1000000) (1024K)]
  0x000001ebe3206160 WorkerThread "GC Thread#5"                     [id=18524, stack(0x000000d6f1000000,0x000000d6f1100000) (1024K)]
  0x000001ebe3206510 WorkerThread "GC Thread#6"                     [id=43616, stack(0x000000d6f1100000,0x000000d6f1200000) (1024K)]
  0x000001ebe36c0830 WorkerThread "GC Thread#7"                     [id=27836, stack(0x000000d6f1300000,0x000000d6f1400000) (1024K)]
  0x000001ebe3834a50 WorkerThread "GC Thread#8"                     [id=28980, stack(0x000000d6f1700000,0x000000d6f1800000) (1024K)]
  0x000001ebe3834e00 WorkerThread "GC Thread#9"                     [id=29396, stack(0x000000d6f1800000,0x000000d6f1900000) (1024K)]
  0x000001ebe38351b0 WorkerThread "GC Thread#10"                    [id=24584, stack(0x000000d6f1900000,0x000000d6f1a00000) (1024K)]
  0x000001ebe3c94f70 WorkerThread "GC Thread#11"                    [id=28992, stack(0x000000d6f0700000,0x000000d6f0800000) (1024K)]
  0x000001ebe389fd00 WorkerThread "GC Thread#12"                    [id=35180, stack(0x000000d6f0b00000,0x000000d6f0c00000) (1024K)]
Total: 15

Threads with active compile tasks:
C2 CompilerThread0  123227 17054       4       org.gradle.internal.service.DefaultServiceRegistry$ServicesSnapshot::collectProvidersForClassHierarchyOf (147 bytes)
Total: 1

VM state: at safepoint (normal execution)

VM Mutex/Monitor currently owned by a thread:  ([mutex/lock_event])
[0x00007ffd7f79f5b0] Threads_lock - owner thread: 0x000001eb83d159d0
[0x00007ffd7f79f6b0] Heap_lock - owner thread: 0x000001ebe74ac3b0
[0x00007ffd7f79fb30] PSOldGenExpand_lock - owner thread: 0x000001ebe389fd00

Heap address: 0x0000000080000000, size: 2048 MB, Compressed Oops mode: 32-bit

CDS archive(s) mapped at: [0x000001eb9b000000-0x000001eb9bba0000-0x000001eb9bba0000), size 12189696, SharedBaseAddress: 0x000001eb9b000000, ArchiveRelocationMode: 1.
Compressed class space mapped at: 0x000001eb9c000000-0x000001ebdc000000, reserved size: 1073741824
Narrow klass base: 0x000001eb9b000000, Narrow klass shift: 0, Narrow klass range: 0x100000000

GC Precious Log:
 CardTable entry size: 512
 CPUs: 16 total, 16 available
 Memory: 16066M
 Large Page Support: Disabled
 NUMA Support: Disabled
 Compressed Oops: Enabled (32-bit)
 Alignments: Space 512K, Generation 512K, Heap 2M
 Heap Min Capacity: 100M
 Heap Initial Capacity: 100M
 Heap Max Capacity: 2G
 Pre-touch: Disabled
 Parallel Workers: 13

Heap:
 PSYoungGen      total 23552K, used 23312K [0x00000000d5580000, 0x00000000dab00000, 0x0000000100000000)
  eden space 22016K, 100% used [0x00000000d5580000,0x00000000d6b00000,0x00000000d6b00000)
  from space 1536K, 84% used [0x00000000da980000,0x00000000daac4030,0x00000000dab00000)
  to   space 1536K, 29% used [0x00000000da800000,0x00000000da870000,0x00000000da980000)
 ParOldGen       total 1274368K, used 1274364K [0x0000000080000000, 0x00000000cdc80000, 0x00000000d5580000)
  object space 1274368K, 99% used [0x0000000080000000,0x00000000cdc7f350,0x00000000cdc80000)
 Metaspace       used 72185K, committed 74112K, reserved 1179648K
  class space    used 8201K, committed 9088K, reserved 1048576K

Card table byte_map: [0x000001eb83610000,0x000001eb83a20000] _byte_map_base: 0x000001eb83210000

Marking Bits: (ParMarkBitMap*) 0x00007ffd7f7a44a0
 Begin Bits: [0x000001eb96120000, 0x000001eb98120000)
 End Bits:   [0x000001eb98120000, 0x000001eb9a120000)

Polling page: 0x000001eb81b80000

Metaspace:

Usage:
  Non-class:     62.48 MB used.
      Class:      8.01 MB used.
       Both:     70.49 MB used.

Virtual space:
  Non-class space:      128.00 MB reserved,      63.50 MB ( 50%) committed,  2 nodes.
      Class space:        1.00 GB reserved,       8.88 MB ( <1%) committed,  1 nodes.
             Both:        1.12 GB reserved,      72.38 MB (  6%) committed. 

Chunk freelists:
   Non-Class:  15.68 MB
       Class:  7.16 MB
        Both:  22.83 MB

MaxMetaspaceSize: unlimited
CompressedClassSpaceSize: 1.00 GB
Initial GC threshold: 21.00 MB
Current GC threshold: 98.12 MB
CDS: on
 - commit_granule_bytes: 65536.
 - commit_granule_words: 8192.
 - virtual_space_node_default_size: 8388608.
 - enlarge_chunks_in_place: 1.
 - use_allocation_guard: 0.


Internal statistics:

num_allocs_failed_limit: 15.
num_arena_births: 2056.
num_arena_deaths: 24.
num_vsnodes_births: 3.
num_vsnodes_deaths: 0.
num_space_committed: 1158.
num_space_uncommitted: 0.
num_chunks_returned_to_freelist: 44.
num_chunks_taken_from_freelist: 5424.
num_chunk_merges: 15.
num_chunk_splits: 3273.
num_chunks_enlarged: 1687.
num_inconsistent_stats: 0.

CodeHeap 'non-profiled nmethods': size=119168Kb used=12635Kb max_used=12635Kb free=106532Kb
 bounds [0x000001eb8ea10000, 0x000001eb8f670000, 0x000001eb95e70000]
CodeHeap 'profiled nmethods': size=119104Kb used=36390Kb max_used=36390Kb free=82713Kb
 bounds [0x000001eb86e70000, 0x000001eb89200000, 0x000001eb8e2c0000]
CodeHeap 'non-nmethods': size=7488Kb used=1444Kb max_used=3191Kb free=6043Kb
 bounds [0x000001eb8e2c0000, 0x000001eb8e5f0000, 0x000001eb8ea10000]
CodeCache: size=245760Kb, used=50469Kb, max_used=52216Kb, free=195288Kb
 total_blobs=17014, nmethods=16260, adapters=660, full_count=0
Compilation: enabled, stopped_count=0, restarted_count=0

Compilation events (20 events):
Event: 120.979 Thread 0x000001ebdcb64990 17072       3       java.lang.invoke.LambdaForm$MH/0x000001eb9c7b4400::invoke (42 bytes)
Event: 120.980 Thread 0x000001ebdcb64990 nmethod 17072 0x000001eb891dff10 code [0x000001eb891e0140, 0x000001eb891e0a80]
Event: 121.035 Thread 0x000001ebdcb64990 17073       3       sun.nio.ch.Net::socket (32 bytes)
Event: 121.037 Thread 0x000001ebdcb64990 nmethod 17073 0x000001eb891e0d10 code [0x000001eb891e0f00, 0x000001eb891e12c8]
Event: 121.080 Thread 0x000001ebdcb64990 17074       3       java.net.Inet4Address::isAnyLocalAddress (16 bytes)
Event: 121.081 Thread 0x000001ebdcb64990 nmethod 17074 0x000001eb891e1490 code [0x000001eb891e1640, 0x000001eb891e1858]
Event: 121.082 Thread 0x000001ebdcb64990 17075       3       sun.net.NetHooks::beforeTcpConnect (1 bytes)
Event: 121.082 Thread 0x000001ebdcb64990 nmethod 17075 0x000001eb891e1910 code [0x000001eb891e1aa0, 0x000001eb891e1b88]
Event: 121.082 Thread 0x000001ebdcb64990 17076       3       sun.nio.ch.Net::connect (41 bytes)
Event: 121.084 Thread 0x000001ebdcb64990 nmethod 17076 0x000001eb891e1c10 code [0x000001eb891e1de0, 0x000001eb891e2120]
Event: 121.092 Thread 0x000001ebdcb64990 17077   !   3       java.io.WinNTFileSystem::createFileExclusively (27 bytes)
Event: 121.092 Thread 0x000001ebdcb64990 nmethod 17077 0x000001eb891e2290 code [0x000001eb891e2460, 0x000001eb891e2680]
Event: 121.137 Thread 0x000001ebdcb64990 17078       3       org.gradle.launcher.daemon.client.DefaultDaemonConnector::partitionByState (11 bytes)
Event: 121.138 Thread 0x000001ebdcb64990 nmethod 17078 0x000001eb891e2790 code [0x000001eb891e29a0, 0x000001eb891e2f60]
Event: 121.138 Thread 0x000001ebdcb64990 17080       3       org.gradle.launcher.daemon.client.DefaultDaemonConnector::getCompatibleDaemons (115 bytes)
Event: 121.140 Thread 0x000001ebdcb64990 nmethod 17080 0x000001eb891e3190 code [0x000001eb891e34e0, 0x000001eb891e4890]
Event: 121.140 Thread 0x000001ebdcb64990 17079       3       org.gradle.launcher.daemon.client.DefaultDaemonConnector$$Lambda/0x000001eb9c8a3f48::<init> (10 bytes)
Event: 121.141 Thread 0x000001ebdcb64990 nmethod 17079 0x000001eb891e4f90 code [0x000001eb891e5140, 0x000001eb891e52c8]
Event: 121.258 Thread 0x000001ebdcb64990 17081       3       org.gradle.api.internal.classpath.DefaultModuleRegistry::createModule (208 bytes)
Event: 121.262 Thread 0x000001ebdcb64990 nmethod 17081 0x000001eb891e5390 code [0x000001eb891e5920, 0x000001eb891e8810]

GC Heap History (20 events):
Event: 107.635 GC heap before
{Heap before GC invocations=1738 (full 3):
 PSYoungGen      total 23040K, used 23021K [0x00000000d5580000, 0x00000000db200000, 0x0000000100000000)
  eden space 22016K, 100% used [0x00000000d5580000,0x00000000d6b00000,0x00000000d6b00000)
  from space 1024K, 98% used [0x00000000db100000,0x00000000db1fb6c8,0x00000000db200000)
  to   space 4096K, 0% used [0x00000000daa00000,0x00000000daa00000,0x00000000dae00000)
 ParOldGen       total 1262592K, used 1262216K [0x0000000080000000, 0x00000000cd100000, 0x00000000d5580000)
  object space 1262592K, 99% used [0x0000000080000000,0x00000000cd0a2348,0x00000000cd100000)
 Metaspace       used 71560K, committed 73472K, reserved 1114112K
  class space    used 8154K, committed 9024K, reserved 1048576K
}
Event: 107.650 GC heap after
{Heap after GC invocations=1738 (full 3):
 PSYoungGen      total 26112K, used 2416K [0x00000000d5580000, 0x00000000db180000, 0x0000000100000000)
  eden space 22016K, 0% used [0x00000000d5580000,0x00000000d5580000,0x00000000d6b00000)
  from space 4096K, 58% used [0x00000000daa00000,0x00000000dac5c010,0x00000000dae00000)
  to   space 3072K, 0% used [0x00000000dae80000,0x00000000dae80000,0x00000000db180000)
 ParOldGen       total 1263104K, used 1262812K [0x0000000080000000, 0x00000000cd180000, 0x00000000d5580000)
  object space 1263104K, 99% used [0x0000000080000000,0x00000000cd1373a8,0x00000000cd180000)
 Metaspace       used 71560K, committed 73472K, reserved 1114112K
  class space    used 8154K, committed 9024K, reserved 1048576K
}
Event: 109.078 GC heap before
{Heap before GC invocations=1739 (full 3):
 PSYoungGen      total 26112K, used 24432K [0x00000000d5580000, 0x00000000db180000, 0x0000000100000000)
  eden space 22016K, 100% used [0x00000000d5580000,0x00000000d6b00000,0x00000000d6b00000)
  from space 4096K, 58% used [0x00000000daa00000,0x00000000dac5c010,0x00000000dae00000)
  to   space 3072K, 0% used [0x00000000dae80000,0x00000000dae80000,0x00000000db180000)
 ParOldGen       total 1263104K, used 1262812K [0x0000000080000000, 0x00000000cd180000, 0x00000000d5580000)
  object space 1263104K, 99% used [0x0000000080000000,0x00000000cd1373a8,0x00000000cd180000)
 Metaspace       used 71560K, committed 73472K, reserved 1114112K
  class space    used 8154K, committed 9024K, reserved 1048576K
}
Event: 109.093 GC heap after
{Heap after GC invocations=1739 (full 3):
 PSYoungGen      total 23040K, used 800K [0x00000000d5580000, 0x00000000daf80000, 0x0000000100000000)
  eden space 22016K, 0% used [0x00000000d5580000,0x00000000d5580000,0x00000000d6b00000)
  from space 1024K, 78% used [0x00000000dae80000,0x00000000daf48020,0x00000000daf80000)
  to   space 1536K, 0% used [0x00000000dac80000,0x00000000dac80000,0x00000000dae00000)
 ParOldGen       total 1265152K, used 1264884K [0x0000000080000000, 0x00000000cd380000, 0x00000000d5580000)
  object space 1265152K, 99% used [0x0000000080000000,0x00000000cd33d3c8,0x00000000cd380000)
 Metaspace       used 71560K, committed 73472K, reserved 1114112K
  class space    used 8154K, committed 9024K, reserved 1048576K
}
Event: 110.183 GC heap before
{Heap before GC invocations=1740 (full 3):
 PSYoungGen      total 23040K, used 22808K [0x00000000d5580000, 0x00000000daf80000, 0x0000000100000000)
  eden space 22016K, 99% used [0x00000000d5580000,0x00000000d6afe038,0x00000000d6b00000)
  from space 1024K, 78% used [0x00000000dae80000,0x00000000daf48020,0x00000000daf80000)
  to   space 1536K, 0% used [0x00000000dac80000,0x00000000dac80000,0x00000000dae00000)
 ParOldGen       total 1265152K, used 1264884K [0x0000000080000000, 0x00000000cd380000, 0x00000000d5580000)
  object space 1265152K, 99% used [0x0000000080000000,0x00000000cd33d3c8,0x00000000cd380000)
 Metaspace       used 71571K, committed 73472K, reserved 1114112K
  class space    used 8154K, committed 9024K, reserved 1048576K
}
Event: 110.191 GC heap after
{Heap after GC invocations=1740 (full 3):
 PSYoungGen      total 23552K, used 1520K [0x00000000d5580000, 0x00000000daf00000, 0x0000000100000000)
  eden space 22016K, 0% used [0x00000000d5580000,0x00000000d5580000,0x00000000d6b00000)
  from space 1536K, 98% used [0x00000000dac80000,0x00000000dadfc030,0x00000000dae00000)
  to   space 1024K, 0% used [0x00000000dae00000,0x00000000dae00000,0x00000000daf00000)
 ParOldGen       total 1266176K, used 1265769K [0x0000000080000000, 0x00000000cd480000, 0x00000000d5580000)
  object space 1266176K, 99% used [0x0000000080000000,0x00000000cd41a448,0x00000000cd480000)
 Metaspace       used 71571K, committed 73472K, reserved 1114112K
  class space    used 8154K, committed 9024K, reserved 1048576K
}
Event: 110.866 GC heap before
{Heap before GC invocations=1741 (full 3):
 PSYoungGen      total 23552K, used 23535K [0x00000000d5580000, 0x00000000daf00000, 0x0000000100000000)
  eden space 22016K, 99% used [0x00000000d5580000,0x00000000d6afff78,0x00000000d6b00000)
  from space 1536K, 98% used [0x00000000dac80000,0x00000000dadfc030,0x00000000dae00000)
  to   space 1024K, 0% used [0x00000000dae00000,0x00000000dae00000,0x00000000daf00000)
 ParOldGen       total 1266176K, used 1265769K [0x0000000080000000, 0x00000000cd480000, 0x00000000d5580000)
  object space 1266176K, 99% used [0x0000000080000000,0x00000000cd41a448,0x00000000cd480000)
 Metaspace       used 71685K, committed 73536K, reserved 1114112K
  class space    used 8168K, committed 9024K, reserved 1048576K
}
Event: 110.878 GC heap after
{Heap after GC invocations=1741 (full 3):
 PSYoungGen      total 23040K, used 1023K [0x00000000d5580000, 0x00000000daf00000, 0x0000000100000000)
  eden space 22016K, 0% used [0x00000000d5580000,0x00000000d5580000,0x00000000d6b00000)
  from space 1024K, 99% used [0x00000000dae00000,0x00000000daeffcd0,0x00000000daf00000)
  to   space 5632K, 0% used [0x00000000da400000,0x00000000da400000,0x00000000da980000)
 ParOldGen       total 1269760K, used 1269609K [0x0000000080000000, 0x00000000cd800000, 0x00000000d5580000)
  object space 1269760K, 99% used [0x0000000080000000,0x00000000cd7da4d0,0x00000000cd800000)
 Metaspace       used 71685K, committed 73536K, reserved 1114112K
  class space    used 8168K, committed 9024K, reserved 1048576K
}
Event: 113.317 GC heap before
{Heap before GC invocations=1742 (full 3):
 PSYoungGen      total 23040K, used 23039K [0x00000000d5580000, 0x00000000daf00000, 0x0000000100000000)
  eden space 22016K, 99% used [0x00000000d5580000,0x00000000d6afff98,0x00000000d6b00000)
  from space 1024K, 99% used [0x00000000dae00000,0x00000000daeffcd0,0x00000000daf00000)
  to   space 5632K, 0% used [0x00000000da400000,0x00000000da400000,0x00000000da980000)
 ParOldGen       total 1269760K, used 1269609K [0x0000000080000000, 0x00000000cd800000, 0x00000000d5580000)
  object space 1269760K, 99% used [0x0000000080000000,0x00000000cd7da4d0,0x00000000cd800000)
 Metaspace       used 71917K, committed 73728K, reserved 1179648K
  class space    used 8183K, committed 9024K, reserved 1048576K
}
Event: 113.326 GC heap after
{Heap after GC invocations=1742 (full 3):
 PSYoungGen      total 27648K, used 1567K [0x00000000d5580000, 0x00000000dae80000, 0x0000000100000000)
  eden space 22016K, 0% used [0x00000000d5580000,0x00000000d5580000,0x00000000d6b00000)
  from space 5632K, 27% used [0x00000000da400000,0x00000000da587cd0,0x00000000da980000)
  to   space 3072K, 0% used [0x00000000dab80000,0x00000000dab80000,0x00000000dae80000)
 ParOldGen       total 1270272K, used 1270013K [0x0000000080000000, 0x00000000cd880000, 0x00000000d5580000)
  object space 1270272K, 99% used [0x0000000080000000,0x00000000cd83f520,0x00000000cd880000)
 Metaspace       used 71917K, committed 73728K, reserved 1179648K
  class space    used 8183K, committed 9024K, reserved 1048576K
}
Event: 114.715 GC heap before
{Heap before GC invocations=1743 (full 3):
 PSYoungGen      total 27648K, used 23583K [0x00000000d5580000, 0x00000000dae80000, 0x0000000100000000)
  eden space 22016K, 99% used [0x00000000d5580000,0x00000000d6affff0,0x00000000d6b00000)
  from space 5632K, 27% used [0x00000000da400000,0x00000000da587cd0,0x00000000da980000)
  to   space 3072K, 0% used [0x00000000dab80000,0x00000000dab80000,0x00000000dae80000)
 ParOldGen       total 1270272K, used 1270013K [0x0000000080000000, 0x00000000cd880000, 0x00000000d5580000)
  object space 1270272K, 99% used [0x0000000080000000,0x00000000cd83f520,0x00000000cd880000)
 Metaspace       used 71959K, committed 73792K, reserved 1179648K
  class space    used 8188K, committed 9024K, reserved 1048576K
}
Event: 114.723 GC heap after
{Heap after GC invocations=1743 (full 3):
 PSYoungGen      total 23040K, used 576K [0x00000000d5580000, 0x00000000dac80000, 0x0000000100000000)
  eden space 22016K, 0% used [0x00000000d5580000,0x00000000d5580000,0x00000000d6b00000)
  from space 1024K, 56% used [0x00000000dab80000,0x00000000dac10000,0x00000000dac80000)
  to   space 1536K, 0% used [0x00000000da980000,0x00000000da980000,0x00000000dab00000)
 ParOldGen       total 1270784K, used 1270713K [0x0000000080000000, 0x00000000cd900000, 0x00000000d5580000)
  object space 1270784K, 99% used [0x0000000080000000,0x00000000cd8ee570,0x00000000cd900000)
 Metaspace       used 71959K, committed 73792K, reserved 1179648K
  class space    used 8188K, committed 9024K, reserved 1048576K
}
Event: 115.596 GC heap before
{Heap before GC invocations=1744 (full 3):
 PSYoungGen      total 23040K, used 22592K [0x00000000d5580000, 0x00000000dac80000, 0x0000000100000000)
  eden space 22016K, 100% used [0x00000000d5580000,0x00000000d6b00000,0x00000000d6b00000)
  from space 1024K, 56% used [0x00000000dab80000,0x00000000dac10000,0x00000000dac80000)
  to   space 1536K, 0% used [0x00000000da980000,0x00000000da980000,0x00000000dab00000)
 ParOldGen       total 1270784K, used 1270713K [0x0000000080000000, 0x00000000cd900000, 0x00000000d5580000)
  object space 1270784K, 99% used [0x0000000080000000,0x00000000cd8ee570,0x00000000cd900000)
 Metaspace       used 71982K, committed 73856K, reserved 1179648K
  class space    used 8194K, committed 9088K, reserved 1048576K
}
Event: 115.603 GC heap after
{Heap after GC invocations=1744 (full 3):
 PSYoungGen      total 23552K, used 1216K [0x00000000d5580000, 0x00000000dac00000, 0x0000000100000000)
  eden space 22016K, 0% used [0x00000000d5580000,0x00000000d5580000,0x00000000d6b00000)
  from space 1536K, 79% used [0x00000000da980000,0x00000000daab0020,0x00000000dab00000)
  to   space 1024K, 0% used [0x00000000dab00000,0x00000000dab00000,0x00000000dac00000)
 ParOldGen       total 1271296K, used 1271121K [0x0000000080000000, 0x00000000cd980000, 0x00000000d5580000)
  object space 1271296K, 99% used [0x0000000080000000,0x00000000cd9545d0,0x00000000cd980000)
 Metaspace       used 71982K, committed 73856K, reserved 1179648K
  class space    used 8194K, committed 9088K, reserved 1048576K
}
Event: 117.494 GC heap before
{Heap before GC invocations=1745 (full 3):
 PSYoungGen      total 23552K, used 23231K [0x00000000d5580000, 0x00000000dac00000, 0x0000000100000000)
  eden space 22016K, 99% used [0x00000000d5580000,0x00000000d6afffd8,0x00000000d6b00000)
  from space 1536K, 79% used [0x00000000da980000,0x00000000daab0020,0x00000000dab00000)
  to   space 1024K, 0% used [0x00000000dab00000,0x00000000dab00000,0x00000000dac00000)
 ParOldGen       total 1271296K, used 1271121K [0x0000000080000000, 0x00000000cd980000, 0x00000000d5580000)
  object space 1271296K, 99% used [0x0000000080000000,0x00000000cd9545d0,0x00000000cd980000)
 Metaspace       used 72007K, committed 73856K, reserved 1179648K
  class space    used 8196K, committed 9088K, reserved 1048576K
}
Event: 117.503 GC heap after
{Heap after GC invocations=1745 (full 3):
 PSYoungGen      total 23040K, used 1008K [0x00000000d5580000, 0x00000000dac00000, 0x0000000100000000)
  eden space 22016K, 0% used [0x00000000d5580000,0x00000000d5580000,0x00000000d6b00000)
  from space 1024K, 98% used [0x00000000dab00000,0x00000000dabfc030,0x00000000dac00000)
  to   space 2560K, 0% used [0x00000000da700000,0x00000000da700000,0x00000000da980000)
 ParOldGen       total 1272320K, used 1272285K [0x0000000080000000, 0x00000000cda80000, 0x00000000d5580000)
  object space 1272320K, 99% used [0x0000000080000000,0x00000000cda77640,0x00000000cda80000)
 Metaspace       used 72007K, committed 73856K, reserved 1179648K
  class space    used 8196K, committed 9088K, reserved 1048576K
}
Event: 118.778 GC heap before
{Heap before GC invocations=1746 (full 3):
 PSYoungGen      total 23040K, used 23024K [0x00000000d5580000, 0x00000000dac00000, 0x0000000100000000)
  eden space 22016K, 100% used [0x00000000d5580000,0x00000000d6b00000,0x00000000d6b00000)
  from space 1024K, 98% used [0x00000000dab00000,0x00000000dabfc030,0x00000000dac00000)
  to   space 2560K, 0% used [0x00000000da700000,0x00000000da700000,0x00000000da980000)
 ParOldGen       total 1272320K, used 1272285K [0x0000000080000000, 0x00000000cda80000, 0x00000000d5580000)
  object space 1272320K, 99% used [0x0000000080000000,0x00000000cda77640,0x00000000cda80000)
 Metaspace       used 72108K, committed 74048K, reserved 1179648K
  class space    used 8197K, committed 9088K, reserved 1048576K
}
Event: 118.786 GC heap after
{Heap after GC invocations=1746 (full 3):
 PSYoungGen      total 24576K, used 1568K [0x00000000d5580000, 0x00000000dab80000, 0x0000000100000000)
  eden space 22016K, 0% used [0x00000000d5580000,0x00000000d5580000,0x00000000d6b00000)
  from space 2560K, 61% used [0x00000000da700000,0x00000000da888000,0x00000000da980000)
  to   space 2048K, 0% used [0x00000000da980000,0x00000000da980000,0x00000000dab80000)
 ParOldGen       total 1273344K, used 1272993K [0x0000000080000000, 0x00000000cdb80000, 0x00000000d5580000)
  object space 1273344K, 99% used [0x0000000080000000,0x00000000cdb286a0,0x00000000cdb80000)
 Metaspace       used 72108K, committed 74048K, reserved 1179648K
  class space    used 8197K, committed 9088K, reserved 1048576K
}
Event: 120.130 GC heap before
{Heap before GC invocations=1747 (full 3):
 PSYoungGen      total 24576K, used 23584K [0x00000000d5580000, 0x00000000dab80000, 0x0000000100000000)
  eden space 22016K, 100% used [0x00000000d5580000,0x00000000d6b00000,0x00000000d6b00000)
  from space 2560K, 61% used [0x00000000da700000,0x00000000da888000,0x00000000da980000)
  to   space 2048K, 0% used [0x00000000da980000,0x00000000da980000,0x00000000dab80000)
 ParOldGen       total 1273344K, used 1272993K [0x0000000080000000, 0x00000000cdb80000, 0x00000000d5580000)
  object space 1273344K, 99% used [0x0000000080000000,0x00000000cdb286a0,0x00000000cdb80000)
 Metaspace       used 72123K, committed 74048K, reserved 1179648K
  class space    used 8200K, committed 9088K, reserved 1048576K
}
Event: 120.141 GC heap after
{Heap after GC invocations=1747 (full 3):
 PSYoungGen      total 23552K, used 1296K [0x00000000d5580000, 0x00000000dab00000, 0x0000000100000000)
  eden space 22016K, 0% used [0x00000000d5580000,0x00000000d5580000,0x00000000d6b00000)
  from space 1536K, 84% used [0x00000000da980000,0x00000000daac4030,0x00000000dab00000)
  to   space 1536K, 0% used [0x00000000da800000,0x00000000da800000,0x00000000da980000)
 ParOldGen       total 1274368K, used 1274272K [0x0000000080000000, 0x00000000cdc80000, 0x00000000d5580000)
  object space 1274368K, 99% used [0x0000000080000000,0x00000000cdc68330,0x00000000cdc80000)
 Metaspace       used 72123K, committed 74048K, reserved 1179648K
  class space    used 8200K, committed 9088K, reserved 1048576K
}

Dll operation events (20 events):
Event: 0.098 Attempting to load shared library C:\Users\chae0\.vscode\extensions\redhat.java-1.56.0-win32-x64\jre\21.0.12.1-win32-x86_64\bin\zip.dll
Event: 0.098 Loaded shared library C:\Users\chae0\.vscode\extensions\redhat.java-1.56.0-win32-x64\jre\21.0.12.1-win32-x86_64\bin\zip.dll
Event: 0.116 Attempting to load shared library C:\Users\chae0\.vscode\extensions\redhat.java-1.56.0-win32-x64\jre\21.0.12.1-win32-x86_64\bin\jimage.dll
Event: 0.116 Loaded shared library C:\Users\chae0\.vscode\extensions\redhat.java-1.56.0-win32-x64\jre\21.0.12.1-win32-x86_64\bin\jimage.dll
Event: 0.183 Attempting to load shared library c:\Users\chae0\.vscode\extensions\redhat.java-1.56.0-win32-x64\jre\21.0.12.1-win32-x86_64\bin\verify.dll
Event: 0.183 Loaded shared library c:\Users\chae0\.vscode\extensions\redhat.java-1.56.0-win32-x64\jre\21.0.12.1-win32-x86_64\bin\verify.dll
Event: 1.195 Attempting to load shared library C:\Users\chae0\AppData\Roaming\Code\User\globalStorage\redhat.java\1.56.0\config_win\org.eclipse.equinox.launcher\org.eclipse.equinox.launcher.win32.win32.x86_64_1.3.100.v20260804-1928\eclipse_11924.dll
Event: 1.199 Loaded shared library C:\Users\chae0\AppData\Roaming\Code\User\globalStorage\redhat.java\1.56.0\config_win\org.eclipse.equinox.launcher\org.eclipse.equinox.launcher.win32.win32.x86_64_1.3.100.v20260804-1928\eclipse_11924.dll
Event: 5.485 Attempting to load shared library C:\Users\chae0\AppData\Local\Temp\jna-94623239\jna6121482087400469112.dll
Event: 5.621 Loaded shared library C:\Users\chae0\AppData\Local\Temp\jna-94623239\jna6121482087400469112.dll
Event: 14.115 Attempting to load shared library C:\Users\chae0\.gradle\native\660c5614fbf4a5f2a75b1949f50a0caf5cd603558e7d8a26e50b933a0cfb79d1\windows-amd64\native-platform.dll
Event: 14.118 Loaded shared library C:\Users\chae0\.gradle\native\660c5614fbf4a5f2a75b1949f50a0caf5cd603558e7d8a26e50b933a0cfb79d1\windows-amd64\native-platform.dll
Event: 16.730 Attempting to load shared library C:\Users\chae0\.vscode\extensions\redhat.java-1.56.0-win32-x64\jre\21.0.12.1-win32-x86_64\bin\management.dll
Event: 16.732 Loaded shared library C:\Users\chae0\.vscode\extensions\redhat.java-1.56.0-win32-x64\jre\21.0.12.1-win32-x86_64\bin\management.dll
Event: 16.739 Attempting to load shared library C:\Users\chae0\.vscode\extensions\redhat.java-1.56.0-win32-x64\jre\21.0.12.1-win32-x86_64\bin\management_ext.dll
Event: 16.741 Loaded shared library C:\Users\chae0\.vscode\extensions\redhat.java-1.56.0-win32-x64\jre\21.0.12.1-win32-x86_64\bin\management_ext.dll
Event: 17.095 Attempting to load shared library C:\Users\chae0\.vscode\extensions\redhat.java-1.56.0-win32-x64\jre\21.0.12.1-win32-x86_64\bin\sunmscapi.dll
Event: 17.106 Loaded shared library C:\Users\chae0\.vscode\extensions\redhat.java-1.56.0-win32-x64\jre\21.0.12.1-win32-x86_64\bin\sunmscapi.dll
Event: 17.943 Attempting to load shared library C:\Users\chae0\.vscode\extensions\redhat.java-1.56.0-win32-x64\jre\21.0.12.1-win32-x86_64\bin\extnet.dll
Event: 17.944 Loaded shared library C:\Users\chae0\.vscode\extensions\redhat.java-1.56.0-win32-x64\jre\21.0.12.1-win32-x86_64\bin\extnet.dll

Deoptimization events (20 events):
Event: 117.791 Thread 0x000001ebf0d48850 Uncommon trap: trap_request=0xffffffbe fr.pc=0x000001eb8f6436e4 relative=0x0000000000000284
Event: 117.791 Thread 0x000001ebf0d48850 Uncommon trap: reason=profile_predicate action=maybe_recompile pc=0x000001eb8f6436e4 method=com.google.common.base.CharMatcher.indexIn(Ljava/lang/CharSequence;I)I @ 19 c2
Event: 117.791 Thread 0x000001ebf0d48850 DEOPT PACKING pc=0x000001eb8f6436e4 sp=0x000000d6f87fece0
Event: 117.791 Thread 0x000001ebf0d48850 DEOPT UNPACKING pc=0x000001eb8e313aa2 sp=0x000000d6f87fec70 mode 2
Event: 117.791 Thread 0x000001ebf0d48850 Uncommon trap: trap_request=0xffffffbe fr.pc=0x000001eb8f6436e4 relative=0x0000000000000284
Event: 117.791 Thread 0x000001ebf0d48850 Uncommon trap: reason=profile_predicate action=maybe_recompile pc=0x000001eb8f6436e4 method=com.google.common.base.CharMatcher.indexIn(Ljava/lang/CharSequence;I)I @ 19 c2
Event: 117.791 Thread 0x000001ebf0d48850 DEOPT PACKING pc=0x000001eb8f6436e4 sp=0x000000d6f87fece0
Event: 117.791 Thread 0x000001ebf0d48850 DEOPT UNPACKING pc=0x000001eb8e313aa2 sp=0x000000d6f87fec70 mode 2
Event: 117.791 Thread 0x000001ebf0d48850 Uncommon trap: trap_request=0xffffffbe fr.pc=0x000001eb8f6436e4 relative=0x0000000000000284
Event: 117.791 Thread 0x000001ebf0d48850 Uncommon trap: reason=profile_predicate action=maybe_recompile pc=0x000001eb8f6436e4 method=com.google.common.base.CharMatcher.indexIn(Ljava/lang/CharSequence;I)I @ 19 c2
Event: 117.791 Thread 0x000001ebf0d48850 DEOPT PACKING pc=0x000001eb8f6436e4 sp=0x000000d6f87fece0
Event: 117.791 Thread 0x000001ebf0d48850 DEOPT UNPACKING pc=0x000001eb8e313aa2 sp=0x000000d6f87fec70 mode 2
Event: 120.683 Thread 0x000001ebe63a5950 Uncommon trap: trap_request=0xffffff45 fr.pc=0x000001eb8f51d6d8 relative=0x00000000000000b8
Event: 120.683 Thread 0x000001ebe63a5950 Uncommon trap: reason=unstable_if action=reinterpret pc=0x000001eb8f51d6d8 method=java.util.UUID.equals(Ljava/lang/Object;)Z @ 30 c2
Event: 120.683 Thread 0x000001ebe63a5950 DEOPT PACKING pc=0x000001eb8f51d6d8 sp=0x000000d685ffd740
Event: 120.683 Thread 0x000001ebe63a5950 DEOPT UNPACKING pc=0x000001eb8e313aa2 sp=0x000000d685ffd6d8 mode 2
Event: 121.208 Thread 0x000001ebe3680be0 Uncommon trap: trap_request=0xffffff45 fr.pc=0x000001eb8f5ac078 relative=0x0000000000000818
Event: 121.208 Thread 0x000001ebe3680be0 Uncommon trap: reason=unstable_if action=reinterpret pc=0x000001eb8f5ac078 method=java.util.concurrent.ScheduledThreadPoolExecutor$ScheduledFutureTask.isPeriodic()Z @ 6 c2
Event: 121.208 Thread 0x000001ebe3680be0 DEOPT PACKING pc=0x000001eb8f5ac078 sp=0x000000d6f12ff190
Event: 121.208 Thread 0x000001ebe3680be0 DEOPT UNPACKING pc=0x000001eb8e313aa2 sp=0x000000d6f12ff100 mode 2

Classes loaded (20 events):
Event: 94.667 Loading class java/io/ObjectStreamClass$4
Event: 94.667 Loading class java/io/ObjectStreamClass$4 done
Event: 94.667 Loading class java/io/ObjectStreamClass$5
Event: 94.668 Loading class java/io/ObjectStreamClass$5 done
Event: 95.316 Loading class java/util/concurrent/ConcurrentLinkedQueue$Itr
Event: 95.316 Loading class java/util/concurrent/ConcurrentLinkedQueue$Itr done
Event: 95.322 Loading class java/util/AbstractList$RandomAccessSubList
Event: 95.322 Loading class java/util/AbstractList$SubList
Event: 95.323 Loading class java/util/AbstractList$SubList done
Event: 95.323 Loading class java/util/AbstractList$RandomAccessSubList done
Event: 95.324 Loading class java/util/AbstractList$SubList$1
Event: 95.324 Loading class java/util/AbstractList$SubList$1 done
Event: 95.326 Loading class java/util/LinkedList$LLSpliterator
Event: 95.326 Loading class java/util/LinkedList$LLSpliterator done
Event: 95.872 Loading class sun/nio/ch/ChannelOutputStream
Event: 95.873 Loading class sun/nio/ch/ChannelOutputStream done
Event: 95.882 Loading class sun/nio/fs/WindowsFileCopy
Event: 95.885 Loading class sun/nio/fs/WindowsFileCopy done
Event: 97.336 Loading class java/util/regex/Matcher$ImmutableMatchResult
Event: 97.337 Loading class java/util/regex/Matcher$ImmutableMatchResult done

Classes unloaded (12 events):
Event: 7.238 Thread 0x000001eb83d159d0 Unloading class 0x000001eb9c1ad000 'java/lang/invoke/LambdaForm$MH+0x000001eb9c1ad000'
Event: 7.238 Thread 0x000001eb83d159d0 Unloading class 0x000001eb9c1acc00 'java/lang/invoke/LambdaForm$MH+0x000001eb9c1acc00'
Event: 7.238 Thread 0x000001eb83d159d0 Unloading class 0x000001eb9c1ac800 'java/lang/invoke/LambdaForm$MH+0x000001eb9c1ac800'
Event: 7.238 Thread 0x000001eb83d159d0 Unloading class 0x000001eb9c1ac400 'java/lang/invoke/LambdaForm$MH+0x000001eb9c1ac400'
Event: 7.238 Thread 0x000001eb83d159d0 Unloading class 0x000001eb9c1ac000 'java/lang/invoke/LambdaForm$BMH+0x000001eb9c1ac000'
Event: 7.238 Thread 0x000001eb83d159d0 Unloading class 0x000001eb9c1abc00 'java/lang/invoke/LambdaForm$DMH+0x000001eb9c1abc00'
Event: 7.238 Thread 0x000001eb83d159d0 Unloading class 0x000001eb9c1aac00 'java/lang/invoke/LambdaForm$DMH+0x000001eb9c1aac00'
Event: 9.020 Thread 0x000001eb83d159d0 Unloading class 0x000001eb9c321000 'java/lang/invoke/LambdaForm$MH+0x000001eb9c321000'
Event: 9.020 Thread 0x000001eb83d159d0 Unloading class 0x000001eb9c320400 'java/lang/invoke/LambdaForm$MH+0x000001eb9c320400'
Event: 9.020 Thread 0x000001eb83d159d0 Unloading class 0x000001eb9c31f400 'java/lang/invoke/LambdaForm$MH+0x000001eb9c31f400'
Event: 9.020 Thread 0x000001eb83d159d0 Unloading class 0x000001eb9c31ec00 'java/lang/invoke/LambdaForm$MH+0x000001eb9c31ec00'
Event: 9.020 Thread 0x000001eb83d159d0 Unloading class 0x000001eb9c31e800 'java/lang/invoke/LambdaForm$DMH+0x000001eb9c31e800'

Classes redefined (0 events):
No events

Internal exceptions (20 events):
Event: 117.445 Thread 0x000001ebe74e0610 Exception <a 'sun/nio/fs/WindowsException'{0x00000000d66aa6b8}> (0x00000000d66aa6b8) 
thrown [s\src\hotspot\share\prims\jni.cpp, line 520]
Event: 117.446 Thread 0x000001ebe74e0610 Exception <a 'sun/nio/fs/WindowsException'{0x00000000d66aacf0}> (0x00000000d66aacf0) 
thrown [s\src\hotspot\share\prims\jni.cpp, line 520]
Event: 117.450 Thread 0x000001ebe74e0610 Exception <a 'sun/nio/fs/WindowsException'{0x00000000d671ef80}> (0x00000000d671ef80) 
thrown [s\src\hotspot\share\prims\jni.cpp, line 520]
Event: 117.450 Thread 0x000001ebe74e0610 Exception <a 'sun/nio/fs/WindowsException'{0x00000000d671f598}> (0x00000000d671f598) 
thrown [s\src\hotspot\share\prims\jni.cpp, line 520]
Event: 117.454 Thread 0x000001ebe74e0610 Exception <a 'sun/nio/fs/WindowsException'{0x00000000d6724278}> (0x00000000d6724278) 
thrown [s\src\hotspot\share\prims\jni.cpp, line 520]
Event: 117.454 Thread 0x000001ebe74e0610 Exception <a 'sun/nio/fs/WindowsException'{0x00000000d6724ad0}> (0x00000000d6724ad0) 
thrown [s\src\hotspot\share\prims\jni.cpp, line 520]
Event: 118.508 Thread 0x000001ebe44bcb20 Exception <a 'sun/nio/fs/WindowsException'{0x00000000d6482cc0}> (0x00000000d6482cc0) 
thrown [s\src\hotspot\share\prims\jni.cpp, line 520]
Event: 118.644 Thread 0x000001ebe42b39f0 Exception <a 'sun/nio/fs/WindowsException'{0x00000000d6713228}> (0x00000000d6713228) 
thrown [s\src\hotspot\share\prims\jni.cpp, line 520]
Event: 118.920 Thread 0x000001ebe639b540 Exception <a 'sun/nio/fs/WindowsException'{0x00000000d5af6480}> (0x00000000d5af6480) 
thrown [s\src\hotspot\share\prims\jni.cpp, line 520]
Event: 118.922 Thread 0x000001ebe639b540 Exception <a 'sun/nio/fs/WindowsException'{0x00000000d5af6ab8}> (0x00000000d5af6ab8) 
thrown [s\src\hotspot\share\prims\jni.cpp, line 520]
Event: 118.930 Thread 0x000001ebe639b540 Exception <a 'sun/nio/fs/WindowsException'{0x00000000d5af7520}> (0x00000000d5af7520) 
thrown [s\src\hotspot\share\prims\jni.cpp, line 520]
Event: 118.931 Thread 0x000001ebe639b540 Exception <a 'sun/nio/fs/WindowsException'{0x00000000d5af7b38}> (0x00000000d5af7b38) 
thrown [s\src\hotspot\share\prims\jni.cpp, line 520]
Event: 118.942 Thread 0x000001ebe639b540 Exception <a 'sun/nio/fs/WindowsException'{0x00000000d5b147e8}> (0x00000000d5b147e8) 
thrown [s\src\hotspot\share\prims\jni.cpp, line 520]
Event: 118.944 Thread 0x000001ebe639b540 Exception <a 'sun/nio/fs/WindowsException'{0x00000000d5b14e00}> (0x00000000d5b14e00) 
thrown [s\src\hotspot\share\prims\jni.cpp, line 520]
Event: 120.484 Thread 0x000001ebe74e9670 Exception <a 'sun/nio/fs/WindowsException'{0x00000000d5c44188}> (0x00000000d5c44188) 
thrown [s\src\hotspot\share\prims\jni.cpp, line 520]
Event: 120.486 Thread 0x000001ebe74e9670 Exception <a 'sun/nio/fs/WindowsException'{0x00000000d5c447c0}> (0x00000000d5c447c0) 
thrown [s\src\hotspot\share\prims\jni.cpp, line 520]
Event: 120.497 Thread 0x000001ebe74e9670 Exception <a 'sun/nio/fs/WindowsException'{0x00000000d5c45228}> (0x00000000d5c45228) 
thrown [s\src\hotspot\share\prims\jni.cpp, line 520]
Event: 120.498 Thread 0x000001ebe74e9670 Exception <a 'sun/nio/fs/WindowsException'{0x00000000d5c45840}> (0x00000000d5c45840) 
thrown [s\src\hotspot\share\prims\jni.cpp, line 520]
Event: 120.510 Thread 0x000001ebe74e9670 Exception <a 'sun/nio/fs/WindowsException'{0x00000000d5ded0a8}> (0x00000000d5ded0a8) 
thrown [s\src\hotspot\share\prims\jni.cpp, line 520]
Event: 120.510 Thread 0x000001ebe74e9670 Exception <a 'sun/nio/fs/WindowsException'{0x00000000d5ded6c0}> (0x00000000d5ded6c0) 
thrown [s\src\hotspot\share\prims\jni.cpp, line 520]

ZGC Phase Switch (0 events):
No events

VM Operations (20 events):
Event: 114.328 Executing safepoint VM operation: Cleanup done
Event: 114.714 Executing safepoint VM operation: ParallelGCFailedAllocation (Allocation Failure)
Event: 114.723 Executing safepoint VM operation: ParallelGCFailedAllocation (Allocation Failure) done
Event: 115.595 Executing safepoint VM operation: ParallelGCFailedAllocation (Allocation Failure)
Event: 115.603 Executing safepoint VM operation: ParallelGCFailedAllocation (Allocation Failure) done
Event: 116.605 Executing safepoint VM operation: Cleanup
Event: 117.258 Executing safepoint VM operation: Cleanup done
Event: 117.494 Executing safepoint VM operation: ParallelGCFailedAllocation (Allocation Failure)
Event: 117.503 Executing safepoint VM operation: ParallelGCFailedAllocation (Allocation Failure) done
Event: 118.772 Executing safepoint VM operation: ParallelGCFailedAllocation (Allocation Failure)
Event: 118.786 Executing safepoint VM operation: ParallelGCFailedAllocation (Allocation Failure) done
Event: 119.786 Executing safepoint VM operation: Cleanup
Event: 119.786 Executing safepoint VM operation: Cleanup done
Event: 120.130 Executing safepoint VM operation: ParallelGCFailedAllocation (Allocation Failure)
Event: 120.141 Executing safepoint VM operation: ParallelGCFailedAllocation (Allocation Failure) done
Event: 120.300 Executing non-safepoint VM operation: HandshakeAllThreads (HandshakeForDeflation)
Event: 120.301 Executing non-safepoint VM operation: HandshakeAllThreads (HandshakeForDeflation) done
Event: 120.302 Executing non-safepoint VM operation: RendezvousGCThreads
Event: 120.302 Executing non-safepoint VM operation: RendezvousGCThreads done
Event: 121.301 Executing safepoint VM operation: Cleanup

Memory protections (0 events):
No events

Nmethod flushes (20 events):
Event: 17.724 Thread 0x000001eb83d159d0 flushing  nmethod 0x000001eb8780b710
Event: 17.724 Thread 0x000001eb83d159d0 flushing  nmethod 0x000001eb8780c610
Event: 17.724 Thread 0x000001eb83d159d0 flushing  nmethod 0x000001eb87813a10
Event: 17.724 Thread 0x000001eb83d159d0 flushing  nmethod 0x000001eb8783c210
Event: 17.724 Thread 0x000001eb83d159d0 flushing  nmethod 0x000001eb8783c810
Event: 17.724 Thread 0x000001eb83d159d0 flushing  nmethod 0x000001eb8783d510
Event: 17.724 Thread 0x000001eb83d159d0 flushing  nmethod 0x000001eb87846610
Event: 17.724 Thread 0x000001eb83d159d0 flushing  nmethod 0x000001eb87848210
Event: 17.724 Thread 0x000001eb83d159d0 flushing  nmethod 0x000001eb87872190
Event: 17.724 Thread 0x000001eb83d159d0 flushing  nmethod 0x000001eb87872790
Event: 17.724 Thread 0x000001eb83d159d0 flushing  nmethod 0x000001eb87872d90
Event: 17.724 Thread 0x000001eb83d159d0 flushing  nmethod 0x000001eb87873610
Event: 17.724 Thread 0x000001eb83d159d0 flushing  nmethod 0x000001eb87875410
Event: 17.724 Thread 0x000001eb83d159d0 flushing  nmethod 0x000001eb87889790
Event: 17.724 Thread 0x000001eb83d159d0 flushing  nmethod 0x000001eb8788ec10
Event: 17.724 Thread 0x000001eb83d159d0 flushing  nmethod 0x000001eb878c7c90
Event: 17.724 Thread 0x000001eb83d159d0 flushing  nmethod 0x000001eb878d1e90
Event: 17.724 Thread 0x000001eb83d159d0 flushing osr nmethod 0x000001eb878d6a10
Event: 17.724 Thread 0x000001eb83d159d0 flushing  nmethod 0x000001eb878d8d10
Event: 17.724 Thread 0x000001eb83d159d0 flushing  nmethod 0x000001eb87913110

Events (20 events):
Event: 120.512 Thread 0x000001ebe74ac3b0 Thread exited: 0x000001ebe74ac3b0
Event: 120.530 Thread 0x000001ebe74e9670 Thread added: 0x000001ebe74ac3b0
Event: 120.532 Thread 0x000001ebe74ac3b0 Thread exited: 0x000001ebe74ac3b0
Event: 120.532 Thread 0x000001ebe63b31e0 Thread added: 0x000001ebe74ac3b0
Event: 120.533 Thread 0x000001ebe63b31e0 Thread added: 0x000001ebe44ca3b0
Event: 120.533 Thread 0x000001ebe74ac3b0 Thread exited: 0x000001ebe74ac3b0
Event: 120.549 Thread 0x000001ebe421dbd0 Thread exited: 0x000001ebe421dbd0
Event: 120.554 Thread 0x000001ebe74e6880 Thread exited: 0x000001ebe74e6880
Event: 120.579 Thread 0x000001ebe639a820 Thread exited: 0x000001ebe639a820
Event: 120.647 Thread 0x000001ebe74e9670 Thread added: 0x000001ebe421dbd0
Event: 120.681 Thread 0x000001ebe74ecaf0 Thread exited: 0x000001ebe74ecaf0
Event: 120.682 Thread 0x000001ebdcb64990 Thread added: 0x000001ebdccaf0b0
Event: 120.683 Thread 0x000001ebdcb64990 Thread added: 0x000001ebdccaf780
Event: 120.686 Thread 0x000001ebe63a5950 Thread exited: 0x000001ebe63a5950
Event: 120.747 Thread 0x000001ebe37b2810 Thread added: 0x000001ebe74e6880
Event: 120.872 Thread 0x000001ebdccaf780 Thread exited: 0x000001ebdccaf780
Event: 120.888 Thread 0x000001ebe421dbd0 Thread added: 0x000001ebe74ecaf0
Event: 120.936 Thread 0x000001ebe74afec0 Thread added: 0x000001ebe639a820
Event: 120.942 Thread 0x000001ebdccaf0b0 Thread exited: 0x000001ebdccaf0b0
Event: 121.266 Thread 0x000001ebe74b1270 Thread added: 0x000001ebe63a5950


Dynamic libraries:
0x00007ff647690000 - 0x00007ff64769e000 	c:\Users\chae0\.vscode\extensions\redhat.java-1.56.0-win32-x64\jre\21.0.12.1-win32-x86_64\bin\java.exe
0x00007ffe482c0000 - 0x00007ffe48526000 	C:\WINDOWS\SYSTEM32\ntdll.dll
0x00007ffe45ff0000 - 0x00007ffe460b9000 	C:\WINDOWS\System32\KERNEL32.DLL
0x00007ffe454d0000 - 0x00007ffe458cf000 	C:\WINDOWS\System32\KERNELBASE.dll
0x00007ffe458e0000 - 0x00007ffe45a2c000 	C:\WINDOWS\System32\ucrtbase.dll
0x00007ffe31810000 - 0x00007ffe31828000 	c:\Users\chae0\.vscode\extensions\redhat.java-1.56.0-win32-x64\jre\21.0.12.1-win32-x86_64\bin\jli.dll
0x00007ffe31ce0000 - 0x00007ffe31cfe000 	c:\Users\chae0\.vscode\extensions\redhat.java-1.56.0-win32-x64\jre\21.0.12.1-win32-x86_64\bin\VCRUNTIME140.dll
0x00007ffe47bd0000 - 0x00007ffe47d96000 	C:\WINDOWS\System32\USER32.dll
0x00007ffe45b70000 - 0x00007ffe45b97000 	C:\WINDOWS\System32\win32u.dll
0x00007ffe47da0000 - 0x00007ffe47dcb000 	C:\WINDOWS\System32\GDI32.dll
0x00007ffe45a40000 - 0x00007ffe45b69000 	C:\WINDOWS\System32\gdi32full.dll
0x00007ffe2bf00000 - 0x00007ffe2c191000 	C:\WINDOWS\WinSxS\amd64_microsoft.windows.common-controls_6595b64144ccf1df_6.0.26100.8972_none_3e0da176e32f9d4b\COMCTL32.dll
0x00007ffe45ba0000 - 0x00007ffe45c43000 	C:\WINDOWS\System32\msvcp_win.dll
0x00007ffe48030000 - 0x00007ffe480d9000 	C:\WINDOWS\System32\msvcrt.dll
0x00007ffe47220000 - 0x00007ffe47252000 	C:\WINDOWS\System32\IMM32.DLL
0x00007ffe31cd0000 - 0x00007ffe31cdc000 	c:\Users\chae0\.vscode\extensions\redhat.java-1.56.0-win32-x64\jre\21.0.12.1-win32-x86_64\bin\vcruntime140_1.dll
0x00007ffdae500000 - 0x00007ffdae58d000 	c:\Users\chae0\.vscode\extensions\redhat.java-1.56.0-win32-x64\jre\21.0.12.1-win32-x86_64\bin\msvcp140.dll
0x00007ffd7eae0000 - 0x00007ffd7f882000 	c:\Users\chae0\.vscode\extensions\redhat.java-1.56.0-win32-x64\jre\21.0.12.1-win32-x86_64\bin\server\jvm.dll
0x00007ffe47f60000 - 0x00007ffe4801c000 	C:\WINDOWS\System32\ADVAPI32.dll
0x00007ffe46390000 - 0x00007ffe4643a000 	C:\WINDOWS\System32\sechost.dll
0x00007ffe47dd0000 - 0x00007ffe47ee8000 	C:\WINDOWS\System32\RPCRT4.dll
0x00007ffe46550000 - 0x00007ffe465d2000 	C:\WINDOWS\System32\WS2_32.dll
0x00007ffe45330000 - 0x00007ffe4538e000 	C:\WINDOWS\SYSTEM32\POWRPROF.dll
0x00007ffe2df10000 - 0x00007ffe2df1b000 	C:\WINDOWS\SYSTEM32\VERSION.dll
0x00007ffe3a380000 - 0x00007ffe3a3b6000 	C:\WINDOWS\SYSTEM32\WINMM.dll
0x00007ffe45310000 - 0x00007ffe45325000 	C:\WINDOWS\SYSTEM32\UMPDC.dll
0x00007ffe441c0000 - 0x00007ffe441db000 	C:\WINDOWS\SYSTEM32\kernel.appcore.dll
0x00007ffe313e0000 - 0x00007ffe313ea000 	c:\Users\chae0\.vscode\extensions\redhat.java-1.56.0-win32-x64\jre\21.0.12.1-win32-x86_64\bin\jimage.dll
0x00007ffe42a50000 - 0x00007ffe42c92000 	C:\WINDOWS\SYSTEM32\DBGHELP.DLL
0x00007ffe46b70000 - 0x00007ffe46ef5000 	C:\WINDOWS\System32\combase.dll
0x00007ffe46f80000 - 0x00007ffe47059000 	C:\WINDOWS\System32\OLEAUT32.dll
0x00007ffe2c280000 - 0x00007ffe2c2bb000 	C:\WINDOWS\SYSTEM32\dbgcore.DLL
0x00007ffe45c50000 - 0x00007ffe45cfc000 	C:\WINDOWS\System32\bcryptPrimitives.dll
0x00007ffe322d0000 - 0x00007ffe322df000 	c:\Users\chae0\.vscode\extensions\redhat.java-1.56.0-win32-x64\jre\21.0.12.1-win32-x86_64\bin\instrument.dll
0x00007ffe32190000 - 0x00007ffe321b0000 	c:\Users\chae0\.vscode\extensions\redhat.java-1.56.0-win32-x64\jre\21.0.12.1-win32-x86_64\bin\java.dll
0x00007ffe473a0000 - 0x00007ffe47b28000 	C:\WINDOWS\System32\SHELL32.dll
0x00007ffe42e20000 - 0x00007ffe436bb000 	C:\WINDOWS\SYSTEM32\windows.storage.dll
0x00007ffe47260000 - 0x00007ffe47359000 	C:\WINDOWS\System32\SHCORE.dll
0x00007ffe47ef0000 - 0x00007ffe47f56000 	C:\WINDOWS\System32\shlwapi.dll
0x00007ffe453f0000 - 0x00007ffe45419000 	C:\WINDOWS\SYSTEM32\profapi.dll
0x00007ffe31d20000 - 0x00007ffe31d38000 	c:\Users\chae0\.vscode\extensions\redhat.java-1.56.0-win32-x64\jre\21.0.12.1-win32-x86_64\bin\zip.dll
0x00007ffe327e0000 - 0x00007ffe327f0000 	C:\Users\chae0\.vscode\extensions\redhat.java-1.56.0-win32-x64\jre\21.0.12.1-win32-x86_64\bin\net.dll
0x00007ffe3e400000 - 0x00007ffe3e528000 	C:\WINDOWS\SYSTEM32\WINHTTP.dll
0x00007ffe44770000 - 0x00007ffe447dc000 	C:\WINDOWS\system32\mswsock.dll
0x00007ffe30f40000 - 0x00007ffe30f56000 	C:\Users\chae0\.vscode\extensions\redhat.java-1.56.0-win32-x64\jre\21.0.12.1-win32-x86_64\bin\nio.dll
0x00007ffe322c0000 - 0x00007ffe322d0000 	c:\Users\chae0\.vscode\extensions\redhat.java-1.56.0-win32-x64\jre\21.0.12.1-win32-x86_64\bin\verify.dll
0x00007ffe190a0000 - 0x00007ffe190e5000 	C:\Users\chae0\AppData\Roaming\Code\User\globalStorage\redhat.java\1.56.0\config_win\org.eclipse.equinox.launcher\org.eclipse.equinox.launcher.win32.win32.x86_64_1.3.100.v20260804-1928\eclipse_11924.dll
0x00007ffe480e0000 - 0x00007ffe48279000 	C:\WINDOWS\System32\ole32.dll
0x00007ffe44a60000 - 0x00007ffe44a7b000 	C:\WINDOWS\SYSTEM32\CRYPTSP.dll
0x00007ffe44120000 - 0x00007ffe44159000 	C:\WINDOWS\system32\rsaenh.dll
0x00007ffe44820000 - 0x00007ffe44852000 	C:\WINDOWS\SYSTEM32\USERENV.dll
0x00007ffe453c0000 - 0x00007ffe453ea000 	C:\WINDOWS\SYSTEM32\bcrypt.dll
0x00007ffe44a80000 - 0x00007ffe44a8c000 	C:\WINDOWS\SYSTEM32\CRYPTBASE.dll
0x00007ffe43c40000 - 0x00007ffe43c73000 	C:\WINDOWS\SYSTEM32\IPHLPAPI.DLL
0x00007ffe47390000 - 0x00007ffe4739a000 	C:\WINDOWS\System32\NSI.dll
0x00007ffe11a80000 - 0x00007ffe11ac9000 	C:\Users\chae0\AppData\Local\Temp\jna-94623239\jna6121482087400469112.dll
0x00007ffe47bc0000 - 0x00007ffe47bc8000 	C:\WINDOWS\System32\PSAPI.DLL
0x00007ffe3e770000 - 0x00007ffe3e78d000 	C:\WINDOWS\SYSTEM32\dhcpcsvc6.DLL
0x00007ffe3e740000 - 0x00007ffe3e765000 	C:\WINDOWS\SYSTEM32\dhcpcsvc.DLL
0x00007ffe00a50000 - 0x00007ffe00a77000 	C:\Users\chae0\.gradle\native\660c5614fbf4a5f2a75b1949f50a0caf5cd603558e7d8a26e50b933a0cfb79d1\windows-amd64\native-platform.dll
0x00007ffe32080000 - 0x00007ffe3208a000 	C:\Users\chae0\.vscode\extensions\redhat.java-1.56.0-win32-x64\jre\21.0.12.1-win32-x86_64\bin\management.dll
0x00007ffe32070000 - 0x00007ffe3207c000 	C:\Users\chae0\.vscode\extensions\redhat.java-1.56.0-win32-x64\jre\21.0.12.1-win32-x86_64\bin\management_ext.dll
0x00007ffe32820000 - 0x00007ffe3282e000 	C:\Users\chae0\.vscode\extensions\redhat.java-1.56.0-win32-x64\jre\21.0.12.1-win32-x86_64\bin\sunmscapi.dll
0x00007ffe45d10000 - 0x00007ffe45e8e000 	C:\WINDOWS\System32\CRYPT32.dll
0x00007ffe44ca0000 - 0x00007ffe44cd0000 	C:\WINDOWS\SYSTEM32\ncrypt.dll
0x00007ffe44c50000 - 0x00007ffe44c8f000 	C:\WINDOWS\SYSTEM32\NTASN1.dll
0x00007ffe43c80000 - 0x00007ffe43dd8000 	C:\WINDOWS\SYSTEM32\DNSAPI.dll
0x00007ffe44550000 - 0x00007ffe4455d000 	C:\WINDOWS\SYSTEM32\DSPARSE.dll
0x00007ffe35520000 - 0x00007ffe3552b000 	C:\Windows\System32\rasadhlp.dll
0x00007ffe3e870000 - 0x00007ffe3e8f6000 	C:\WINDOWS\System32\fwpuclnt.dll
0x00007ffe11b60000 - 0x00007ffe11b69000 	C:\Users\chae0\.vscode\extensions\redhat.java-1.56.0-win32-x64\jre\21.0.12.1-win32-x86_64\bin\extnet.dll
0x00007ffdfc1b0000 - 0x00007ffdfc1b8000 	C:\WINDOWS\system32\wshunix.dll

JVMTI agents:
c:\Users\chae0\.vscode\extensions\redhat.java-1.56.0-win32-x64\lombok\lombok-1.18.39-4050.jar path:c:\Users\chae0\.vscode\extensions\redhat.java-1.56.0-win32-x64\jre\21.0.12.1-win32-x86_64\bin\instrument.dll, loaded, initialized, instrumentlib options:none

dbghelp: loaded successfully - version: 4.0.5 - missing functions: none
symbol engine: initialized successfully - sym options: 0x614 - pdb path: .;c:\Users\chae0\.vscode\extensions\redhat.java-1.56.0-win32-x64\jre\21.0.12.1-win32-x86_64\bin;C:\WINDOWS\SYSTEM32;C:\WINDOWS\WinSxS\amd64_microsoft.windows.common-controls_6595b64144ccf1df_6.0.26100.8972_none_3e0da176e32f9d4b;c:\Users\chae0\.vscode\extensions\redhat.java-1.56.0-win32-x64\jre\21.0.12.1-win32-x86_64\bin\server;C:\Users\chae0\AppData\Roaming\Code\User\globalStorage\redhat.java\1.56.0\config_win\org.eclipse.equinox.launcher\org.eclipse.equinox.launcher.win32.win32.x86_64_1.3.100.v20260804-1928;C:\Users\chae0\AppData\Local\Temp\jna-94623239;C:\Users\chae0\.gradle\native\660c5614fbf4a5f2a75b1949f50a0caf5cd603558e7d8a26e50b933a0cfb79d1\windows-amd64

VM Arguments:
jvm_args: --add-modules=ALL-SYSTEM --add-opens=java.base/java.util=ALL-UNNAMED --add-opens=java.base/java.lang=ALL-UNNAMED --add-opens=java.base/sun.nio.fs=ALL-UNNAMED -Declipse.application=org.eclipse.jdt.ls.core.id1 -Dosgi.bundles.defaultStartLevel=4 -Declipse.product=org.eclipse.jdt.ls.core.product -Djava.import.generatesMetadataFilesAtProjectRoot=false -Dm2e.project.cache.size=50 -DDetectVMInstallationsJob.disabled=true -Dfile.encoding=utf8 -XX:+UseParallelGC -XX:GCTimeRatio=4 -XX:AdaptiveSizePolicyWeight=90 -Dsun.zip.disableMemoryMapping=true -Xmx2G -Xms100m -Xlog:disable -javaagent:c:\Users\chae0\.vscode\extensions\redhat.java-1.56.0-win32-x64\lombok\lombok-1.18.39-4050.jar -XX:+HeapDumpOnOutOfMemoryError -XX:HeapDumpPath=c:\Users\chae0\AppData\Roaming\Code\User\workspaceStorage\ee96c83a427e1ea0f4b4714848568712\redhat.java -Daether.dependencyCollector.impl=bf 
java_command: c:\Users\chae0\.vscode\extensions\redhat.java-1.56.0-win32-x64\server\plugins\org.eclipse.equinox.launcher_1.8.0.v20260804-1928.jar -configuration c:\Users\chae0\AppData\Roaming\Code\User\globalStorage\redhat.java\1.56.0\config_win -data c:\Users\chae0\AppData\Roaming\Code\User\workspaceStorage\ee96c83a427e1ea0f4b4714848568712\redhat.java\jdt_ws --stdio
java_class_path (initial): c:\Users\chae0\.vscode\extensions\redhat.java-1.56.0-win32-x64\server\plugins\org.eclipse.equinox.launcher_1.8.0.v20260804-1928.jar
Launcher Type: SUN_STANDARD

[Global flags]
    uintx AdaptiveSizePolicyWeight                 = 90                                        {product} {command line}
     intx CICompilerCount                          = 12                                        {product} {ergonomic}
    uintx GCTimeRatio                              = 4                                         {product} {command line}
     bool HeapDumpOnOutOfMemoryError               = true                                   {manageable} {command line}
    ccstr HeapDumpPath                             = c:\Users\chae0\AppData\Roaming\Code\User\workspaceStorage\ee96c83a427e1ea0f4b4714848568712\redhat.java         {manageable} {command line}
   size_t InitialHeapSize                          = 104857600                                 {product} {command line}
   size_t MaxHeapSize                              = 2147483648                                {product} {command line}
   size_t MaxNewSize                               = 715653120                                 {product} {ergonomic}
   size_t MinHeapDeltaBytes                        = 524288                                    {product} {ergonomic}
   size_t MinHeapSize                              = 104857600                                 {product} {command line}
   size_t NewSize                                  = 34603008                                  {product} {ergonomic}
    uintx NonNMethodCodeHeapSize                   = 7602480                                {pd product} {ergonomic}
    uintx NonProfiledCodeHeapSize                  = 122027880                              {pd product} {ergonomic}
   size_t OldSize                                  = 70254592                                  {product} {ergonomic}
    uintx ProfiledCodeHeapSize                     = 122027880                              {pd product} {ergonomic}
    uintx ReservedCodeCacheSize                    = 251658240                              {pd product} {ergonomic}
     bool SegmentedCodeCache                       = true                                      {product} {ergonomic}
   size_t SoftMaxHeapSize                          = 2147483648                             {manageable} {ergonomic}
     bool UseCompressedOops                        = true                           {product lp64_product} {ergonomic}
     bool UseLargePagesIndividualAllocation        = false                                  {pd product} {ergonomic}
     bool UseParallelGC                            = true                                      {product} {command line}

Logging:
Log output configuration:
 #0: stdout all=off uptime,level,tags foldmultilines=false
 #1: stderr all=off uptime,level,tags foldmultilines=false

Release file:
JAVA_VERSION="21.0.12.1" 
MODULES="java.base java.compiler java.datatransfer java.xml java.prefs java.desktop java.instrument java.logging java.management java.security.sasl java.naming java.rmi java.management.rmi java.net.http java.scripting java.security.jgss java.transaction.xa java.sql java.sql.rowset java.xml.crypto java.se java.smartcardio jdk.accessibility jdk.internal.jvmstat jdk.attach jdk.charsets jdk.internal.opt jdk.zipfs jdk.compiler jdk.crypto.ec jdk.crypto.cryptoki jdk.crypto.mscapi jdk.dynalink jdk.internal.ed jdk.editpad jdk.hotspot.agent jdk.httpserver jdk.internal.le jdk.internal.vm.ci jdk.internal.vm.compiler jdk.internal.vm.compiler.management jdk.jartool jdk.javadoc jdk.jcmd jdk.management jdk.management.agent jdk.jconsole jdk.jdeps jdk.jdwp.agent jdk.jdi jdk.jfr jdk.jshell jdk.jsobject jdk.jstatd jdk.localedata jdk.management.jfr jdk.naming.dns jdk.naming.rmi jdk.net jdk.nio.mapmode jdk.random jdk.sctp jdk.security.auth jdk.security.jgss jdk.unsupported jdk.unsupported.desktop jdk.xml.dom" 

Environment Variables:
JAVA_HOME=C:\Program Files\Java\jdk-21
PATH=C:\Python314\Scripts\;C:\Python314\;C:\Program Files (x86)\VMware\VMware Workstation\bin\;C:\Program Files\Common Files\Oracle\Java\javapath;C:\WINDOWS\system32;C:\WINDOWS;C:\WINDOWS\System32\Wbem;C:\WINDOWS\System32\WindowsPowerShell\v1.0\;C:\WINDOWS\System32\OpenSSH\;C:\Program Files\Java\jdk-21\bin\;C:\Program Files\Java\jdk-21bin;C:\Program Files\Microsoft SQL Server\Client SDK\ODBC\170\Tools\Binn\;C:\Program Files (x86)\Microsoft SQL Server\150\Tools\Binn\;C:\Program Files\Microsoft SQL Server\150\Tools\Binn\;C:\Program Files\Microsoft SQL Server\150\DTS\Binn\;C:\Program Files (x86)\Microsoft SQL Server\150\DTS\Binn\;C:\Program Files\Azure Data Studio\bin;C:\Program Files\Java\jdk-21BIN;C:\Users\chae0\Downloads\node-v22.13.1-win-x64\;D:\Git\cmd;C:\Users\chae0\AppData\Local\Android\Sdk\platform-tools;C:\Program Files\dotnet\;C:\Program Files (x86)\Windows Kits\10\Windows Performance Toolkit\;C:\Program Files\nodejs\;C:\ProgramData\chocolatey\bin;C:\Users\chae0\AppData\Local\Android\Sdk\platform-tools;C:\Program Files\MySQL\MySQL Server 8.0\bin;C:\Users\chae0\AppData\Local\Programs\Python\Launcher\;C:\Users\chae0\AppData\Local\Microsoft\WindowsApps;C:\Program Files\Java\jdk-21\bin;C:\Program Files\Azure Data Studio\bin;C:\Users\chae0\AppData\Local\Programs\Microsoft VS Code\bin;C:\Users\chae0\.dotnet\tools;D:\downloads\flutter_windows_3.35.5-stable\flutter\bin;C:\Users\chae0\AppData\Roaming\npm
USERNAME=chae0
OS=Windows_NT
PROCESSOR_IDENTIFIER=Intel64 Family 6 Model 154 Stepping 3, GenuineIntel
TMP=C:\Users\chae0\AppData\Local\Temp
TEMP=C:\Users\chae0\AppData\Local\Temp




Periodic native trim disabled

---------------  S Y S T E M  ---------------

OS:
 Windows 11 , 64 bit Build 26100 (10.0.26100.9168)
OS uptime: 0 days 3:47 hours

CPU: total 16 (initial active 16) (8 cores per cpu, 2 threads per core) family 6 model 154 stepping 3 microcode 0x421, cx8, cmov, fxsr, ht, mmx, 3dnowpref, sse, sse2, sse3, ssse3, sse4.1, sse4.2, popcnt, lzcnt, tsc, tscinvbit, avx, avx2, aes, erms, clmul, bmi1, bmi2, adx, sha, fma, vzeroupper, clflush, clflushopt, clwb, serialize, rdtscp, rdpid, fsrm, f16c, pku, cet_ibt, cet_ss
Processor Information for processor 0
  Max Mhz: 1700, Current Mhz: 1700, Mhz Limit: 1700
Processor Information for processor 1
  Max Mhz: 1700, Current Mhz: 1700, Mhz Limit: 1700
Processor Information for processor 2
  Max Mhz: 1700, Current Mhz: 1700, Mhz Limit: 1700
Processor Information for processor 3
  Max Mhz: 1700, Current Mhz: 1700, Mhz Limit: 1700
Processor Information for processor 4
  Max Mhz: 1700, Current Mhz: 1700, Mhz Limit: 1700
Processor Information for processor 5
  Max Mhz: 1700, Current Mhz: 1700, Mhz Limit: 1700
Processor Information for processor 6
  Max Mhz: 1700, Current Mhz: 1700, Mhz Limit: 1700
Processor Information for processor 7
  Max Mhz: 1700, Current Mhz: 1700, Mhz Limit: 1700
Processor Information for processor 8
  Max Mhz: 1700, Current Mhz: 1700, Mhz Limit: 1700
Processor Information for processor 9
  Max Mhz: 1700, Current Mhz: 1558, Mhz Limit: 1700
Processor Information for processor 10
  Max Mhz: 1700, Current Mhz: 1558, Mhz Limit: 1700
Processor Information for processor 11
  Max Mhz: 1700, Current Mhz: 1700, Mhz Limit: 1700
Processor Information for processor 12
  Max Mhz: 1700, Current Mhz: 1700, Mhz Limit: 1700
Processor Information for processor 13
  Max Mhz: 1700, Current Mhz: 1700, Mhz Limit: 1700
Processor Information for processor 14
  Max Mhz: 1700, Current Mhz: 1558, Mhz Limit: 1700
Processor Information for processor 15
  Max Mhz: 1700, Current Mhz: 1558, Mhz Limit: 1700

Memory: 4k page, system-wide physical 16066M (1109M free)
TotalPageFile size 44125M (AvailPageFile size 0M)
current process WorkingSet (physical memory assigned to process): 1308M, peak: 1337M
current process commit charge ("private bytes"): 1727M, peak: 1757M

vm_info: OpenJDK 64-Bit Server VM (21.0.12.1+1-LTS) for windows-amd64 JRE (21.0.12.1+1-LTS), built on 2026-08-18T00:00:00Z by "admin" with MS VC++ 17.12 (VS2022)

END.
