#
# There is insufficient memory for the Java Runtime Environment to continue.
# Native memory allocation (mmap) failed to map 65536 bytes. Error detail: Failed to commit metaspace.
# Possible reasons:
#   The system is out of physical RAM or swap space
#   This process is running with CompressedOops enabled, and the Java Heap may be blocking the growth of the native heap
# Possible solutions:
#   Reduce memory load on the system
#   Increase physical memory or swap space
#   Check if swap backing store is full
#   Decrease Java heap size (-Xmx/-Xms)
#   Decrease number of Java threads
#   Decrease Java thread stack sizes (-Xss)
#   Set larger code cache with -XX:ReservedCodeCacheSize=
#   JVM is running with Unscaled Compressed Oops mode in which the Java heap is
#     placed in the first 4GB address space. The Java Heap base address is the
#     maximum limit for the native heap growth. Please use -XX:HeapBaseMinAddress
#     to set the Java Heap base and to place the Java Heap above 4GB virtual address.
# This output file may be truncated or incomplete.
#
#  Out of Memory Error (virtualSpaceNode.cpp:113), pid=33452, tid=30296
#
# JRE version: OpenJDK Runtime Environment Temurin-21.0.12.1+1 (21.0.12.1+1) (build 21.0.12.1+1-LTS)
# Java VM: OpenJDK 64-Bit Server VM Temurin-21.0.12.1+1 (21.0.12.1+1-LTS, mixed mode, sharing, tiered, compressed oops, compressed class ptrs, g1 gc, windows-amd64)
# No core dump will be written. Minidumps are not enabled by default on client versions of Windows
#

---------------  S U M M A R Y ------------

Command Line: --add-opens=java.base/java.lang=ALL-UNNAMED --add-opens=java.base/java.lang.invoke=ALL-UNNAMED --add-opens=java.base/java.util=ALL-UNNAMED --add-opens=java.prefs/java.util.prefs=ALL-UNNAMED --add-exports=jdk.compiler/com.sun.tools.javac.api=ALL-UNNAMED --add-exports=jdk.compiler/com.sun.tools.javac.util=ALL-UNNAMED --add-opens=java.base/java.util=ALL-UNNAMED --add-opens=java.prefs/java.util.prefs=ALL-UNNAMED --add-opens=java.base/java.nio.charset=ALL-UNNAMED --add-opens=java.base/java.net=ALL-UNNAMED --add-opens=java.base/java.util.concurrent=ALL-UNNAMED --add-opens=java.base/java.util.concurrent.atomic=ALL-UNNAMED --add-opens=java.xml/javax.xml.namespace=ALL-UNNAMED --add-opens=java.base/java.time=ALL-UNNAMED -XX:MaxMetaspaceSize=384m -XX:+HeapDumpOnOutOfMemoryError -Xms256m -Xmx512m -Dfile.encoding=UTF-8 -Duser.country=KR -Duser.language=ko -Duser.variant -javaagent:C:\Users\chae0\.gradle\wrapper\dists\gradle-9.4.1-bin\arn2x92ynaizyzdaamcbpbhtj\gradle-9.4.1\lib\agents\gradle-instrumentation-agent-9.4.1.jar org.gradle.launcher.daemon.bootstrap.GradleDaemon 9.4.1

Host: 12th Gen Intel(R) Core(TM) i5-1240P, 16 cores, 15G,  Windows 11 , 64 bit Build 26100 (10.0.26100.9168)
Time: Sat Sep 12 14:36:59 2026 elapsed time: 139.291640 seconds (0d 0h 2m 19s)

---------------  T H R E A D  ---------------

Current thread (0x000001b0ec0c2350):  JavaThread "Daemon worker"        [_thread_in_vm, id=30296, stack(0x0000000bceb00000,0x0000000bcec00000) (1024K)]

Stack: [0x0000000bceb00000,0x0000000bcec00000]
Native frames: (J=compiled Java code, j=interpreted, Vv=VM code, C=native code)
V  [jvm.dll+0x6d83e9]
V  [jvm.dll+0x8b5736]
V  [jvm.dll+0x8b7cee]
V  [jvm.dll+0x8b83d3]
V  [jvm.dll+0x284596]
V  [jvm.dll+0x8b147e]
V  [jvm.dll+0x679ad4]
V  [jvm.dll+0x1e849b]
V  [jvm.dll+0x1e825e]
V  [jvm.dll+0x67c3d2]
V  [jvm.dll+0x67c202]
V  [jvm.dll+0x67a4ae]
V  [jvm.dll+0x26f864]
V  [jvm.dll+0x21a11f]
V  [jvm.dll+0x20f80e]
V  [jvm.dll+0x5b6a7f]
V  [jvm.dll+0x82f606]
V  [jvm.dll+0x4792f8]
V  [jvm.dll+0x47f128]
C  [java.dll+0x17ec]

Java frames: (J=compiled Java code, j=interpreted, Vv=VM code)
J 766  java.lang.ClassLoader.defineClass1(Ljava/lang/ClassLoader;Ljava/lang/String;[BIILjava/security/ProtectionDomain;Ljava/lang/String;)Ljava/lang/Class; java.base@21.0.12.1 (0 bytes) @ 0x000001b0c6389b11 [0x000001b0c6389a40+0x00000000000000d1]
J 1059 c1 java.lang.ClassLoader.defineClass(Ljava/lang/String;[BIILjava/security/ProtectionDomain;)Ljava/lang/Class; java.base@21.0.12.1 (43 bytes) @ 0x000001b0be964074 [0x000001b0be963d20+0x0000000000000354]
J 1070 c1 java.security.SecureClassLoader.defineClass(Ljava/lang/String;[BIILjava/security/CodeSource;)Ljava/lang/Class; java.base@21.0.12.1 (16 bytes) @ 0x000001b0be97281c [0x000001b0be972740+0x00000000000000dc]
J 3293 c2 java.net.URLClassLoader.findClass(Ljava/lang/String;)Ljava/lang/Class; java.base@21.0.12.1 (47 bytes) @ 0x000001b0c64bfeb8 [0x000001b0c64be6c0+0x00000000000017f8]
J 3275 c1 org.gradle.internal.classloader.TransformingClassLoader.findClass(Ljava/lang/String;)Ljava/lang/Class; (203 bytes) @ 0x000001b0bedf23ac [0x000001b0bedf0fe0+0x00000000000013cc]
J 3016 c2 java.lang.ClassLoader.loadClass(Ljava/lang/String;Z)Ljava/lang/Class; java.base@21.0.12.1 (121 bytes) @ 0x000001b0c647d6c0 [0x000001b0c6479f60+0x0000000000003760]
J 3826 c2 java.lang.ClassLoader.loadClass(Ljava/lang/String;)Ljava/lang/Class; java.base@21.0.12.1 (7 bytes) @ 0x000001b0c651a0ec [0x000001b0c651a0a0+0x000000000000004c]
v  ~StubRoutines::call_stub 0x000001b0c5bf100d
j  org.gradle.api.internal.artifacts.ivyservice.modulecache.artifacts.DefaultModuleArtifactCache.<init>(Ljava/lang/String;Lorg/gradle/util/internal/BuildCommencedTimeProvider;Lorg/gradle/api/internal/artifacts/ivyservice/ArtifactCacheLockingAccessCoordinator;Lorg/gradle/internal/file/FileAccessTracker;Ljava/nio/file/Path;)V+5
j  org.gradle.api.internal.artifacts.DependencyManagementBuildTreeScopeServices.prepareModuleRepositoryCaches(Lorg/gradle/api/internal/artifacts/ivyservice/ArtifactCacheMetadata;Lorg/gradle/api/internal/artifacts/ivyservice/ArtifactCacheLockingAccessCoordinator;Lorg/gradle/util/internal/BuildCommencedTimeProvider;Lorg/gradle/api/internal/artifacts/ImmutableModuleIdentifierFactory;Lorg/gradle/api/internal/artifacts/ivyservice/resolveengine/result/AttributeContainerSerializer;Lorg/gradle/api/internal/artifacts/capability/CapabilitySelectorSerializer;Lorg/gradle/api/internal/artifacts/repositories/metadata/MavenMutableModuleMetadataFactory;Lorg/gradle/api/internal/artifacts/repositories/metadata/IvyMutableModuleMetadataFactory;Lorg/gradle/util/internal/SimpleMapInterner;Lorg/gradle/api/internal/filestore/ArtifactIdentifierFileStore;Lorg/gradle/api/internal/artifacts/ivyservice/modulecache/ModuleSourcesSerializer;Lorg/gradle/internal/hash/ChecksumService;)Lorg/gradle/api/internal/artifacts/ivyservice/modulecache/ModuleRepositoryCaches;+75
j  org.gradle.api.internal.artifacts.DependencyManagementBuildTreeScopeServices.lambda$createModuleRepositoryCacheProvider$4(Lorg/gradle/util/internal/BuildCommencedTimeProvider;Lorg/gradle/api/internal/artifacts/ImmutableModuleIdentifierFactory;Lorg/gradle/api/internal/artifacts/ivyservice/resolveengine/result/AttributeContainerSerializer;Lorg/gradle/api/internal/artifacts/capability/CapabilitySelectorSerializer;Lorg/gradle/api/internal/artifacts/repositories/metadata/MavenMutableModuleMetadataFactory;Lorg/gradle/api/internal/artifacts/repositories/metadata/IvyMutableModuleMetadataFactory;Lorg/gradle/util/internal/SimpleMapInterner;Lorg/gradle/api/internal/filestore/ArtifactIdentifierFileStore;Lorg/gradle/api/internal/artifacts/ivyservice/modulecache/ModuleSourcesSerializer;Lorg/gradle/internal/hash/ChecksumService;Lorg/gradle/api/internal/artifacts/ivyservice/ArtifactCacheMetadata;Lorg/gradle/api/internal/artifacts/ivyservice/ArtifactCacheLockingAccessCoordinator;)Lorg/gradle/api/internal/artifacts/ivyservice/modulecache/ModuleRepositoryCaches;+20
j  org.gradle.api.internal.artifacts.DependencyManagementBuildTreeScopeServices$$Lambda+0x000001b0d3516df8.apply(Ljava/lang/Object;Ljava/lang/Object;)Ljava/lang/Object;+48
j  org.gradle.api.internal.artifacts.ivyservice.ArtifactCachesProvider.withWritableCache(Ljava/util/function/BiFunction;)Ljava/lang/Object;+13
j  org.gradle.api.internal.artifacts.DependencyManagementBuildTreeScopeServices.createModuleRepositoryCacheProvider(Lorg/gradle/util/internal/BuildCommencedTimeProvider;Lorg/gradle/api/internal/artifacts/ImmutableModuleIdentifierFactory;Lorg/gradle/api/internal/artifacts/ivyservice/ArtifactCachesProvider;Lorg/gradle/api/internal/artifacts/ivyservice/resolveengine/result/AttributeContainerSerializer;Lorg/gradle/api/internal/artifacts/capability/CapabilitySelectorSerializer;Lorg/gradle/api/internal/artifacts/repositories/metadata/MavenMutableModuleMetadataFactory;Lorg/gradle/api/internal/artifacts/repositories/metadata/IvyMutableModuleMetadataFactory;Lorg/gradle/util/internal/SimpleMapInterner;Lorg/gradle/api/internal/artifacts/ivyservice/modulecache/FileStoreAndIndexProvider;Lorg/gradle/api/internal/artifacts/ivyservice/modulecache/ModuleSourcesSerializer;Lorg/gradle/internal/hash/ChecksumService;)Lorg/gradle/api/internal/artifacts/ivyservice/modulecache/ModuleRepositoryCacheProvider;+31
j  java.lang.invoke.LambdaForm$DMH+0x000001b0d3408400.invokeVirtual(Ljava/lang/Object;Ljava/lang/Object;Ljava/lang/Object;Ljava/lang/Object;Ljava/lang/Object;Ljava/lang/Object;Ljava/lang/Object;Ljava/lang/Object;Ljava/lang/Object;Ljava/lang/Object;Ljava/lang/Object;Ljava/lang/Object;Ljava/lang/Object;)Ljava/lang/Object;+32 java.base@21.0.12.1
j  java.lang.invoke.LambdaForm$MH+0x000001b0d352a000.invoke(Ljava/lang/Object;Ljava/lang/Object;Ljava/lang/Object;)Ljava/lang/Object;+306 java.base@21.0.12.1
j  java.lang.invoke.LambdaForm$MH+0x000001b0d309c000.invoke(Ljava/lang/Object;Ljava/lang/Object;Ljava/lang/Object;)Ljava/lang/Object;+34 java.base@21.0.12.1
J 2243 c1 jdk.internal.reflect.DirectMethodHandleAccessor.invoke(Ljava/lang/Object;[Ljava/lang/Object;)Ljava/lang/Object; java.base@21.0.12.1 (92 bytes) @ 0x000001b0bebeaa24 [0x000001b0bebea1c0+0x0000000000000864]
J 3709 c1 org.gradle.internal.reflect.JavaMethod.invoke(Ljava/lang/Object;[Ljava/lang/Object;)Ljava/lang/Object; (87 bytes) @ 0x000001b0beee823c [0x000001b0beee7cc0+0x000000000000057c]
J 3708 c1 org.gradle.internal.service.ReflectionBasedServiceMethod.invoke(Ljava/lang/Object;[Ljava/lang/Object;)Ljava/lang/Object; (16 bytes) @ 0x000001b0beee76d4 [0x000001b0beee7640+0x0000000000000094]
j  org.gradle.internal.service.DefaultServiceRegistry$FactoryMethodService.invokeMethod([Ljava/lang/Object;)Ljava/lang/Object;+28
J 3756 c1 org.gradle.internal.service.DefaultServiceRegistry$FactoryMethodService.createServiceInstance()Ljava/lang/Object; (17 bytes) @ 0x000001b0beefaad4 [0x000001b0beefa9e0+0x00000000000000f4]
J 2921 c1 org.gradle.internal.service.DefaultServiceRegistry$ManagedObjectServiceProvider.getInstance()Ljava/lang/Object; (44 bytes) @ 0x000001b0bed43e0c [0x000001b0bed43c60+0x00000000000001ac]
J 2920 c1 org.gradle.internal.service.DefaultServiceRegistry$SingletonService.get()Ljava/lang/Object; (5 bytes) @ 0x000001b0bed4393c [0x000001b0bed438c0+0x000000000000007c]
J 3855 c1 org.gradle.internal.service.DefaultServiceRegistry$FactoryService.assembleParameters()[Ljava/lang/Object; (89 bytes) @ 0x000001b0bef24d8c [0x000001b0bef24380+0x0000000000000a0c]
J 3590 c1 org.gradle.internal.service.DefaultServiceRegistry$FactoryService.createServiceInstance()Ljava/lang/Object; (18 bytes) @ 0x000001b0beeaf54c [0x000001b0beeaf4c0+0x000000000000008c]
j  org.gradle.internal.service.DefaultServiceRegistry$ConstructorService.createServiceInstance()Ljava/lang/Object;+1
J 2921 c1 org.gradle.internal.service.DefaultServiceRegistry$ManagedObjectServiceProvider.getInstance()Ljava/lang/Object; (44 bytes) @ 0x000001b0bed43e0c [0x000001b0bed43c60+0x00000000000001ac]
J 2920 c1 org.gradle.internal.service.DefaultServiceRegistry$SingletonService.get()Ljava/lang/Object; (5 bytes) @ 0x000001b0bed4393c [0x000001b0bed438c0+0x000000000000007c]
J 3855 c1 org.gradle.internal.service.DefaultServiceRegistry$FactoryService.assembleParameters()[Ljava/lang/Object; (89 bytes) @ 0x000001b0bef24d8c [0x000001b0bef24380+0x0000000000000a0c]
J 3590 c1 org.gradle.internal.service.DefaultServiceRegistry$FactoryService.createServiceInstance()Ljava/lang/Object; (18 bytes) @ 0x000001b0beeaf54c [0x000001b0beeaf4c0+0x000000000000008c]
j  org.gradle.internal.service.DefaultServiceRegistry$ConstructorService.createServiceInstance()Ljava/lang/Object;+1
J 2921 c1 org.gradle.internal.service.DefaultServiceRegistry$ManagedObjectServiceProvider.getInstance()Ljava/lang/Object; (44 bytes) @ 0x000001b0bed43e0c [0x000001b0bed43c60+0x00000000000001ac]
J 2920 c1 org.gradle.internal.service.DefaultServiceRegistry$SingletonService.get()Ljava/lang/Object; (5 bytes) @ 0x000001b0bed4393c [0x000001b0bed438c0+0x000000000000007c]
J 3855 c1 org.gradle.internal.service.DefaultServiceRegistry$FactoryService.assembleParameters()[Ljava/lang/Object; (89 bytes) @ 0x000001b0bef24d8c [0x000001b0bef24380+0x0000000000000a0c]
J 3590 c1 org.gradle.internal.service.DefaultServiceRegistry$FactoryService.createServiceInstance()Ljava/lang/Object; (18 bytes) @ 0x000001b0beeaf54c [0x000001b0beeaf4c0+0x000000000000008c]
j  org.gradle.internal.service.DefaultServiceRegistry$ConstructorService.createServiceInstance()Ljava/lang/Object;+1
J 2921 c1 org.gradle.internal.service.DefaultServiceRegistry$ManagedObjectServiceProvider.getInstance()Ljava/lang/Object; (44 bytes) @ 0x000001b0bed43e0c [0x000001b0bed43c60+0x00000000000001ac]
J 2920 c1 org.gradle.internal.service.DefaultServiceRegistry$SingletonService.get()Ljava/lang/Object; (5 bytes) @ 0x000001b0bed4393c [0x000001b0bed438c0+0x000000000000007c]
J 3855 c1 org.gradle.internal.service.DefaultServiceRegistry$FactoryService.assembleParameters()[Ljava/lang/Object; (89 bytes) @ 0x000001b0bef24d8c [0x000001b0bef24380+0x0000000000000a0c]
J 3590 c1 org.gradle.internal.service.DefaultServiceRegistry$FactoryService.createServiceInstance()Ljava/lang/Object; (18 bytes) @ 0x000001b0beeaf54c [0x000001b0beeaf4c0+0x000000000000008c]
j  org.gradle.internal.service.DefaultServiceRegistry$ConstructorService.createServiceInstance()Ljava/lang/Object;+1
J 2921 c1 org.gradle.internal.service.DefaultServiceRegistry$ManagedObjectServiceProvider.getInstance()Ljava/lang/Object; (44 bytes) @ 0x000001b0bed43e0c [0x000001b0bed43c60+0x00000000000001ac]
J 2920 c1 org.gradle.internal.service.DefaultServiceRegistry$SingletonService.get()Ljava/lang/Object; (5 bytes) @ 0x000001b0bed4393c [0x000001b0bed438c0+0x000000000000007c]
J 3855 c1 org.gradle.internal.service.DefaultServiceRegistry$FactoryService.assembleParameters()[Ljava/lang/Object; (89 bytes) @ 0x000001b0bef24d8c [0x000001b0bef24380+0x0000000000000a0c]
J 3756 c1 org.gradle.internal.service.DefaultServiceRegistry$FactoryMethodService.createServiceInstance()Ljava/lang/Object; (17 bytes) @ 0x000001b0beefaaa4 [0x000001b0beefa9e0+0x00000000000000c4]
J 2921 c1 org.gradle.internal.service.DefaultServiceRegistry$ManagedObjectServiceProvider.getInstance()Ljava/lang/Object; (44 bytes) @ 0x000001b0bed43e0c [0x000001b0bed43c60+0x00000000000001ac]
J 2920 c1 org.gradle.internal.service.DefaultServiceRegistry$SingletonService.get()Ljava/lang/Object; (5 bytes) @ 0x000001b0bed4393c [0x000001b0bed438c0+0x000000000000007c]
j  org.gradle.internal.service.DefaultServiceRegistry.find(Ljava/lang/reflect/Type;)Ljava/lang/Object;+22
j  org.gradle.internal.service.DefaultServiceRegistry.get(Ljava/lang/reflect/Type;)Ljava/lang/Object;+2
j  org.gradle.internal.service.DefaultServiceRegistry.get(Ljava/lang/Class;)Ljava/lang/Object;+3
j  org.gradle.api.internal.artifacts.DefaultDependencyManagementServices$DefaultDependencyResolutionServices.getConfigurationContainer()Lorg/gradle/api/internal/artifacts/configurations/ConfigurationContainerInternal;+6
j  org.gradle.api.internal.artifacts.DefaultDependencyManagementServices$DefaultDependencyResolutionServices.getConfigurationContainer()Lorg/gradle/api/artifacts/ConfigurationContainer;+1
j  org.gradle.api.internal.artifacts.DefaultDependencyManagementServices.newDetachedResolver(Lorg/gradle/api/internal/file/FileResolver;Lorg/gradle/api/internal/file/FileCollectionFactory;Lorg/gradle/api/internal/DomainObjectContext;)Lorg/gradle/api/internal/artifacts/DependencyResolutionServices;+64
j  org.gradle.api.internal.artifacts.DefaultDependencyManagementServices.newDetachedResolver(Lorg/gradle/api/internal/DomainObjectContext;)Lorg/gradle/api/internal/artifacts/DependencyResolutionServices;+30
j  org.gradle.api.internal.initialization.DefaultScriptHandlerFactory.create(Lorg/gradle/groovy/scripts/ScriptSource;Lorg/gradle/api/internal/initialization/ClassLoaderScope;Lorg/gradle/api/internal/DomainObjectContext;)Lorg/gradle/api/internal/initialization/ScriptHandlerInternal;+5
j  org.gradle.initialization.SettingsFactory.createSettings(Lorg/gradle/api/internal/GradleInternal;Ljava/io/File;Lorg/gradle/groovy/scripts/ScriptSource;Lorg/gradle/api/internal/properties/GradleProperties;Lorg/gradle/StartParameter;Lorg/gradle/api/internal/initialization/ClassLoaderScope;)Lorg/gradle/initialization/SettingsState;+93
j  org.gradle.initialization.ScriptEvaluatingSettingsProcessor.process(Lorg/gradle/api/internal/GradleInternal;Lorg/gradle/initialization/SettingsLocation;Lorg/gradle/api/internal/initialization/ClassLoaderScope;Lorg/gradle/StartParameter;)Lorg/gradle/initialization/SettingsState;+47
j  org.gradle.initialization.SettingsEvaluatedCallbackFiringSettingsProcessor.process(Lorg/gradle/api/internal/GradleInternal;Lorg/gradle/initialization/SettingsLocation;Lorg/gradle/api/internal/initialization/ClassLoaderScope;Lorg/gradle/StartParameter;)Lorg/gradle/initialization/SettingsState;+9
j  org.gradle.initialization.RootBuildCacheControllerSettingsProcessor.process(Lorg/gradle/api/internal/GradleInternal;Lorg/gradle/initialization/SettingsLocation;Lorg/gradle/api/internal/initialization/ClassLoaderScope;Lorg/gradle/StartParameter;)Lorg/gradle/initialization/SettingsState;+9
j  org.gradle.initialization.BuildOperationSettingsProcessor$2.call(Lorg/gradle/internal/operations/BuildOperationContext;)Lorg/gradle/initialization/SettingsState;+23
j  org.gradle.initialization.BuildOperationSettingsProcessor$2.call(Lorg/gradle/internal/operations/BuildOperationContext;)Ljava/lang/Object;+2
j  org.gradle.internal.operations.DefaultBuildOperationRunner$CallableBuildOperationWorker.execute(Lorg/gradle/internal/operations/CallableBuildOperation;Lorg/gradle/internal/operations/BuildOperationContext;)V+3
j  org.gradle.internal.operations.DefaultBuildOperationRunner$CallableBuildOperationWorker.execute(Lorg/gradle/internal/operations/BuildOperation;Lorg/gradle/internal/operations/BuildOperationContext;)V+6
j  org.gradle.internal.operations.DefaultBuildOperationRunner$2.execute(Lorg/gradle/internal/operations/BuildOperationDescriptor;Lorg/gradle/internal/operations/BuildOperationState;Lorg/gradle/internal/operations/BuildOperationState;Lorg/gradle/internal/operations/DefaultBuildOperationRunner$ReadableBuildOperationContext;Lorg/gradle/internal/operations/DefaultBuildOperationRunner$BuildOperationExecutionListener;)Lorg/gradle/internal/operations/BuildOperation;+22
j  org.gradle.internal.operations.DefaultBuildOperationRunner$2.execute(Lorg/gradle/internal/operations/BuildOperationDescriptor;Lorg/gradle/internal/operations/BuildOperationState;Lorg/gradle/internal/operations/BuildOperationState;Lorg/gradle/internal/operations/DefaultBuildOperationRunner$ReadableBuildOperationContext;Lorg/gradle/internal/operations/DefaultBuildOperationRunner$BuildOperationExecutionListener;)Ljava/lang/Object;+8
j  org.gradle.internal.operations.DefaultBuildOperationRunner.execute(Lorg/gradle/internal/operations/BuildOperationDescriptor$Builder;Lorg/gradle/internal/operations/DefaultBuildOperationRunner$BuildOperationExecution;)Ljava/lang/Object;+141
j  org.gradle.internal.operations.DefaultBuildOperationRunner.execute(Lorg/gradle/internal/operations/BuildOperation;Lorg/gradle/internal/operations/BuildOperationWorker;)V+17
j  org.gradle.internal.operations.DefaultBuildOperationRunner.call(Lorg/gradle/internal/operations/CallableBuildOperation;)Ljava/lang/Object;+12
j  org.gradle.initialization.BuildOperationSettingsProcessor.process(Lorg/gradle/api/internal/GradleInternal;Lorg/gradle/initialization/SettingsLocation;Lorg/gradle/api/internal/initialization/ClassLoaderScope;Lorg/gradle/StartParameter;)Lorg/gradle/initialization/SettingsState;+17
j  org.gradle.initialization.DefaultSettingsLoader.findSettingsAndLoadIfAppropriate(Lorg/gradle/api/internal/GradleInternal;Lorg/gradle/StartParameter;Lorg/gradle/initialization/layout/BuildLayout;Lorg/gradle/api/internal/initialization/ClassLoaderScope;)Lorg/gradle/initialization/SettingsState;+41
j  org.gradle.initialization.DefaultSettingsLoader.findAndLoadSettings(Lorg/gradle/api/internal/GradleInternal;)Lorg/gradle/initialization/SettingsState;+133
j  org.gradle.initialization.SettingsAttachingSettingsLoader.findAndLoadSettings(Lorg/gradle/api/internal/GradleInternal;)Lorg/gradle/initialization/SettingsState;+5
j  org.gradle.internal.composite.CommandLineIncludedBuildSettingsLoader.findAndLoadSettings(Lorg/gradle/api/internal/GradleInternal;)Lorg/gradle/initialization/SettingsState;+5
j  org.gradle.internal.composite.ChildBuildRegisteringSettingsLoader.findAndLoadSettings(Lorg/gradle/api/internal/GradleInternal;)Lorg/gradle/initialization/SettingsState;+5
j  org.gradle.internal.composite.CompositeBuildSettingsLoader.findAndLoadSettings(Lorg/gradle/api/internal/GradleInternal;)Lorg/gradle/initialization/SettingsState;+5
j  org.gradle.initialization.InitScriptHandlingSettingsLoader.findAndLoadSettings(Lorg/gradle/api/internal/GradleInternal;)Lorg/gradle/initialization/SettingsState;+13
j  org.gradle.api.internal.initialization.CacheConfigurationsHandlingSettingsLoader.findAndLoadSettings(Lorg/gradle/api/internal/GradleInternal;)Lorg/gradle/initialization/SettingsState;+15
j  org.gradle.initialization.DaemonJvmToolchainsValidatingSettingsLoader.findAndLoadSettings(Lorg/gradle/api/internal/GradleInternal;)Lorg/gradle/initialization/SettingsState;+14
j  org.gradle.initialization.GradlePropertiesHandlingSettingsLoader.findAndLoadSettings(Lorg/gradle/api/internal/GradleInternal;)Lorg/gradle/initialization/SettingsState;+49
j  org.gradle.initialization.DefaultSettingsPreparer.prepareSettings(Lorg/gradle/api/internal/GradleInternal;)V+33
j  org.gradle.initialization.BuildOperationFiringSettingsPreparer$LoadBuild.doLoadBuild()V+11
j  org.gradle.initialization.BuildOperationFiringSettingsPreparer$LoadBuild.run(Lorg/gradle/internal/operations/BuildOperationContext;)V+1
j  org.gradle.internal.operations.DefaultBuildOperationRunner$1.execute(Lorg/gradle/internal/operations/RunnableBuildOperation;Lorg/gradle/internal/operations/BuildOperationContext;)V+2
j  org.gradle.internal.operations.DefaultBuildOperationRunner$1.execute(Lorg/gradle/internal/operations/BuildOperation;Lorg/gradle/internal/operations/BuildOperationContext;)V+6
j  org.gradle.internal.operations.DefaultBuildOperationRunner$2.execute(Lorg/gradle/internal/operations/BuildOperationDescriptor;Lorg/gradle/internal/operations/BuildOperationState;Lorg/gradle/internal/operations/BuildOperationState;Lorg/gradle/internal/operations/DefaultBuildOperationRunner$ReadableBuildOperationContext;Lorg/gradle/internal/operations/DefaultBuildOperationRunner$BuildOperationExecutionListener;)Lorg/gradle/internal/operations/BuildOperation;+22
j  org.gradle.internal.operations.DefaultBuildOperationRunner$2.execute(Lorg/gradle/internal/operations/BuildOperationDescriptor;Lorg/gradle/internal/operations/BuildOperationState;Lorg/gradle/internal/operations/BuildOperationState;Lorg/gradle/internal/operations/DefaultBuildOperationRunner$ReadableBuildOperationContext;Lorg/gradle/internal/operations/DefaultBuildOperationRunner$BuildOperationExecutionListener;)Ljava/lang/Object;+8
j  org.gradle.internal.operations.DefaultBuildOperationRunner.execute(Lorg/gradle/internal/operations/BuildOperationDescriptor$Builder;Lorg/gradle/internal/operations/DefaultBuildOperationRunner$BuildOperationExecution;)Ljava/lang/Object;+141
j  org.gradle.internal.operations.DefaultBuildOperationRunner.execute(Lorg/gradle/internal/operations/BuildOperation;Lorg/gradle/internal/operations/BuildOperationWorker;)V+17
j  org.gradle.internal.operations.DefaultBuildOperationRunner.run(Lorg/gradle/internal/operations/RunnableBuildOperation;)V+5
j  org.gradle.initialization.BuildOperationFiringSettingsPreparer.prepareSettings(Lorg/gradle/api/internal/GradleInternal;)V+31
j  org.gradle.initialization.VintageBuildModelController.lambda$prepareSettings$1()V+8
j  org.gradle.initialization.VintageBuildModelController$$Lambda+0x000001b0d3475970.run()V+4
j  org.gradle.internal.model.StateTransitionController.lambda$doTransition$15(Ljava/lang/Runnable;)Lorg/gradle/internal/build/ExecutionResult;+1
j  org.gradle.internal.model.StateTransitionController$$Lambda+0x000001b0d3475dc0.get()Ljava/lang/Object;+4
j  org.gradle.internal.model.StateTransitionController.doTransition(Lorg/gradle/internal/model/StateTransitionController$State;Lorg/gradle/internal/model/StateTransitionController$State;Ljava/util/function/Supplier;)Lorg/gradle/internal/build/ExecutionResult;+24
j  org.gradle.internal.model.StateTransitionController.doTransition(Lorg/gradle/internal/model/StateTransitionController$State;Lorg/gradle/internal/model/StateTransitionController$State;Ljava/lang/Runnable;)V+9
j  org.gradle.internal.model.StateTransitionController.lambda$transitionIfNotPreviously$12(Lorg/gradle/internal/model/StateTransitionController$State;Lorg/gradle/internal/model/StateTransitionController$State;Ljava/lang/Runnable;)V+16
j  org.gradle.internal.model.StateTransitionController$$Lambda+0x000001b0d3475b98.run()V+16
j  org.gradle.internal.work.DefaultSynchronizer.withLock(Ljava/lang/Runnable;)V+6
j  org.gradle.internal.model.StateTransitionController.transitionIfNotPreviously(Lorg/gradle/internal/model/StateTransitionController$State;Lorg/gradle/internal/model/StateTransitionController$State;Ljava/lang/Runnable;)V+13
j  org.gradle.initialization.VintageBuildModelController.prepareSettings()V+16
j  org.gradle.initialization.VintageBuildModelController.getConfiguredModel()Lorg/gradle/api/internal/GradleInternal;+1
j  org.gradle.internal.build.DefaultBuildLifecycleController$$Lambda+0x000001b0d3475520.get()Ljava/lang/Object;+4
j  org.gradle.internal.model.StateTransitionController.lambda$notInState$3(Lorg/gradle/internal/model/StateTransitionController$State;Ljava/util/function/Supplier;)Ljava/lang/Object;+11
j  org.gradle.internal.model.StateTransitionController$$Lambda+0x000001b0d3475748.create()Ljava/lang/Object;+12
j  org.gradle.internal.work.DefaultSynchronizer.withLock(Lorg/gradle/internal/Factory;)Ljava/lang/Object;+6
j  org.gradle.internal.model.StateTransitionController.notInState(Lorg/gradle/internal/model/StateTransitionController$State;Ljava/util/function/Supplier;)Ljava/lang/Object;+12
j  org.gradle.internal.build.DefaultBuildLifecycleController.configureProjects()V+21
j  org.gradle.internal.build.DefaultBuildToolingModelController$$Lambda+0x000001b0d34750d0.run()V+4
j  org.gradle.internal.build.DefaultBuildToolingModelController.lambda$tryRunConfiguration$4(Ljava/lang/Runnable;)Ljava/lang/Void;+1
j  org.gradle.internal.build.DefaultBuildToolingModelController$$Lambda+0x000001b0d34752f8.call()Ljava/lang/Object;+4
j  org.gradle.internal.Try.ofFailable(Ljava/util/concurrent/Callable;)Lorg/gradle/internal/Try;+1
j  org.gradle.internal.build.DefaultBuildToolingModelController.tryRunConfiguration(Ljava/lang/Runnable;)Lorg/gradle/internal/Try;+6
j  org.gradle.internal.build.DefaultBuildToolingModelController.configureBuild()Lorg/gradle/internal/Try;+14
j  org.gradle.internal.build.DefaultBuildToolingModelController.locateBuilderForTarget(Lorg/gradle/internal/buildtree/ToolingModelRequestContext;)Lorg/gradle/tooling/provider/model/internal/ToolingModelScope;+39
j  org.gradle.internal.buildtree.DefaultBuildTreeModelCreator$DefaultBuildTreeModelController.lambda$locateBuilderForBuildTarget$0(Lorg/gradle/internal/buildtree/ToolingModelRequestContext;Lorg/gradle/internal/build/BuildToolingModelController;)Lorg/gradle/tooling/provider/model/internal/ToolingModelScope;+2
j  org.gradle.internal.buildtree.DefaultBuildTreeModelCreator$DefaultBuildTreeModelController$$Lambda+0x000001b0d34611c0.apply(Ljava/lang/Object;)Ljava/lang/Object;+8
j  org.gradle.internal.build.DefaultBuildLifecycleController.withToolingModels(ZLjava/util/function/Function;)Ljava/lang/Object;+16
j  org.gradle.internal.build.AbstractBuildState.withToolingModels(ZLjava/util/function/Function;)Ljava/lang/Object;+6
j  org.gradle.internal.buildtree.DefaultBuildTreeModelCreator$DefaultBuildTreeModelController.locateBuilderForBuildTarget(Lorg/gradle/internal/build/BuildState;Lorg/gradle/internal/buildtree/ToolingModelRequestContext;)Lorg/gradle/tooling/provider/model/internal/ToolingModelScope;+11
j  org.gradle.internal.buildtree.DefaultBuildTreeModelCreator$DefaultBuildTreeModelController.locateBuilderForDefaultTarget(Lorg/gradle/internal/buildtree/ToolingModelRequestContext;)Lorg/gradle/tooling/provider/model/internal/ToolingModelScope;+9
j  org.gradle.internal.buildtree.DefaultBuildTreeModelCreator$DefaultBuildTreeModelController.locateBuilderForTarget(Lorg/gradle/internal/buildtree/BuildTreeModelTarget;Lorg/gradle/internal/buildtree/ToolingModelRequestContext;)Lorg/gradle/tooling/provider/model/internal/ToolingModelScope;+9
j  org.gradle.internal.buildtree.DefaultBuildTreeModelCreator$DefaultBuildTreeModelController.access$200(Lorg/gradle/internal/buildtree/DefaultBuildTreeModelCreator$DefaultBuildTreeModelController;Lorg/gradle/internal/buildtree/BuildTreeModelTarget;Lorg/gradle/internal/buildtree/ToolingModelRequestContext;)Lorg/gradle/tooling/provider/model/internal/ToolingModelScope;+3
j  org.gradle.internal.buildtree.DefaultBuildTreeModelCreator$DefaultBuildTreeModelController$1.call(Lorg/gradle/internal/operations/BuildOperationContext;)Lorg/gradle/tooling/provider/model/internal/ToolingModelBuilderResultInternal;+12
j  org.gradle.internal.buildtree.DefaultBuildTreeModelCreator$DefaultBuildTreeModelController$1.call(Lorg/gradle/internal/operations/BuildOperationContext;)Ljava/lang/Object;+2
j  org.gradle.internal.operations.DefaultBuildOperationRunner$CallableBuildOperationWorker.execute(Lorg/gradle/internal/operations/CallableBuildOperation;Lorg/gradle/internal/operations/BuildOperationContext;)V+3
j  org.gradle.internal.operations.DefaultBuildOperationRunner$CallableBuildOperationWorker.execute(Lorg/gradle/internal/operations/BuildOperation;Lorg/gradle/internal/operations/BuildOperationContext;)V+6
j  org.gradle.internal.operations.DefaultBuildOperationRunner$2.execute(Lorg/gradle/internal/operations/BuildOperationDescriptor;Lorg/gradle/internal/operations/BuildOperationState;Lorg/gradle/internal/operations/BuildOperationState;Lorg/gradle/internal/operations/DefaultBuildOperationRunner$ReadableBuildOperationContext;Lorg/gradle/internal/operations/DefaultBuildOperationRunner$BuildOperationExecutionListener;)Lorg/gradle/internal/operations/BuildOperation;+22
j  org.gradle.internal.operations.DefaultBuildOperationRunner$2.execute(Lorg/gradle/internal/operations/BuildOperationDescriptor;Lorg/gradle/internal/operations/BuildOperationState;Lorg/gradle/internal/operations/BuildOperationState;Lorg/gradle/internal/operations/DefaultBuildOperationRunner$ReadableBuildOperationContext;Lorg/gradle/internal/operations/DefaultBuildOperationRunner$BuildOperationExecutionListener;)Ljava/lang/Object;+8
j  org.gradle.internal.operations.DefaultBuildOperationRunner.execute(Lorg/gradle/internal/operations/BuildOperationDescriptor$Builder;Lorg/gradle/internal/operations/DefaultBuildOperationRunner$BuildOperationExecution;)Ljava/lang/Object;+141
j  org.gradle.internal.operations.DefaultBuildOperationRunner.execute(Lorg/gradle/internal/operations/BuildOperation;Lorg/gradle/internal/operations/BuildOperationWorker;)V+17
j  org.gradle.internal.operations.DefaultBuildOperationRunner.call(Lorg/gradle/internal/operations/CallableBuildOperation;)Ljava/lang/Object;+12
j  org.gradle.internal.buildtree.DefaultBuildTreeModelCreator$DefaultBuildTreeModelController.getModel(Lorg/gradle/internal/buildtree/BuildTreeModelTarget;Lorg/gradle/internal/buildtree/ToolingModelRequestContext;)Lorg/gradle/tooling/provider/model/internal/ToolingModelBuilderResultInternal;+17
j  org.gradle.tooling.internal.provider.runner.BuildModelActionRunner$ModelCreateAction.fromBuildModel(Lorg/gradle/internal/buildtree/BuildTreeModelController;)Lorg/gradle/tooling/provider/model/internal/ToolingModelBuilderResultInternal;+24
j  org.gradle.tooling.internal.provider.runner.BuildModelActionRunner$ModelCreateAction.fromBuildModel(Lorg/gradle/internal/buildtree/BuildTreeModelController;)Ljava/lang/Object;+2
j  org.gradle.internal.buildtree.DefaultBuildTreeModelCreator.fromBuildModel(Lorg/gradle/internal/buildtree/BuildTreeModelAction;)Ljava/lang/Object;+10
j  org.gradle.internal.cc.impl.barrier.BarrierAwareBuildTreeModelCreator.fromBuildModel$lambda$0(Lorg/gradle/internal/cc/impl/barrier/BarrierAwareBuildTreeModelCreator;Lorg/gradle/internal/buildtree/BuildTreeModelAction;)Ljava/lang/Object;+5
j  org.gradle.internal.cc.impl.barrier.BarrierAwareBuildTreeModelCreator$$Lambda+0x000001b0d343bad8.invoke()Ljava/lang/Object;+8
j  org.gradle.internal.cc.impl.barrier.VintageConfigurationTimeActionRunner.runConfigurationTimeAction(Lkotlin/jvm/functions/Function0;)Ljava/lang/Object;+25
j  org.gradle.internal.cc.impl.barrier.BarrierAwareBuildTreeModelCreator.fromBuildModel(Lorg/gradle/internal/buildtree/BuildTreeModelAction;)Ljava/lang/Object;+17
j  org.gradle.internal.buildtree.DefaultBuildTreeLifecycleController.lambda$runFromBuildModel$3(Lorg/gradle/internal/buildtree/BuildTreeModelAction;)Ljava/lang/Object;+5
j  org.gradle.internal.buildtree.DefaultBuildTreeLifecycleController$$Lambda+0x000001b0d3460000.call()Ljava/lang/Object;+8
j  org.gradle.internal.Try.ofFailable(Ljava/util/concurrent/Callable;)Lorg/gradle/internal/Try;+1
j  org.gradle.internal.buildtree.DefaultBuildTreeLifecycleController.runFromBuildModel(Lorg/gradle/internal/buildtree/BuildTreeModelAction;)Lorg/gradle/internal/build/ExecutionResult;+7
j  org.gradle.internal.buildtree.DefaultBuildTreeLifecycleController.lambda$fromBuildModel$2(Lorg/gradle/internal/buildtree/BuildTreeModelAction;Z)Lorg/gradle/internal/build/ExecutionResult;+35
j  org.gradle.internal.buildtree.DefaultBuildTreeLifecycleController$$Lambda+0x000001b0d345b1c0.get()Ljava/lang/Object;+12
j  org.gradle.internal.buildtree.DefaultBuildTreeLifecycleController.lambda$runBuild$5(Ljava/util/function/Supplier;)Ljava/lang/Object;+1
j  org.gradle.internal.buildtree.DefaultBuildTreeLifecycleController$$Lambda+0x000001b0d345b3e8.get()Ljava/lang/Object;+8
j  org.gradle.internal.model.StateTransitionController.lambda$transition$7(Ljava/util/function/Supplier;)Lorg/gradle/internal/build/ExecutionResult;+1
j  org.gradle.internal.model.StateTransitionController$$Lambda+0x000001b0d345b838.get()Ljava/lang/Object;+4
j  org.gradle.internal.model.StateTransitionController.doTransition(Lorg/gradle/internal/model/StateTransitionController$State;Lorg/gradle/internal/model/StateTransitionController$State;Ljava/util/function/Supplier;)Lorg/gradle/internal/build/ExecutionResult;+24
j  org.gradle.internal.model.StateTransitionController.lambda$transition$8(Lorg/gradle/internal/model/StateTransitionController$State;Lorg/gradle/internal/model/StateTransitionController$State;Ljava/util/function/Supplier;)Ljava/lang/Object;+9
j  org.gradle.internal.model.StateTransitionController$$Lambda+0x000001b0d345b610.create()Ljava/lang/Object;+16
j  org.gradle.internal.work.DefaultSynchronizer.withLock(Lorg/gradle/internal/Factory;)Ljava/lang/Object;+6
j  org.gradle.internal.model.StateTransitionController.transition(Lorg/gradle/internal/model/StateTransitionController$State;Lorg/gradle/internal/model/StateTransitionController$State;Ljava/util/function/Supplier;)Ljava/lang/Object;+13
j  org.gradle.internal.buildtree.DefaultBuildTreeLifecycleController.runBuild(Ljava/util/function/Supplier;)Ljava/lang/Object;+17
j  org.gradle.internal.buildtree.DefaultBuildTreeLifecycleController.fromBuildModel(ZLorg/gradle/internal/buildtree/BuildTreeModelAction;)Ljava/lang/Object;+9
j  org.gradle.tooling.internal.provider.runner.BuildModelActionRunner.run(Lorg/gradle/internal/invocation/BuildAction;Lorg/gradle/internal/buildtree/BuildTreeLifecycleController;)Lorg/gradle/internal/buildtree/BuildActionRunner$Result;+40
j  org.gradle.launcher.exec.ChainingBuildActionRunner.run(Lorg/gradle/internal/invocation/BuildAction;Lorg/gradle/internal/buildtree/BuildTreeLifecycleController;)Lorg/gradle/internal/buildtree/BuildActionRunner$Result;+34
j  org.gradle.internal.buildtree.ProblemReportingBuildActionRunner.run(Lorg/gradle/internal/invocation/BuildAction;Lorg/gradle/internal/buildtree/BuildTreeLifecycleController;)Lorg/gradle/internal/buildtree/BuildActionRunner$Result;+12
j  org.gradle.launcher.exec.BuildOutcomeReportingBuildActionRunner.run(Lorg/gradle/internal/invocation/BuildAction;Lorg/gradle/internal/buildtree/BuildTreeLifecycleController;)Lorg/gradle/internal/buildtree/BuildActionRunner$Result;+69
j  org.gradle.tooling.internal.provider.FileSystemWatchingBuildActionRunner.run(Lorg/gradle/internal/invocation/BuildAction;Lorg/gradle/internal/buildtree/BuildTreeLifecycleController;)Lorg/gradle/internal/buildtree/BuildActionRunner$Result;+317
j  org.gradle.launcher.exec.BuildCompletionNotifyingBuildActionRunner.run(Lorg/gradle/internal/invocation/BuildAction;Lorg/gradle/internal/buildtree/BuildTreeLifecycleController;)Lorg/gradle/internal/buildtree/BuildActionRunner$Result;+6
j  org.gradle.launcher.exec.RootBuildLifecycleBuildActionExecutor.lambda$execute$0(Lorg/gradle/internal/invocation/BuildAction;Lorg/gradle/internal/buildtree/BuildTreeLifecycleController;)Lorg/gradle/internal/buildtree/BuildActionRunner$Result;+6
j  org.gradle.launcher.exec.RootBuildLifecycleBuildActionExecutor$$Lambda+0x000001b0d3446480.apply(Ljava/lang/Object;)Ljava/lang/Object;+12
j  org.gradle.composite.internal.DefaultRootBuildState.run(Ljava/util/function/Function;)Ljava/lang/Object;+92
j  org.gradle.launcher.exec.RootBuildLifecycleBuildActionExecutor.execute(Lorg/gradle/internal/invocation/BuildAction;)Lorg/gradle/internal/buildtree/BuildActionRunner$Result;+91
j  org.gradle.launcher.exec.BuildTreeLifecycleBuildActionExecutor.runRootBuildAction(Lorg/gradle/internal/invocation/BuildAction;Lorg/gradle/internal/service/ServiceRegistry;Lorg/gradle/internal/buildtree/BuildActionModelRequirements;Lorg/gradle/internal/buildtree/BuildModelParameters;)Lorg/gradle/internal/buildtree/BuildActionRunner$Result;+42
j  org.gradle.launcher.exec.BuildTreeLifecycleBuildActionExecutor.execute(Lorg/gradle/internal/invocation/BuildAction;Lorg/gradle/internal/session/BuildSessionContext;)Lorg/gradle/internal/buildtree/BuildActionRunner$Result;+50
j  org.gradle.launcher.exec.RunAsBuildOperationBuildActionExecutor$2.call(Lorg/gradle/internal/operations/BuildOperationContext;)Lorg/gradle/internal/buildtree/BuildActionRunner$Result;+25
j  org.gradle.launcher.exec.RunAsBuildOperationBuildActionExecutor$2.call(Lorg/gradle/internal/operations/BuildOperationContext;)Ljava/lang/Object;+2
j  org.gradle.internal.operations.DefaultBuildOperationRunner$CallableBuildOperationWorker.execute(Lorg/gradle/internal/operations/CallableBuildOperation;Lorg/gradle/internal/operations/BuildOperationContext;)V+3
j  org.gradle.internal.operations.DefaultBuildOperationRunner$CallableBuildOperationWorker.execute(Lorg/gradle/internal/operations/BuildOperation;Lorg/gradle/internal/operations/BuildOperationContext;)V+6
j  org.gradle.internal.operations.DefaultBuildOperationRunner$2.execute(Lorg/gradle/internal/operations/BuildOperationDescriptor;Lorg/gradle/internal/operations/BuildOperationState;Lorg/gradle/internal/operations/BuildOperationState;Lorg/gradle/internal/operations/DefaultBuildOperationRunner$ReadableBuildOperationContext;Lorg/gradle/internal/operations/DefaultBuildOperationRunner$BuildOperationExecutionListener;)Lorg/gradle/internal/operations/BuildOperation;+22
j  org.gradle.internal.operations.DefaultBuildOperationRunner$2.execute(Lorg/gradle/internal/operations/BuildOperationDescriptor;Lorg/gradle/internal/operations/BuildOperationState;Lorg/gradle/internal/operations/BuildOperationState;Lorg/gradle/internal/operations/DefaultBuildOperationRunner$ReadableBuildOperationContext;Lorg/gradle/internal/operations/DefaultBuildOperationRunner$BuildOperationExecutionListener;)Ljava/lang/Object;+8
j  org.gradle.internal.operations.DefaultBuildOperationRunner.execute(Lorg/gradle/internal/operations/BuildOperationDescriptor$Builder;Lorg/gradle/internal/operations/DefaultBuildOperationRunner$BuildOperationExecution;)Ljava/lang/Object;+141
j  org.gradle.internal.operations.DefaultBuildOperationRunner.execute(Lorg/gradle/internal/operations/BuildOperation;Lorg/gradle/internal/operations/BuildOperationWorker;)V+17
j  org.gradle.internal.operations.DefaultBuildOperationRunner.call(Lorg/gradle/internal/operations/CallableBuildOperation;)Ljava/lang/Object;+12
j  org.gradle.launcher.exec.RunAsBuildOperationBuildActionExecutor.execute(Lorg/gradle/internal/invocation/BuildAction;Lorg/gradle/internal/session/BuildSessionContext;)Lorg/gradle/internal/buildtree/BuildActionRunner$Result;+23
j  org.gradle.launcher.exec.RunAsWorkerThreadBuildActionExecutor.lambda$execute$0(Lorg/gradle/internal/invocation/BuildAction;Lorg/gradle/internal/session/BuildSessionContext;)Lorg/gradle/internal/buildtree/BuildActionRunner$Result;+6
j  org.gradle.launcher.exec.RunAsWorkerThreadBuildActionExecutor$$Lambda+0x000001b0d328d718.create()Ljava/lang/Object;+12
j  org.gradle.internal.work.DefaultWorkerLeaseService.lambda$withLocksAcquired$0(Lorg/gradle/internal/Factory;Ljava/util/Collection;)Ljava/lang/Object;+1
j  org.gradle.internal.work.DefaultWorkerLeaseService$$Lambda+0x000001b0d328f2d8.create()Ljava/lang/Object;+12
j  org.gradle.internal.work.ResourceLockStatistics$1.measure(Ljava/lang/String;Ljava/lang/Iterable;Lorg/gradle/internal/Factory;)Ljava/lang/Object;+1
j  org.gradle.internal.work.DefaultWorkerLeaseService.withLocksAcquired(Ljava/util/Collection;Lorg/gradle/internal/Factory;)Ljava/lang/Object;+21
j  org.gradle.internal.work.DefaultWorkerLeaseService.withLocks(Ljava/util/Collection;Lorg/gradle/internal/Factory;)Ljava/lang/Object;+25
j  org.gradle.internal.work.DefaultWorkerLeaseService.runAsWorkerThread(Lorg/gradle/internal/Factory;)Ljava/lang/Object;+33
j  org.gradle.launcher.exec.RunAsWorkerThreadBuildActionExecutor.execute(Lorg/gradle/internal/invocation/BuildAction;Lorg/gradle/internal/session/BuildSessionContext;)Lorg/gradle/internal/buildtree/BuildActionRunner$Result;+12
j  org.gradle.tooling.internal.provider.continuous.ContinuousBuildActionExecutor.execute(Lorg/gradle/internal/invocation/BuildAction;Lorg/gradle/internal/session/BuildSessionContext;)Lorg/gradle/internal/buildtree/BuildActionRunner$Result;+58
j  org.gradle.tooling.internal.provider.SubscribableBuildActionExecutor.execute(Lorg/gradle/internal/invocation/BuildAction;Lorg/gradle/internal/session/BuildSessionContext;)Lorg/gradle/internal/buildtree/BuildActionRunner$Result;+30
j  org.gradle.internal.session.DefaultBuildSessionContext.execute(Lorg/gradle/internal/invocation/BuildAction;)Lorg/gradle/internal/buildtree/BuildActionRunner$Result;+64
j  org.gradle.internal.buildprocess.execution.BuildSessionLifecycleBuildActionExecutor$ActionImpl.apply(Lorg/gradle/internal/session/BuildSessionContext;)Lorg/gradle/launcher/exec/BuildActionResult;+6
j  org.gradle.internal.buildprocess.execution.BuildSessionLifecycleBuildActionExecutor$ActionImpl.apply(Ljava/lang/Object;)Ljava/lang/Object;+5
j  org.gradle.internal.session.BuildSessionState.run(Ljava/util/function/Function;)Ljava/lang/Object;+5
j  org.gradle.internal.buildprocess.execution.BuildSessionLifecycleBuildActionExecutor.execute(Lorg/gradle/internal/invocation/BuildAction;Lorg/gradle/launcher/exec/BuildActionParameters;Lorg/gradle/initialization/BuildRequestContext;)Lorg/gradle/launcher/exec/BuildActionResult;+105
j  org.gradle.internal.buildprocess.execution.BuildSessionLifecycleBuildActionExecutor.execute(Lorg/gradle/internal/invocation/BuildAction;Ljava/lang/Object;Ljava/lang/Object;)Lorg/gradle/launcher/exec/BuildActionResult;+10
j  org.gradle.internal.buildprocess.execution.StartParamsValidatingActionExecutor.execute(Lorg/gradle/internal/invocation/BuildAction;Lorg/gradle/launcher/exec/BuildActionParameters;Lorg/gradle/initialization/BuildRequestContext;)Lorg/gradle/launcher/exec/BuildActionResult;+142
j  org.gradle.internal.buildprocess.execution.StartParamsValidatingActionExecutor.execute(Lorg/gradle/internal/invocation/BuildAction;Ljava/lang/Object;Ljava/lang/Object;)Lorg/gradle/launcher/exec/BuildActionResult;+10
j  org.gradle.internal.buildprocess.execution.SessionFailureReportingActionExecutor.execute(Lorg/gradle/internal/invocation/BuildAction;Lorg/gradle/launcher/exec/BuildActionParameters;Lorg/gradle/initialization/BuildRequestContext;)Lorg/gradle/launcher/exec/BuildActionResult;+7
j  org.gradle.internal.buildprocess.execution.SessionFailureReportingActionExecutor.execute(Lorg/gradle/internal/invocation/BuildAction;Ljava/lang/Object;Ljava/lang/Object;)Lorg/gradle/launcher/exec/BuildActionResult;+10
j  org.gradle.internal.buildprocess.execution.SetupLoggingActionExecutor.execute(Lorg/gradle/internal/invocation/BuildAction;Lorg/gradle/launcher/exec/BuildActionParameters;Lorg/gradle/initialization/BuildRequestContext;)Lorg/gradle/launcher/exec/BuildActionResult;+50
j  org.gradle.internal.buildprocess.execution.SetupLoggingActionExecutor.execute(Lorg/gradle/internal/invocation/BuildAction;Ljava/lang/Object;Ljava/lang/Object;)Lorg/gradle/launcher/exec/BuildActionResult;+10
j  org.gradle.launcher.daemon.server.exec.ExecuteBuild.doBuild(Lorg/gradle/launcher/daemon/server/api/DaemonCommandExecution;Lorg/gradle/launcher/daemon/protocol/Build;)V+147
j  org.gradle.launcher.daemon.server.exec.BuildCommandOnly.execute(Lorg/gradle/launcher/daemon/server/api/DaemonCommandExecution;)V+49
j  org.gradle.launcher.daemon.server.api.DaemonCommandExecution.proceed()Z+23
j  org.gradle.launcher.daemon.server.exec.WatchForDisconnection.execute(Lorg/gradle/launcher/daemon/server/api/DaemonCommandExecution;)V+19
j  org.gradle.launcher.daemon.server.api.DaemonCommandExecution.proceed()Z+23
j  org.gradle.launcher.daemon.server.exec.ResetDeprecationLogger.execute(Lorg/gradle/launcher/daemon/server/api/DaemonCommandExecution;)V+7
j  org.gradle.launcher.daemon.server.api.DaemonCommandExecution.proceed()Z+23
j  org.gradle.launcher.daemon.server.exec.RequestStopIfSingleUsedDaemon.execute(Lorg/gradle/launcher/daemon/server/api/DaemonCommandExecution;)V+33
j  org.gradle.launcher.daemon.server.api.DaemonCommandExecution.proceed()Z+23
j  org.gradle.launcher.daemon.server.exec.ForwardClientInput.lambda$execute$0(Lorg/gradle/launcher/daemon/server/api/DaemonCommandExecution;Lorg/gradle/internal/daemon/clientinput/StdinHandler;)Ljava/lang/Object;+11
j  org.gradle.launcher.daemon.server.exec.ForwardClientInput$$Lambda+0x000001b0d3195a70.apply(Ljava/lang/Object;)Ljava/lang/Object;+8
j  org.gradle.internal.daemon.clientinput.ClientInputForwarder.forwardInput(Ljava/util/function/Function;)Ljava/lang/Object;+46
j  org.gradle.launcher.daemon.server.exec.ForwardClientInput.execute(Lorg/gradle/launcher/daemon/server/api/DaemonCommandExecution;)V+10
j  org.gradle.launcher.daemon.server.api.DaemonCommandExecution.proceed()Z+23
j  org.gradle.launcher.daemon.server.exec.LogAndCheckHealth.execute(Lorg/gradle/launcher/daemon/server/api/DaemonCommandExecution;)V+51
j  org.gradle.launcher.daemon.server.api.DaemonCommandExecution.proceed()Z+23
j  org.gradle.launcher.daemon.server.exec.LogToClient.doBuild(Lorg/gradle/launcher/daemon/server/api/DaemonCommandExecution;Lorg/gradle/launcher/daemon/protocol/Build;)V+87
j  org.gradle.launcher.daemon.server.exec.BuildCommandOnly.execute(Lorg/gradle/launcher/daemon/server/api/DaemonCommandExecution;)V+49
j  org.gradle.launcher.daemon.server.api.DaemonCommandExecution.proceed()Z+23
j  org.gradle.launcher.daemon.server.exec.EstablishBuildEnvironment.doBuild(Lorg/gradle/launcher/daemon/server/api/DaemonCommandExecution;Lorg/gradle/launcher/daemon/protocol/Build;)V+356
j  org.gradle.launcher.daemon.server.exec.BuildCommandOnly.execute(Lorg/gradle/launcher/daemon/server/api/DaemonCommandExecution;)V+49
j  org.gradle.launcher.daemon.server.api.DaemonCommandExecution.proceed()Z+23
j  org.gradle.launcher.daemon.server.exec.StartBuildOrRespondWithBusy$1.run()V+44
j  org.gradle.launcher.daemon.server.DaemonStateCoordinator.lambda$runCommand$0(Ljava/lang/Runnable;)V+1
j  org.gradle.launcher.daemon.server.DaemonStateCoordinator$$Lambda+0x000001b0d3194808.run()V+8
j  org.gradle.internal.concurrent.ExecutorPolicy$CatchAndRecordFailures.onExecute(Ljava/lang/Runnable;)V+1
j  org.gradle.internal.concurrent.AbstractManagedExecutor$1.run()V+25
j  java.util.concurrent.ThreadPoolExecutor.runWorker(Ljava/util/concurrent/ThreadPoolExecutor$Worker;)V+92 java.base@21.0.12.1
j  java.util.concurrent.ThreadPoolExecutor$Worker.run()V+5 java.base@21.0.12.1
j  java.lang.Thread.runWith(Ljava/lang/Object;Ljava/lang/Runnable;)V+5 java.base@21.0.12.1
j  java.lang.Thread.run()V+19 java.base@21.0.12.1
v  ~StubRoutines::call_stub 0x000001b0c5bf100d

Compiled method (n/a) 145128  766     n 0       java.lang.ClassLoader::defineClass1 (native)
 total in heap  [0x000001b0c6389890,0x000001b0c6389e28] = 1432
 relocation     [0x000001b0c63899f0,0x000001b0c6389a28] = 56
 main code      [0x000001b0c6389a40,0x000001b0c6389e21] = 993
 stub code      [0x000001b0c6389e21,0x000001b0c6389e28] = 7

[Constant Pool (empty)]

[MachCode]
[Entry Point]
  # {method} {0x000001b0d2434c38} 'defineClass1' '(Ljava/lang/ClassLoader;Ljava/lang/String;[BIILjava/security/ProtectionDomain;Ljava/lang/String;)Ljava/lang/Class;' in 'java/lang/ClassLoader'
  # parm0:    rdx:rdx   = 'java/lang/ClassLoader'
  # parm1:    r8:r8     = 'java/lang/String'
  # parm2:    r9:r9     = '[B'
  # parm3:    rdi       = int
  # parm4:    rsi       = int
  # parm5:    rcx:rcx   = 'java/security/ProtectionDomain'
  # parm6:    [sp+0xa0]   = 'java/lang/String'  (sp of caller)
  0x000001b0c6389a40: 448b 5208 | 49bb 0000 | 00d2 b001 | 0000 4d03 | d349 3bc2 | 0f84 0600 

  0x000001b0c6389a58: ;   {runtime_call ic_miss_stub}
  0x000001b0c6389a58: 0000 e921 | 4d8b ff90 
[Verified Entry Point]
  0x000001b0c6389a60: 8984 2400 | 80ff ff55 | 488b ec48 | 81ec 9000 | 0000 6690 | 4181 7f20 | 0300 0000 

  0x000001b0c6389a7c: ;   {runtime_call StubRoutines (final stubs)}
  0x000001b0c6389a7c: 7405 e81d | ca89 ff48 | 837d 1000 | 488d 4510 | 480f 4445 | 1048 8944 | 2440 4889 | 4c24 7048 
  0x000001b0c6389a9c: 83f9 0048 | 8d44 2470 | 480f 4444 | 2470 4889 | 4424 3848 | 8974 2430 | 4889 7c24 | 284c 894c 
  0x000001b0c6389abc: 2458 4983 | f900 488d | 4424 5848 | 0f44 4424 | 5848 8944 | 2420 4c89 | 4424 5049 | 83f8 004c 
  0x000001b0c6389adc: 8d4c 2450 | 4c0f 444c | 2450 4889 | 5424 4848 | 83fa 004c | 8d44 2448 | 4c0f 4444 

  0x000001b0c6389af8: ;   {oop(a 'java/lang/Class'{0x00000000e0aebaa0} = 'java/lang/ClassLoader')}
  0x000001b0c6389af8: 2448 49be | a0ba aee0 | 0000 0000 | 4c89 7424 | 784c 8d74 | 2478 498b | d6c5 f877 

  0x000001b0c6389b14: ;   {internal_word}
  0x000001b0c6389b14: 49ba 119b | 38c6 b001 | 0000 4d89 | 97a8 0300 | 0049 89a7 | a003 0000 

  0x000001b0c6389b2c: ;   {external_word}
  0x000001b0c6389b2c: 49ba 066d | 7b82 fd7f | 0000 4180 | 3a00 0f84 | 4e00 0000 | 5241 5041 

  0x000001b0c6389b44: ;   {metadata({method} {0x000001b0d2434c38} 'defineClass1' '(Ljava/lang/ClassLoader;Ljava/lang/String;[BIILjava/security/ProtectionDomain;Ljava/lang/String;)Ljava/lang/Class;' in 'java/lang/ClassLoader')}
  0x000001b0c6389b44: 5148 ba30 | 4c43 d2b0 | 0100 0049 | 8bcf 4883 | ec20 40f6 | c40f 0f84 | 1900 0000 | 4883 ec08 
  0x000001b0c6389b64: ;   {runtime_call}
  0x000001b0c6389b64: 48b8 e0ea | 2482 fd7f | 0000 ffd0 | 4883 c408 | e90c 0000 

  0x000001b0c6389b78: ;   {runtime_call}
  0x000001b0c6389b78: 0048 b8e0 | ea24 82fd | 7f00 00ff | d048 83c4 | 2041 5941 | 585a 498d | 8fc0 0300 | 0041 c787 
  0x000001b0c6389b98: 4c04 0000 | 0400 0000 

  0x000001b0c6389ba0: ;   {runtime_call}
  0x000001b0c6389ba0: 48b8 ac16 | 8140 fe7f | 0000 ffd0 | c5f8 7741 | c787 4c04 | 0000 0500 | 0000 f083 | 4424 c000 
  0x000001b0c6389bc0: 493b af50 | 0400 000f | 870e 0000 | 0041 83bf | 4804 0000 | 000f 842b | 0000 00c5 | f877 4889 
  0x000001b0c6389be0: 45f8 498b | cf4c 8be4 | 4883 ec20 | 4883 e4f0 

  0x000001b0c6389bf0: ;   {runtime_call}
  0x000001b0c6389bf0: 48b8 0058 | f081 fd7f | 0000 ffd0 | 498b e44d | 33e4 488b | 45f8 41c7 | 874c 0400 | 0008 0000 
  0x000001b0c6389c10: 0041 83bf | c804 0000 | 020f 84d5 

  0x000001b0c6389c1c: ;   {external_word}
  0x000001b0c6389c1c: 0100 0049 | ba06 6d7b | 82fd 7f00 | 0041 803a | 000f 844c | 0000 0048 

  0x000001b0c6389c34: ;   {metadata({method} {0x000001b0d2434c38} 'defineClass1' '(Ljava/lang/ClassLoader;Ljava/lang/String;[BIILjava/security/ProtectionDomain;Ljava/lang/String;)Ljava/lang/Class;' in 'java/lang/ClassLoader')}
  0x000001b0c6389c34: 8945 f848 | ba30 4c43 | d2b0 0100 | 0049 8bcf | 4883 ec20 | 40f6 c40f | 0f84 1900 | 0000 4883 
  0x000001b0c6389c54: ;   {runtime_call}
  0x000001b0c6389c54: ec08 48b8 | e0ea 2482 | fd7f 0000 | ffd0 4883 | c408 e90c 

  0x000001b0c6389c68: ;   {runtime_call}
  0x000001b0c6389c68: 0000 0048 | b8e0 ea24 | 82fd 7f00 | 00ff d048 | 83c4 2048 | 8b45 f849 | c787 a003 | 0000 0000 
  0x000001b0c6389c88: 0000 49c7 | 87a8 0300 | 0000 0000 | 00c5 f877 | 4885 c00f | 8430 0100 | 00a8 030f | 8508 0000 
  0x000001b0c6389ca8: 0048 8b00 | e920 0100 | 00a8 010f | 8509 0000 | 0048 8b40 | fee9 0f01 | 0000 488b | 40ff 4180 
  0x000001b0c6389cc8: 7f40 000f | 8400 0100 | 0048 83f8 | 000f 84f6 | 0000 0049 | 8b4f 2848 | 83f9 000f | 8414 0000 
  0x000001b0c6389ce8: 0048 83e9 | 0849 894f | 2849 034f | 3848 8901 | e9d4 0000 | 0048 83ec | 7048 8904 | 2448 894c 
  0x000001b0c6389d08: 2408 4889 | 5424 104c | 8944 2418 | 4c89 4c24 | 204c 8954 | 2428 4c89 | 5c24 30c5 | fb11 4424 
  0x000001b0c6389d28: 40c5 fb11 | 4c24 48c5 | fb11 5424 | 50c5 fb11 | 5c24 58c5 | fb11 6424 | 60c5 fb11 | 6c24 6849 
  0x000001b0c6389d48: 8bd7 488b | c848 83ec | 2040 f6c4 | 0f0f 8419 | 0000 0048 

  0x000001b0c6389d5c: ;   {runtime_call}
  0x000001b0c6389d5c: 83ec 0848 | b820 a4e3 | 81fd 7f00 | 00ff d048 | 83c4 08e9 | 0c00 0000 

  0x000001b0c6389d74: ;   {runtime_call}
  0x000001b0c6389d74: 48b8 20a4 | e381 fd7f | 0000 ffd0 | 4883 c420 | c5fb 106c | 2468 c5fb | 1064 2460 | c5fb 105c 
  0x000001b0c6389d94: 2458 c5fb | 1054 2450 | c5fb 104c | 2448 c5fb | 1044 2440 | 4c8b 5c24 | 304c 8b54 | 2428 4c8b 
  0x000001b0c6389db4: 4c24 204c | 8b44 2418 | 488b 5424 | 1048 8b4c | 2408 488b | 0424 4883 | c470 c5f8 | 7749 8b8f 
  0x000001b0c6389dd4: 3004 0000 | c781 0001 | 0000 0000 | 0000 c949 | 837f 0800 | 0f85 0100 

  0x000001b0c6389dec: ;   {runtime_call StubRoutines (initial stubs)}
  0x000001b0c6389dec: 0000 c3e9 | 0c71 86ff | c5f8 7748 | 8945 f84c | 8be4 4883 | ec20 4883 

  0x000001b0c6389e04: ;   {runtime_call}
  0x000001b0c6389e04: e4f0 48b8 | 3022 2582 | fd7f 0000 | ffd0 498b | e44d 33e4 | 488b 45f8 | e9fe fdff | fff4 f4f4 
  0x000001b0c6389e24: f4f4 f4f4 
[/MachCode]


Compiled method (c1) 147534 1059       3       java.lang.ClassLoader::defineClass (43 bytes)
 total in heap  [0x000001b0be963b10,0x000001b0be964460] = 2384
 relocation     [0x000001b0be963c70,0x000001b0be963d10] = 160
 main code      [0x000001b0be963d20,0x000001b0be9641b8] = 1176
 stub code      [0x000001b0be9641b8,0x000001b0be964230] = 120
 metadata       [0x000001b0be964230,0x000001b0be964260] = 48
 scopes data    [0x000001b0be964260,0x000001b0be964350] = 240
 scopes pcs     [0x000001b0be964350,0x000001b0be964430] = 224
 dependencies   [0x000001b0be964430,0x000001b0be964438] = 8
 nul chk table  [0x000001b0be964438,0x000001b0be964460] = 40

[Constant Pool (empty)]

[MachCode]
[Entry Point]
  # {method} {0x000001b0d2434fb8} 'defineClass' '(Ljava/lang/String;[BIILjava/security/ProtectionDomain;)Ljava/lang/Class;' in 'java/lang/ClassLoader'
  # this:     rdx:rdx   = 'java/lang/ClassLoader'
  # parm0:    r8:r8     = 'java/lang/String'
  # parm1:    r9:r9     = '[B'
  # parm2:    rdi       = int
  # parm3:    rsi       = int
  # parm4:    rcx:rcx   = 'java/security/ProtectionDomain'
  #           [sp+0xc0]  (sp of caller)
  0x000001b0be963d20: 448b 5208 | 49bb 0000 | 00d2 b001 | 0000 4d03 | d34c 3bd0 

  0x000001b0be963d34: ;   {runtime_call ic_miss_stub}
  0x000001b0be963d34: 0f85 46aa | 2d07 660f | 1f44 0000 
[Verified Entry Point]
  0x000001b0be963d40: 8984 2400 | 80ff ff55 | 4881 ecb0 | 0000 0090 | 4181 7f20 | 0300 0000 

  0x000001b0be963d58: ;   {runtime_call StubRoutines (final stubs)}
  0x000001b0be963d58: 7405 e841 | 272c 0748 | 8954 2478 

  0x000001b0be963d64: ;   {metadata(method data for {method} {0x000001b0d2434fb8} 'defineClass' '(Ljava/lang/String;[BIILjava/security/ProtectionDomain;)Ljava/lang/Class;' in 'java/lang/ClassLoader')}
  0x000001b0be963d64: 48bb b09f | 18e7 b001 | 0000 8b83 | cc00 0000 | 83c0 0289 | 83cc 0000 | 0025 fe07 | 0000 85c0 
  0x000001b0be963d84: 0f84 5003 | 0000 89b4 | 2494 0000 | 0089 bc24 | 9000 0000 | 4c89 8c24 | 8800 0000 

  0x000001b0be963da0: ;   {metadata(method data for {method} {0x000001b0d2434fb8} 'defineClass' '(Ljava/lang/String;[BIILjava/security/ProtectionDomain;)Ljava/lang/Class;' in 'java/lang/ClassLoader')}
  0x000001b0be963da0: 488b da48 | b8b0 9f18 | e7b0 0100 | 0048 8380 | 1001 0000 | 0149 8bd8 | 4c8b c34c | 8bc9 488b 
  0x000001b0be963dc0: ca48 8bd1 | 4889 9c24 | 8000 0000 

  0x000001b0be963dcc: ;   {optimized virtual_call}
  0x000001b0be963dcc: 6666 90e8 

  0x000001b0be963dd0: ; ImmutableOopMap {[120]=Oop [128]=Oop [136]=Oop }
                      ;*invokevirtual preDefineClass {reexecute=0 rethrow=0 return_oop=0}
                      ; - java.lang.ClassLoader::defineClass@4
  0x000001b0be963dd0: 4c47 0000 

  0x000001b0be963dd4: ;   {other}
  0x000001b0be963dd4: 0f1f 8400 | c402 0000 | 4889 8424 | 9800 0000 | 488b 5424 

  0x000001b0be963de8: ;   {metadata(method data for {method} {0x000001b0d2434fb8} 'defineClass' '(Ljava/lang/String;[BIILjava/security/ProtectionDomain;)Ljava/lang/Class;' in 'java/lang/ClassLoader')}
  0x000001b0be963de8: 7849 b8b0 | 9f18 e7b0 | 0100 0049 | 8380 4801 

  0x000001b0be963df8: ;   {metadata(method data for {method} {0x000001b0d2434ca0} 'defineClassSourceLocation' '(Ljava/security/ProtectionDomain;)Ljava/lang/String;' in 'java/lang/ClassLoader')}
  0x000001b0be963df8: 0000 0149 | b8c8 a618 | e7b0 0100 | 0041 8b90 | cc00 0000 | 83c2 0241 | 8990 cc00 | 0000 81e2 
  0x000001b0be963e18: feff 1f00 | 85d2 0f84 | d702 0000 

  0x000001b0be963e24: ; implicit exception: dispatches to 0x000001b0be96411c
  0x000001b0be963e24: 483b 004c 

  0x000001b0be963e28: ;   {metadata(method data for {method} {0x000001b0d2434ca0} 'defineClassSourceLocation' '(Ljava/security/ProtectionDomain;)Ljava/lang/String;' in 'java/lang/ClassLoader')}
  0x000001b0be963e28: 8bc0 48ba | c8a6 18e7 | b001 0000 | 4883 8210 | 0100 0001 | 448b 4010 

  0x000001b0be963e40: ;   {metadata(method data for {method} {0x000001b0d2434ca0} 'defineClassSourceLocation' '(Ljava/security/ProtectionDomain;)Ljava/lang/String;' in 'java/lang/ClassLoader')}
  0x000001b0be963e40: 4d85 c048 | bac8 a618 | e7b0 0100 | 0048 c7c6 | 5801 0000 | 7507 48c7 | c648 0100 | 0048 8b3c 
  0x000001b0be963e60: 3248 8d7f | 0148 893c | 320f 850f 

  0x000001b0be963e6c: ;   {oop(nullptr)}
  0x000001b0be963e6c: 0000 0048 | bb00 0000 | 0000 0000 | 00e9 a101 | 0000 493b | 0049 8bd0 

  0x000001b0be963e84: ;   {metadata(method data for {method} {0x000001b0d2434ca0} 'defineClassSourceLocation' '(Ljava/security/ProtectionDomain;)Ljava/lang/String;' in 'java/lang/ClassLoader')}
  0x000001b0be963e84: 48be c8a6 | 18e7 b001 | 0000 4883 | 8668 0100 | 0001 418b | 500c 4885 

  0x000001b0be963e9c: ;   {metadata(method data for {method} {0x000001b0d2434ca0} 'defineClassSourceLocation' '(Ljava/security/ProtectionDomain;)Ljava/lang/String;' in 'java/lang/ClassLoader')}
  0x000001b0be963e9c: d248 bec8 | a618 e7b0 | 0100 0048 | c7c7 b001 | 0000 7507 | 48c7 c7a0 | 0100 0048 | 8b1c 3e48 
  0x000001b0be963ebc: 8d5b 0148 | 891c 3e0f | 850f 0000 

  0x000001b0be963ec8: ;   {oop(nullptr)}
  0x000001b0be963ec8: 0048 bb00 | 0000 0000 | 0000 00e9 | 4701 0000 

  0x000001b0be963ed8: ;   {metadata(method data for {method} {0x000001b0d2434ca0} 'defineClassSourceLocation' '(Ljava/security/ProtectionDomain;)Ljava/lang/String;' in 'java/lang/ClassLoader')}
  0x000001b0be963ed8: 48be c8a6 | 18e7 b001 | 0000 4883 | 86c0 0100 | 0001 483b | 024c 8bc2 

  0x000001b0be963ef0: ;   {metadata(method data for {method} {0x000001b0d2434ca0} 'defineClassSourceLocation' '(Ljava/security/ProtectionDomain;)Ljava/lang/String;' in 'java/lang/ClassLoader')}
  0x000001b0be963ef0: 48be c8a6 | 18e7 b001 | 0000 4883 | 86f8 0100 

  0x000001b0be963f00: ;   {metadata(method data for {method} {0x000001b0d201abf0} 'toString' '()Ljava/lang/String;' in 'java/net/URL')}
  0x000001b0be963f00: 0001 49b8 | f0b6 0ee7 | b001 0000 | 418b b0cc | 0000 0083 | c602 4189 | b0cc 0000 | 0081 e6fe 
  0x000001b0be963f20: ff1f 0085 | f60f 8400 | 0200 004c 

  0x000001b0be963f2c: ;   {metadata(method data for {method} {0x000001b0d201abf0} 'toString' '()Ljava/lang/String;' in 'java/net/URL')}
  0x000001b0be963f2c: 8bc2 48be | f0b6 0ee7 | b001 0000 | 4883 8610 | 0100 0001 

  0x000001b0be963f40: ;   {metadata(method data for {method} {0x000001b0d2428840} 'toExternalForm' '()Ljava/lang/String;' in 'java/net/URL')}
  0x000001b0be963f40: 49b8 78b8 | 0ee7 b001 | 0000 418b | b0cc 0000 | 0083 c602 | 4189 b0cc | 0000 0081 | e6fe ff1f 
  0x000001b0be963f60: 0085 f60f | 84e3 0100 | 008b 7238 

  0x000001b0be963f6c: ; implicit exception: dispatches to 0x000001b0be96416d
  0x000001b0be963f6c: 483b 064c 

  0x000001b0be963f70: ;   {metadata(method data for {method} {0x000001b0d2428840} 'toExternalForm' '()Ljava/lang/String;' in 'java/net/URL')}
  0x000001b0be963f70: 8bc6 48bf | 78b8 0ee7 | b001 0000 | 458b 4008 | 49ba 0000 | 00d2 b001 | 0000 4d03 | c24c 3b87 
  0x000001b0be963f90: 2001 0000 | 750d 4883 | 8728 0100 | 0001 e960 | 0000 004c | 3b87 3001 | 0000 750d | 4883 8738 
  0x000001b0be963fb0: 0100 0001 | e94a 0000 | 0048 83bf | 2001 0000 | 0075 174c | 8987 2001 | 0000 48c7 | 8728 0100 
  0x000001b0be963fd0: 0001 0000 | 00e9 2900 | 0000 4883 | bf30 0100 | 0000 7517 | 4c89 8730 | 0100 0048 | c787 3801 
  0x000001b0be963ff0: 0000 0100 | 0000 e908 | 0000 0048 | 8387 1001 | 0000 014c | 8bc2 488b | d666 0f1f 

  0x000001b0be96400c: ;   {optimized virtual_call}
  0x000001b0be96400c: 4400 00e8 

  0x000001b0be964010: ; ImmutableOopMap {[120]=Oop [128]=Oop [136]=Oop [152]=Oop }
                      ;*invokevirtual toExternalForm {reexecute=0 rethrow=0 return_oop=0}
                      ; - java.net.URL::toExternalForm@5
                      ; - java.net.URL::toString@1
                      ; - java.lang.ClassLoader::defineClassSourceLocation@22
                      ; - java.lang.ClassLoader::defineClass@12
  0x000001b0be964010: 4c73 bd07 

  0x000001b0be964014: ;   {other}
  0x000001b0be964014: 0f1f 8400 | 0405 0001 | 488b d848 | 8b84 2498 | 0000 008b | b424 9400 | 0000 8bbc | 2490 0000 
  0x000001b0be964034: 004c 8b8c | 2488 0000 | 004c 8b84 | 2480 0000 | 0048 8b54 

  0x000001b0be964048: ;   {metadata(method data for {method} {0x000001b0d2434fb8} 'defineClass' '(Ljava/lang/String;[BIILjava/security/ProtectionDomain;)Ljava/lang/Class;' in 'java/lang/ClassLoader')}
  0x000001b0be964048: 2478 48b9 | b09f 18e7 | b001 0000 | 4883 8180 | 0100 0001 | 4c8b da49 | 8bd3 488b | c848 891c 
  0x000001b0be964068: 2466 0f1f 

  0x000001b0be96406c: ;   {static_call}
  0x000001b0be96406c: 4400 00e8 

  0x000001b0be964070: ; ImmutableOopMap {[120]=Oop [152]=Oop }
                      ;*invokestatic defineClass1 {reexecute=0 rethrow=0 return_oop=0}
                      ; - java.lang.ClassLoader::defineClass@27
  0x000001b0be964070: ec59 a207 

  0x000001b0be964074: ;   {other}
  0x000001b0be964074: 0f1f 8400 | 6405 0002 | 488b 5424 

  0x000001b0be964080: ;   {metadata(method data for {method} {0x000001b0d2434fb8} 'defineClass' '(Ljava/lang/String;[BIILjava/security/ProtectionDomain;)Ljava/lang/Class;' in 'java/lang/ClassLoader')}
  0x000001b0be964080: 7849 b8b0 | 9f18 e7b0 | 0100 0049 | 8380 9001 | 0000 014c | 8bc0 4c8b | 8c24 9800 | 0000 488b 
  0x000001b0be9640a0: 5424 7848 | 8984 24a0 | 0000 000f 

  0x000001b0be9640ac: ;   {optimized virtual_call}
  0x000001b0be9640ac: 1f40 00e8 

  0x000001b0be9640b0: ; ImmutableOopMap {[160]=Oop }
                      ;*invokevirtual postDefineClass {reexecute=0 rethrow=0 return_oop=0}
                      ; - java.lang.ClassLoader::defineClass@37
  0x000001b0be9640b0: 6cf5 fbff 

  0x000001b0be9640b4: ;   {other}
  0x000001b0be9640b4: 0f1f 8400 | a405 0003 | 488b 8424 | a000 0000 | 4881 c4b0 | 0000 005d 

  0x000001b0be9640cc: ;   {poll_return}
  0x000001b0be9640cc: 493b a750 | 0400 000f | 8799 0000 

  0x000001b0be9640d8: ;   {metadata({method} {0x000001b0d2434fb8} 'defineClass' '(Ljava/lang/String;[BIILjava/security/ProtectionDomain;)Ljava/lang/Class;' in 'java/lang/ClassLoader')}
  0x000001b0be9640d8: 00c3 49ba | b04f 43d2 | b001 0000 | 4c89 5424 | 0848 c704 | 24ff ffff 

  0x000001b0be9640f0: ;   {runtime_call counter_overflow Runtime1 stub}
  0x000001b0be9640f0: ffe8 0ae0 

  0x000001b0be9640f4: ; ImmutableOopMap {rdx=Oop r8=Oop r9=Oop rcx=Oop [120]=Oop }
                      ;*synchronization entry
                      ; - java.lang.ClassLoader::defineClass@-1
  0x000001b0be9640f4: 3a07 e98f 

  0x000001b0be9640f8: ;   {metadata({method} {0x000001b0d2434ca0} 'defineClassSourceLocation' '(Ljava/security/ProtectionDomain;)Ljava/lang/String;' in 'java/lang/ClassLoader')}
  0x000001b0be9640f8: fcff ff49 | ba98 4c43 | d2b0 0100 | 004c 8954 | 2408 48c7 | 0424 ffff 

  0x000001b0be964110: ;   {runtime_call counter_overflow Runtime1 stub}
  0x000001b0be964110: ffff e8e9 

  0x000001b0be964114: ; ImmutableOopMap {rax=Oop [120]=Oop [128]=Oop [136]=Oop [152]=Oop }
                      ;*synchronization entry
                      ; - java.lang.ClassLoader::defineClassSourceLocation@-1
                      ; - java.lang.ClassLoader::defineClass@12
  0x000001b0be964114: df3a 07e9 | 08fd ffff 

  0x000001b0be96411c: ;   {runtime_call throw_null_pointer_exception Runtime1 stub}
  0x000001b0be96411c: e8df 8e3a 

  0x000001b0be964120: ; ImmutableOopMap {rax=Oop [120]=Oop [128]=Oop [136]=Oop [152]=Oop }
                      ;*invokevirtual getCodeSource {reexecute=0 rethrow=0 return_oop=0}
                      ; - java.lang.ClassLoader::defineClassSourceLocation@1
                      ; - java.lang.ClassLoader::defineClass@12
                      ;   {runtime_call throw_null_pointer_exception Runtime1 stub}
  0x000001b0be964120: 07e8 da8e 

  0x000001b0be964124: ; ImmutableOopMap {rax=Oop r8=Oop [120]=Oop [128]=Oop [136]=Oop [152]=Oop }
                      ;*invokevirtual getLocation {reexecute=0 rethrow=0 return_oop=0}
                      ; - java.lang.ClassLoader::defineClassSourceLocation@12
                      ; - java.lang.ClassLoader::defineClass@12
                      ;   {runtime_call throw_null_pointer_exception Runtime1 stub}
  0x000001b0be964124: 3a07 e8d5 

  0x000001b0be964128: ; ImmutableOopMap {rdx=Oop [120]=Oop [128]=Oop [136]=Oop [152]=Oop }
                      ;*invokevirtual toString {reexecute=0 rethrow=0 return_oop=0}
                      ; - java.lang.ClassLoader::defineClassSourceLocation@22
                      ; - java.lang.ClassLoader::defineClass@12
                      ;   {metadata({method} {0x000001b0d201abf0} 'toString' '()Ljava/lang/String;' in 'java/net/URL')}
  0x000001b0be964128: 8e3a 0749 | bae8 ab01 | d2b0 0100 | 004c 8954 | 2408 48c7 | 0424 ffff 

  0x000001b0be964140: ;   {runtime_call counter_overflow Runtime1 stub}
  0x000001b0be964140: ffff e8b9 

  0x000001b0be964144: ; ImmutableOopMap {rdx=Oop [120]=Oop [128]=Oop [136]=Oop [152]=Oop }
                      ;*synchronization entry
                      ; - java.net.URL::toString@-1
                      ; - java.lang.ClassLoader::defineClassSourceLocation@22
                      ; - java.lang.ClassLoader::defineClass@12
  0x000001b0be964144: df3a 07e9 | dffd ffff 

  0x000001b0be96414c: ;   {metadata({method} {0x000001b0d2428840} 'toExternalForm' '()Ljava/lang/String;' in 'java/net/URL')}
  0x000001b0be96414c: 49ba 3888 | 42d2 b001 | 0000 4c89 | 5424 0848 | c704 24ff 

  0x000001b0be964160: ;   {runtime_call counter_overflow Runtime1 stub}
  0x000001b0be964160: ffff ffe8 

  0x000001b0be964164: ; ImmutableOopMap {rdx=Oop [120]=Oop [128]=Oop [136]=Oop [152]=Oop }
                      ;*synchronization entry
                      ; - java.net.URL::toExternalForm@-1
                      ; - java.net.URL::toString@1
                      ; - java.lang.ClassLoader::defineClassSourceLocation@22
                      ; - java.lang.ClassLoader::defineClass@12
  0x000001b0be964164: 98df 3a07 | e9fc fdff 

  0x000001b0be96416c: ;   {runtime_call throw_null_pointer_exception Runtime1 stub}
  0x000001b0be96416c: ffe8 8e8e 

  0x000001b0be964170: ; ImmutableOopMap {rdx=Oop rsi=Oop [120]=Oop [128]=Oop [136]=Oop [152]=Oop }
                      ;*invokevirtual toExternalForm {reexecute=0 rethrow=0 return_oop=0}
                      ; - java.net.URL::toExternalForm@5
                      ; - java.net.URL::toString@1
                      ; - java.lang.ClassLoader::defineClassSourceLocation@22
                      ; - java.lang.ClassLoader::defineClass@12
                      ;   {internal_word}
  0x000001b0be964170: 3a07 49ba | cc40 96be | b001 0000 | 4d89 9768 

  0x000001b0be964180: ;   {runtime_call SafepointBlob}
  0x000001b0be964180: 0400 00e9 | f812 2e07 | 498b 8700 | 0500 0049 | c787 0005 | 0000 0000 | 0000 49c7 | 8708 0500 
  0x000001b0be9641a0: 0000 0000 | 0048 81c4 | b000 0000 

  0x000001b0be9641ac: ;   {runtime_call unwind_exception Runtime1 stub}
  0x000001b0be9641ac: 5de9 4e7f | 3a07 f4f4 | f4f4 f4f4 
[Stub Code]
  0x000001b0be9641b8: ;   {no_reloc}
  0x000001b0be9641b8: 0f1f 4400 

  0x000001b0be9641bc: ;   {static_stub}
  0x000001b0be9641bc: 0048 bb00 | 0000 0000 

  0x000001b0be9641c4: ;   {runtime_call nmethod}
  0x000001b0be9641c4: 0000 00e9 | fbff ffff 

  0x000001b0be9641cc: ;   {static_stub}
  0x000001b0be9641cc: 48bb f04c | 43d2 b001 

  0x000001b0be9641d4: ;   {runtime_call I2C/C2I adapters}
  0x000001b0be9641d4: 0000 e990 

  0x000001b0be9641d8: ;   {static_stub}
  0x000001b0be9641d8: 6c2d 0748 | bb00 0000 | 0000 0000 

  0x000001b0be9641e4: ;   {runtime_call nmethod}
  0x000001b0be9641e4: 00e9 fbff 

  0x000001b0be9641e8: ;   {static_stub}
  0x000001b0be9641e8: ffff 48bb | 0000 0000 | 0000 0000 

  0x000001b0be9641f4: ;   {runtime_call nmethod}
  0x000001b0be9641f4: e9fb ffff 

  0x000001b0be9641f8: ;   {runtime_call handle_exception_from_callee Runtime1 stub}
  0x000001b0be9641f8: ffe8 02ac 

  0x000001b0be9641fc: ;   {external_word}
  0x000001b0be9641fc: 3a07 48b9 | 5063 5182 | fd7f 0000 | 4883 e4f0 

  0x000001b0be96420c: ;   {runtime_call}
  0x000001b0be96420c: 48b8 c0c9 | 1382 fd7f | 0000 ffd0 

  0x000001b0be964218: ;   {section_word}
  0x000001b0be964218: f449 ba19 | 4296 beb0 | 0100 0041 

  0x000001b0be964224: ;   {runtime_call DeoptimizationBlob}
  0x000001b0be964224: 52e9 f604 | 2e07 f4f4 | f4f4 f4f4 
[/MachCode]


Compiled method (c1) 152191 1070       3       java.security.SecureClassLoader::defineClass (16 bytes)
 total in heap  [0x000001b0be972590,0x000001b0be972990] = 1024
 relocation     [0x000001b0be9726f0,0x000001b0be972740] = 80
 main code      [0x000001b0be972740,0x000001b0be972898] = 344
 stub code      [0x000001b0be972898,0x000001b0be9728e8] = 80
 metadata       [0x000001b0be9728e8,0x000001b0be9728f0] = 8
 scopes data    [0x000001b0be9728f0,0x000001b0be972938] = 72
 scopes pcs     [0x000001b0be972938,0x000001b0be972988] = 80
 dependencies   [0x000001b0be972988,0x000001b0be972990] = 8

[Constant Pool (empty)]

[MachCode]
[Entry Point]
  # {method} {0x000001b0d204e0e8} 'defineClass' '(Ljava/lang/String;[BIILjava/security/CodeSource;)Ljava/lang/Class;' in 'java/security/SecureClassLoader'
  # this:     rdx:rdx   = 'java/security/SecureClassLoader'
  # parm0:    r8:r8     = 'java/lang/String'
  # parm1:    r9:r9     = '[B'
  # parm2:    rdi       = int
  # parm3:    rsi       = int
  # parm4:    rcx:rcx   = 'java/security/CodeSource'
  #           [sp+0x80]  (sp of caller)
  0x000001b0be972740: 448b 5208 | 49bb 0000 | 00d2 b001 | 0000 4d03 | d34c 3bd0 

  0x000001b0be972754: ;   {runtime_call ic_miss_stub}
  0x000001b0be972754: 0f85 26c0 | 2c07 660f | 1f44 0000 
[Verified Entry Point]
  0x000001b0be972760: 8984 2400 | 80ff ff55 | 4883 ec70 | 4181 7f20 | 0300 0000 

  0x000001b0be972774: ;   {runtime_call StubRoutines (final stubs)}
  0x000001b0be972774: 7405 e825 

  0x000001b0be972778: ;   {metadata(method data for {method} {0x000001b0d204e0e8} 'defineClass' '(Ljava/lang/String;[BIILjava/security/CodeSource;)Ljava/lang/Class;' in 'java/security/SecureClassLoader')}
  0x000001b0be972778: 3d2b 0748 | bb80 1817 | e7b0 0100 | 008b 83cc | 0000 0083 | c002 8983 | cc00 0000 | 25fe 0700 
  0x000001b0be972798: 0085 c00f | 8496 0000 | 0089 7424 | 5c89 7c24 | 584c 894c | 2450 4c89 | 4424 4848 

  0x000001b0be9727b4: ;   {metadata(method data for {method} {0x000001b0d204e0e8} 'defineClass' '(Ljava/lang/String;[BIILjava/security/CodeSource;)Ljava/lang/Class;' in 'java/security/SecureClassLoader')}
  0x000001b0be9727b4: 8bda 48b8 | 8018 17e7 | b001 0000 | 4883 8010 | 0100 0001 | 4c8b c148 | 8bc2 488b | d048 8944 
  0x000001b0be9727d4: ;   {optimized virtual_call}
  0x000001b0be9727d4: 2440 90e8 

  0x000001b0be9727d8: ; ImmutableOopMap {[64]=Oop [72]=Oop [80]=Oop }
                      ;*invokevirtual getProtectionDomain {reexecute=0 rethrow=0 return_oop=0}
                      ; - java.security.SecureClassLoader::defineClass@9
  0x000001b0be9727d8: 44fd feff 

  0x000001b0be9727dc: ;   {other}
  0x000001b0be9727dc: 0f1f 8400 | 4c02 0000 | 488b 5424 

  0x000001b0be9727e8: ;   {metadata(method data for {method} {0x000001b0d204e0e8} 'defineClass' '(Ljava/lang/String;[BIILjava/security/CodeSource;)Ljava/lang/Class;' in 'java/security/SecureClassLoader')}
  0x000001b0be9727e8: 4049 b880 | 1817 e7b0 | 0100 0049 | 8380 4801 | 0000 014c | 8b44 2448 | 4c8b 4c24 | 508b 7c24 
  0x000001b0be972808: 588b 7424 | 5c48 8bc8 | 488b 5424 

  0x000001b0be972814: ;   {optimized virtual_call}
  0x000001b0be972814: 4066 90e8 

  0x000001b0be972818: ; ImmutableOopMap {}
                      ;*invokevirtual defineClass {reexecute=0 rethrow=0 return_oop=0}
                      ; - java.security.SecureClassLoader::defineClass@12
  0x000001b0be972818: 2415 ffff 

  0x000001b0be97281c: ;   {other}
  0x000001b0be97281c: 0f1f 8400 | 8c02 0001 | 4883 c470 

  0x000001b0be972828: ;   {poll_return}
  0x000001b0be972828: 5d49 3ba7 | 5004 0000 | 0f87 2200 

  0x000001b0be972834: ;   {metadata({method} {0x000001b0d204e0e8} 'defineClass' '(Ljava/lang/String;[BIILjava/security/CodeSource;)Ljava/lang/Class;' in 'java/security/SecureClassLoader')}
  0x000001b0be972834: 0000 c349 | bae0 e004 | d2b0 0100 | 004c 8954 | 2408 48c7 | 0424 ffff 

  0x000001b0be97284c: ;   {runtime_call counter_overflow Runtime1 stub}
  0x000001b0be97284c: ffff e8ad 

  0x000001b0be972850: ; ImmutableOopMap {rdx=Oop r8=Oop r9=Oop rcx=Oop }
                      ;*synchronization entry
                      ; - java.security.SecureClassLoader::defineClass@-1
  0x000001b0be972850: f839 07e9 | 49ff ffff 

  0x000001b0be972858: ;   {internal_word}
  0x000001b0be972858: 49ba 2928 | 97be b001 | 0000 4d89 | 9768 0400 

  0x000001b0be972868: ;   {runtime_call SafepointBlob}
  0x000001b0be972868: 00e9 122c | 2d07 498b | 8700 0500 | 0049 c787 | 0005 0000 | 0000 0000 | 49c7 8708 | 0500 0000 
  0x000001b0be972888: 0000 0048 | 83c4 705d 

  0x000001b0be972890: ;   {runtime_call unwind_exception Runtime1 stub}
  0x000001b0be972890: e96b 9839 | 07f4 f4f4 
[Stub Code]
  0x000001b0be972898: ;   {no_reloc}
  0x000001b0be972898: 48bb 0000 | 0000 0000 

  0x000001b0be9728a0: ;   {runtime_call nmethod}
  0x000001b0be9728a0: 0000 e9fb 

  0x000001b0be9728a4: ;   {static_stub}
  0x000001b0be9728a4: ffff ff48 | bb00 0000 | 0000 0000 

  0x000001b0be9728b0: ;   {runtime_call nmethod}
  0x000001b0be9728b0: 00e9 fbff 

  0x000001b0be9728b4: ;   {runtime_call handle_exception_from_callee Runtime1 stub}
  0x000001b0be9728b4: ffff e845 

  0x000001b0be9728b8: ;   {external_word}
  0x000001b0be9728b8: c539 0748 | b950 6351 | 82fd 7f00 | 0048 83e4 

  0x000001b0be9728c8: ;   {runtime_call}
  0x000001b0be9728c8: f048 b8c0 | c913 82fd | 7f00 00ff 

  0x000001b0be9728d4: ;   {section_word}
  0x000001b0be9728d4: d0f4 49ba | d628 97be | b001 0000 

  0x000001b0be9728e0: ;   {runtime_call DeoptimizationBlob}
  0x000001b0be9728e0: 4152 e939 | 1e2d 07f4 
[/MachCode]


---------------  P R O C E S S  ---------------

Threads class SMR info:
_java_thread_list=0x000001b0ece34440, length=31, elements={
0x000001b0b922b290, 0x000001b0d1a15800, 0x000001b0d1a16f80, 0x000001b0d1a1aeb0,
0x000001b0d1a1b910, 0x000001b0d1a1c4a0, 0x000001b0d1a1cf00, 0x000001b0d1a1dc90,
0x000001b0d1a25ee0, 0x000001b0d1bf94d0, 0x000001b0d1c0d7b0, 0x000001b0ebbb3ee0,
0x000001b0ebb898c0, 0x000001b0ebaafc20, 0x000001b0ecde9780, 0x000001b0ebbf92f0,
0x000001b0ec0c14d0, 0x000001b0ec0c2350, 0x000001b0eb485500, 0x000001b0eb484e70,
0x000001b0eb485b90, 0x000001b0eb482710, 0x000001b0eb482da0, 0x000001b0eb483430,
0x000001b0eb483ac0, 0x000001b0ede3ebd0, 0x000001b0ede3deb0, 0x000001b0ede3b750,
0x000001b0ede3cb00, 0x000001b0ede3e540, 0x000001b0ede3f260
}

Java Threads: ( => current thread )
  0x000001b0b922b290 JavaThread "main"                              [_thread_blocked, id=25576, stack(0x0000000bcce00000,0x0000000bccf00000) (1024K)]
  0x000001b0d1a15800 JavaThread "Reference Handler"          daemon [_thread_blocked, id=36560, stack(0x0000000bcd600000,0x0000000bcd700000) (1024K)]
  0x000001b0d1a16f80 JavaThread "Finalizer"                  daemon [_thread_blocked, id=26580, stack(0x0000000bcd700000,0x0000000bcd800000) (1024K)]
  0x000001b0d1a1aeb0 JavaThread "Signal Dispatcher"          daemon [_thread_blocked, id=7156, stack(0x0000000bcd800000,0x0000000bcd900000) (1024K)]
  0x000001b0d1a1b910 JavaThread "Attach Listener"            daemon [_thread_blocked, id=21120, stack(0x0000000bcd900000,0x0000000bcda00000) (1024K)]
  0x000001b0d1a1c4a0 JavaThread "Service Thread"             daemon [_thread_blocked, id=16916, stack(0x0000000bcda00000,0x0000000bcdb00000) (1024K)]
  0x000001b0d1a1cf00 JavaThread "Monitor Deflation Thread"   daemon [_thread_blocked, id=26620, stack(0x0000000bcdb00000,0x0000000bcdc00000) (1024K)]
  0x000001b0d1a1dc90 JavaThread "C2 CompilerThread0"         daemon [_thread_blocked, id=30740, stack(0x0000000bcdc00000,0x0000000bcdd00000) (1024K)]
  0x000001b0d1a25ee0 JavaThread "C1 CompilerThread0"         daemon [_thread_blocked, id=33388, stack(0x0000000bcdd00000,0x0000000bcde00000) (1024K)]
  0x000001b0d1bf94d0 JavaThread "Common-Cleaner"             daemon [_thread_blocked, id=22520, stack(0x0000000bce100000,0x0000000bce200000) (1024K)]
  0x000001b0d1c0d7b0 JavaThread "Notification Thread"        daemon [_thread_blocked, id=28992, stack(0x0000000bce200000,0x0000000bce300000) (1024K)]
  0x000001b0ebbb3ee0 JavaThread "Daemon health stats"               [_thread_blocked, id=18740, stack(0x0000000bce000000,0x0000000bce100000) (1024K)]
  0x000001b0ebb898c0 JavaThread "Incoming local TCP Connector on port 50050"        [_thread_in_native, id=29436, stack(0x0000000bce400000,0x0000000bce500000) (1024K)]
  0x000001b0ebaafc20 JavaThread "Daemon periodic checks"            [_thread_blocked, id=32088, stack(0x0000000bce300000,0x0000000bce400000) (1024K)]
  0x000001b0ecde9780 JavaThread "Daemon"                            [_thread_blocked, id=25088, stack(0x0000000bccc00000,0x0000000bccd00000) (1024K)]
  0x000001b0ebbf92f0 JavaThread "Handler for socket connection from /127.0.0.1:50050 to /127.0.0.1:50175"        [_thread_in_native, id=36572, stack(0x0000000bcdf00000,0x0000000bce000000) (1024K)]
  0x000001b0ec0c14d0 JavaThread "Cancel handler"                    [_thread_blocked, id=16452, stack(0x0000000bcea00000,0x0000000bceb00000) (1024K)]
=>0x000001b0ec0c2350 JavaThread "Daemon worker"                     [_thread_in_vm, id=30296, stack(0x0000000bceb00000,0x0000000bcec00000) (1024K)]
  0x000001b0eb485500 JavaThread "Asynchronous log dispatcher for DefaultDaemonConnection: socket connection from /127.0.0.1:50050 to /127.0.0.1:50175"        [_thread_blocked, id=36588, stack(0x0000000bcec00000,0x0000000bced00000) (1024K)]
  0x000001b0eb484e70 JavaThread "Stdin handler"                     [_thread_blocked, id=28788, stack(0x0000000bced00000,0x0000000bcee00000) (1024K)]
  0x000001b0eb485b90 JavaThread "Daemon client event forwarder"        [_thread_blocked, id=36740, stack(0x0000000bcee00000,0x0000000bcef00000) (1024K)]
  0x000001b0eb482710 JavaThread "Cache worker for journal cache (C:\Users\chae0\.gradle\caches\journal-1)"        [_thread_blocked, id=23700, stack(0x0000000bcf000000,0x0000000bcf100000) (1024K)]
  0x000001b0eb482da0 JavaThread "File lock request listener"        [_thread_blocked, id=3376, stack(0x0000000bcf100000,0x0000000bcf200000) (1024K)]
  0x000001b0eb483430 JavaThread "File lock release action executor"        [_thread_blocked, id=30412, stack(0x0000000bcf200000,0x0000000bcf300000) (1024K)]
  0x000001b0eb483ac0 JavaThread "Cache worker for file hash cache (C:\Users\chae0\.gradle\caches\9.4.1\fileHashes)"        [_thread_blocked, id=29200, stack(0x0000000bcf300000,0x0000000bcf400000) (1024K)]
  0x000001b0ede3ebd0 JavaThread "Cache worker for file hash cache (C:\qring-backend\.gradle\9.4.1\fileHashes)"        [_thread_blocked, id=31676, stack(0x0000000bcfc00000,0x0000000bcfd00000) (1024K)]
  0x000001b0ede3deb0 JavaThread "Cache worker for Build Output Cleanup Cache (C:\qring-backend\.gradle\buildOutputCleanup)"        [_thread_blocked, id=28568, stack(0x0000000bcfd00000,0x0000000bcfe00000) (1024K)]
  0x000001b0ede3b750 JavaThread "File watcher server"        daemon [_thread_in_native, id=32052, stack(0x0000000bccb00000,0x0000000bccc00000) (1024K)]
  0x000001b0ede3cb00 JavaThread "File watcher consumer"      daemon [_thread_blocked, id=36436, stack(0x0000000bccd00000,0x0000000bcce00000) (1024K)]
  0x000001b0ede3e540 JavaThread "Cache worker for file content cache (C:\Users\chae0\.gradle\caches\9.4.1\fileContent)"        [_thread_blocked, id=28828, stack(0x0000000bcfb00000,0x0000000bcfc00000) (1024K)]
  0x000001b0ede3f260 JavaThread "Cache worker for checksums cache (C:\qring-backend\.gradle\9.4.1\checksums)"        [_thread_blocked, id=17652, stack(0x0000000bcfe00000,0x0000000bcff00000) (1024K)]
Total: 31

Other Threads:
  0x000001b0d19ef390 VMThread "VM Thread"                           [id=6668, stack(0x0000000bcd500000,0x0000000bcd600000) (1024K)] _threads_hazard_ptr=0x000001b0ece34440
  0x000001b0d19e2250 WatcherThread "VM Periodic Task Thread"        [id=29380, stack(0x0000000bcd400000,0x0000000bcd500000) (1024K)]
  0x000001b0bb5cdd50 WorkerThread "GC Thread#0"                     [id=30136, stack(0x0000000bccf00000,0x0000000bcd000000) (1024K)]
  0x000001b0eba9a6d0 WorkerThread "GC Thread#1"                     [id=34004, stack(0x0000000bce500000,0x0000000bce600000) (1024K)]
  0x000001b0ebc940b0 WorkerThread "GC Thread#2"                     [id=35296, stack(0x0000000bce600000,0x0000000bce700000) (1024K)]
  0x000001b0ebc94460 WorkerThread "GC Thread#3"                     [id=14400, stack(0x0000000bce700000,0x0000000bce800000) (1024K)]
  0x000001b0ebc94810 WorkerThread "GC Thread#4"                     [id=32972, stack(0x0000000bce800000,0x0000000bce900000) (1024K)]
  0x000001b0ebd510d0 WorkerThread "GC Thread#5"                     [id=33024, stack(0x0000000bce900000,0x0000000bcea00000) (1024K)]
  0x000001b0ebb60370 WorkerThread "GC Thread#6"                     [id=37088, stack(0x0000000bcde00000,0x0000000bcdf00000) (1024K)]
  0x000001b0ebb5ffc0 WorkerThread "GC Thread#7"                     [id=37092, stack(0x0000000bcef00000,0x0000000bcf000000) (1024K)]
  0x000001b0ed3d2f10 WorkerThread "GC Thread#8"                     [id=37096, stack(0x0000000bcf400000,0x0000000bcf500000) (1024K)]
  0x000001b0ed3d32c0 WorkerThread "GC Thread#9"                     [id=37100, stack(0x0000000bcf500000,0x0000000bcf600000) (1024K)]
  0x000001b0ed3cfb70 WorkerThread "GC Thread#10"                    [id=37104, stack(0x0000000bcf600000,0x0000000bcf700000) (1024K)]
  0x000001b0ed3d2050 WorkerThread "GC Thread#11"                    [id=37108, stack(0x0000000bcf700000,0x0000000bcf800000) (1024K)]
  0x000001b0ed3d1ca0 WorkerThread "GC Thread#12"                    [id=37112, stack(0x0000000bcf800000,0x0000000bcf900000) (1024K)]
  0x000001b0bb5d2c50 ConcurrentGCThread "G1 Main Marker"            [id=15440, stack(0x0000000bcd000000,0x0000000bcd100000) (1024K)]
  0x000001b0bb5d3670 WorkerThread "G1 Conc#0"                       [id=33812, stack(0x0000000bcd100000,0x0000000bcd200000) (1024K)]
  0x000001b0ed3d0de0 WorkerThread "G1 Conc#1"                       [id=37708, stack(0x0000000bcf900000,0x0000000bcfa00000) (1024K)]
  0x000001b0ed3cff20 WorkerThread "G1 Conc#2"                       [id=37712, stack(0x0000000bcfa00000,0x0000000bcfb00000) (1024K)]
  0x000001b0d18ad640 ConcurrentGCThread "G1 Refine#0"               [id=22208, stack(0x0000000bcd200000,0x0000000bcd300000) (1024K)]
  0x000001b0d18ae0d0 ConcurrentGCThread "G1 Service"                [id=31868, stack(0x0000000bcd300000,0x0000000bcd400000) (1024K)]
Total: 21

Threads with active compile tasks:
Total: 0

VM state: synchronizing (normal execution)

VM Mutex/Monitor currently owned by a thread:  ([mutex/lock_event])
[0x00007ffd827cd530] Metaspace_lock - owner thread: 0x000001b0ec0c2350
[0x00007ffd827cf5b0] Threads_lock - owner thread: 0x000001b0d19ef390

Heap address: 0x00000000e0000000, size: 512 MB, Compressed Oops mode: 32-bit

CDS archive(s) mapped at: [0x000001b0d2000000-0x000001b0d2ba0000-0x000001b0d2ba0000), size 12189696, SharedBaseAddress: 0x000001b0d2000000, ArchiveRelocationMode: 1.
Compressed class space mapped at: 0x000001b0d3000000-0x000001b0e7000000, reserved size: 335544320
Narrow klass base: 0x000001b0d2000000, Narrow klass shift: 0, Narrow klass range: 0x100000000

GC Precious Log:
 CardTable entry size: 512
 Card Set container configuration: InlinePtr #cards 5 size 8 Array Of Cards #cards 12 size 40 Howl #buckets 4 coarsen threshold 1843 Howl Bitmap #cards 512 size 80 coarsen threshold 460 Card regions per heap region 1 cards per card region 2048
 CPUs: 16 total, 16 available
 Memory: 16066M
 Large Page Support: Disabled
 NUMA Support: Disabled
 Compressed Oops: Enabled (32-bit)
 Heap Region Size: 1M
 Heap Min Capacity: 256M
 Heap Initial Capacity: 256M
 Heap Max Capacity: 512M
 Pre-touch: Disabled
 Parallel Workers: 13
 Concurrent Workers: 3
 Concurrent Refinement Workers: 13
 Periodic GC: Disabled

Heap:
 garbage-first heap   total 262144K, used 106329K [0x00000000e0000000, 0x0000000100000000)
  region size 1024K, 90 young (92160K), 9 survivors (9216K)
 Metaspace       used 31228K, committed 32384K, reserved 393216K
  class space    used 4544K, committed 5120K, reserved 327680K

Heap Regions: E=young(eden), S=young(survivor), O=old, HS=humongous(starts), HC=humongous(continues), CS=collection set, F=free, TAMS=top-at-mark-start, PB=parsable bottom
|   0|0x00000000e0000000, 0x00000000e0100000, 0x00000000e0100000|100%|HS|  |TAMS 0x00000000e0000000| PB 0x00000000e0000000| Complete 
|   1|0x00000000e0100000, 0x00000000e0200000, 0x00000000e0200000|100%|HC|  |TAMS 0x00000000e0100000| PB 0x00000000e0100000| Complete 
|   2|0x00000000e0200000, 0x00000000e0300000, 0x00000000e0300000|100%|HC|  |TAMS 0x00000000e0200000| PB 0x00000000e0200000| Complete 
|   3|0x00000000e0300000, 0x00000000e0400000, 0x00000000e0400000|100%|HC|  |TAMS 0x00000000e0300000| PB 0x00000000e0300000| Complete 
|   4|0x00000000e0400000, 0x00000000e0500000, 0x00000000e0500000|100%| O|  |TAMS 0x00000000e0400000| PB 0x00000000e0400000| Untracked 
|   5|0x00000000e0500000, 0x00000000e0600000, 0x00000000e0600000|100%| O|  |TAMS 0x00000000e0500000| PB 0x00000000e0500000| Untracked 
|   6|0x00000000e0600000, 0x00000000e0700000, 0x00000000e0700000|100%| O|  |TAMS 0x00000000e0600000| PB 0x00000000e0600000| Untracked 
|   7|0x00000000e0700000, 0x00000000e0800000, 0x00000000e0800000|100%| O|Cm|TAMS 0x00000000e0700000| PB 0x00000000e0700000| Complete 
|   8|0x00000000e0800000, 0x00000000e0900000, 0x00000000e0900000|100%|HS|  |TAMS 0x00000000e0800000| PB 0x00000000e0800000| Complete 
|   9|0x00000000e0900000, 0x00000000e0a00000, 0x00000000e0a00000|100%|HS|  |TAMS 0x00000000e0900000| PB 0x00000000e0900000| Complete 
|  10|0x00000000e0a00000, 0x00000000e0b00000, 0x00000000e0b00000|100%| O|  |TAMS 0x00000000e0a00000| PB 0x00000000e0a00000| Untracked 
|  11|0x00000000e0b00000, 0x00000000e0c00000, 0x00000000e0c00000|100%| O|  |TAMS 0x00000000e0b00000| PB 0x00000000e0b00000| Untracked 
|  12|0x00000000e0c00000, 0x00000000e0d00000, 0x00000000e0d00000|100%| O|  |TAMS 0x00000000e0c00000| PB 0x00000000e0c00000| Untracked 
|  13|0x00000000e0d00000, 0x00000000e0d00000, 0x00000000e0e00000|  0%| F|  |TAMS 0x00000000e0d00000| PB 0x00000000e0d00000| Untracked 
|  14|0x00000000e0e00000, 0x00000000e0f00000, 0x00000000e0f00000|100%| O|  |TAMS 0x00000000e0e00000| PB 0x00000000e0e00000| Untracked 
|  15|0x00000000e0f00000, 0x00000000e1000000, 0x00000000e1000000|100%| O|  |TAMS 0x00000000e0f00000| PB 0x00000000e0f00000| Untracked 
|  16|0x00000000e1000000, 0x00000000e10fd060, 0x00000000e1100000| 98%| O|  |TAMS 0x00000000e1000000| PB 0x00000000e1000000| Untracked 
|  17|0x00000000e1100000, 0x00000000e1100000, 0x00000000e1200000|  0%| F|  |TAMS 0x00000000e1100000| PB 0x00000000e1100000| Untracked 
|  18|0x00000000e1200000, 0x00000000e1200000, 0x00000000e1300000|  0%| F|  |TAMS 0x00000000e1200000| PB 0x00000000e1200000| Untracked 
|  19|0x00000000e1300000, 0x00000000e1300000, 0x00000000e1400000|  0%| F|  |TAMS 0x00000000e1300000| PB 0x00000000e1300000| Untracked 
|  20|0x00000000e1400000, 0x00000000e1400000, 0x00000000e1500000|  0%| F|  |TAMS 0x00000000e1400000| PB 0x00000000e1400000| Untracked 
|  21|0x00000000e1500000, 0x00000000e1500000, 0x00000000e1600000|  0%| F|  |TAMS 0x00000000e1500000| PB 0x00000000e1500000| Untracked 
|  22|0x00000000e1600000, 0x00000000e1600000, 0x00000000e1700000|  0%| F|  |TAMS 0x00000000e1600000| PB 0x00000000e1600000| Untracked 
|  23|0x00000000e1700000, 0x00000000e1700000, 0x00000000e1800000|  0%| F|  |TAMS 0x00000000e1700000| PB 0x00000000e1700000| Untracked 
|  24|0x00000000e1800000, 0x00000000e1800000, 0x00000000e1900000|  0%| F|  |TAMS 0x00000000e1800000| PB 0x00000000e1800000| Untracked 
|  25|0x00000000e1900000, 0x00000000e1900000, 0x00000000e1a00000|  0%| F|  |TAMS 0x00000000e1900000| PB 0x00000000e1900000| Untracked 
|  26|0x00000000e1a00000, 0x00000000e1a00000, 0x00000000e1b00000|  0%| F|  |TAMS 0x00000000e1a00000| PB 0x00000000e1a00000| Untracked 
|  27|0x00000000e1b00000, 0x00000000e1b00000, 0x00000000e1c00000|  0%| F|  |TAMS 0x00000000e1b00000| PB 0x00000000e1b00000| Untracked 
|  28|0x00000000e1c00000, 0x00000000e1c00000, 0x00000000e1d00000|  0%| F|  |TAMS 0x00000000e1c00000| PB 0x00000000e1c00000| Untracked 
|  29|0x00000000e1d00000, 0x00000000e1d00000, 0x00000000e1e00000|  0%| F|  |TAMS 0x00000000e1d00000| PB 0x00000000e1d00000| Untracked 
|  30|0x00000000e1e00000, 0x00000000e1e00000, 0x00000000e1f00000|  0%| F|  |TAMS 0x00000000e1e00000| PB 0x00000000e1e00000| Untracked 
|  31|0x00000000e1f00000, 0x00000000e1f00000, 0x00000000e2000000|  0%| F|  |TAMS 0x00000000e1f00000| PB 0x00000000e1f00000| Untracked 
|  32|0x00000000e2000000, 0x00000000e2000000, 0x00000000e2100000|  0%| F|  |TAMS 0x00000000e2000000| PB 0x00000000e2000000| Untracked 
|  33|0x00000000e2100000, 0x00000000e2100000, 0x00000000e2200000|  0%| F|  |TAMS 0x00000000e2100000| PB 0x00000000e2100000| Untracked 
|  34|0x00000000e2200000, 0x00000000e2200000, 0x00000000e2300000|  0%| F|  |TAMS 0x00000000e2200000| PB 0x00000000e2200000| Untracked 
|  35|0x00000000e2300000, 0x00000000e2300000, 0x00000000e2400000|  0%| F|  |TAMS 0x00000000e2300000| PB 0x00000000e2300000| Untracked 
|  36|0x00000000e2400000, 0x00000000e2400000, 0x00000000e2500000|  0%| F|  |TAMS 0x00000000e2400000| PB 0x00000000e2400000| Untracked 
|  37|0x00000000e2500000, 0x00000000e2500000, 0x00000000e2600000|  0%| F|  |TAMS 0x00000000e2500000| PB 0x00000000e2500000| Untracked 
|  38|0x00000000e2600000, 0x00000000e2600000, 0x00000000e2700000|  0%| F|  |TAMS 0x00000000e2600000| PB 0x00000000e2600000| Untracked 
|  39|0x00000000e2700000, 0x00000000e2700000, 0x00000000e2800000|  0%| F|  |TAMS 0x00000000e2700000| PB 0x00000000e2700000| Untracked 
|  40|0x00000000e2800000, 0x00000000e2800000, 0x00000000e2900000|  0%| F|  |TAMS 0x00000000e2800000| PB 0x00000000e2800000| Untracked 
|  41|0x00000000e2900000, 0x00000000e2900000, 0x00000000e2a00000|  0%| F|  |TAMS 0x00000000e2900000| PB 0x00000000e2900000| Untracked 
|  42|0x00000000e2a00000, 0x00000000e2a00000, 0x00000000e2b00000|  0%| F|  |TAMS 0x00000000e2a00000| PB 0x00000000e2a00000| Untracked 
|  43|0x00000000e2b00000, 0x00000000e2b00000, 0x00000000e2c00000|  0%| F|  |TAMS 0x00000000e2b00000| PB 0x00000000e2b00000| Untracked 
|  44|0x00000000e2c00000, 0x00000000e2c00000, 0x00000000e2d00000|  0%| F|  |TAMS 0x00000000e2c00000| PB 0x00000000e2c00000| Untracked 
|  45|0x00000000e2d00000, 0x00000000e2d00000, 0x00000000e2e00000|  0%| F|  |TAMS 0x00000000e2d00000| PB 0x00000000e2d00000| Untracked 
|  46|0x00000000e2e00000, 0x00000000e2e00000, 0x00000000e2f00000|  0%| F|  |TAMS 0x00000000e2e00000| PB 0x00000000e2e00000| Untracked 
|  47|0x00000000e2f00000, 0x00000000e2f00000, 0x00000000e3000000|  0%| F|  |TAMS 0x00000000e2f00000| PB 0x00000000e2f00000| Untracked 
|  48|0x00000000e3000000, 0x00000000e3000000, 0x00000000e3100000|  0%| F|  |TAMS 0x00000000e3000000| PB 0x00000000e3000000| Untracked 
|  49|0x00000000e3100000, 0x00000000e3100000, 0x00000000e3200000|  0%| F|  |TAMS 0x00000000e3100000| PB 0x00000000e3100000| Untracked 
|  50|0x00000000e3200000, 0x00000000e3200000, 0x00000000e3300000|  0%| F|  |TAMS 0x00000000e3200000| PB 0x00000000e3200000| Untracked 
|  51|0x00000000e3300000, 0x00000000e3300000, 0x00000000e3400000|  0%| F|  |TAMS 0x00000000e3300000| PB 0x00000000e3300000| Untracked 
|  52|0x00000000e3400000, 0x00000000e3400000, 0x00000000e3500000|  0%| F|  |TAMS 0x00000000e3400000| PB 0x00000000e3400000| Untracked 
|  53|0x00000000e3500000, 0x00000000e3500000, 0x00000000e3600000|  0%| F|  |TAMS 0x00000000e3500000| PB 0x00000000e3500000| Untracked 
|  54|0x00000000e3600000, 0x00000000e3600000, 0x00000000e3700000|  0%| F|  |TAMS 0x00000000e3600000| PB 0x00000000e3600000| Untracked 
|  55|0x00000000e3700000, 0x00000000e3700000, 0x00000000e3800000|  0%| F|  |TAMS 0x00000000e3700000| PB 0x00000000e3700000| Untracked 
|  56|0x00000000e3800000, 0x00000000e3800000, 0x00000000e3900000|  0%| F|  |TAMS 0x00000000e3800000| PB 0x00000000e3800000| Untracked 
|  57|0x00000000e3900000, 0x00000000e3900000, 0x00000000e3a00000|  0%| F|  |TAMS 0x00000000e3900000| PB 0x00000000e3900000| Untracked 
|  58|0x00000000e3a00000, 0x00000000e3a00000, 0x00000000e3b00000|  0%| F|  |TAMS 0x00000000e3a00000| PB 0x00000000e3a00000| Untracked 
|  59|0x00000000e3b00000, 0x00000000e3b00000, 0x00000000e3c00000|  0%| F|  |TAMS 0x00000000e3b00000| PB 0x00000000e3b00000| Untracked 
|  60|0x00000000e3c00000, 0x00000000e3c00000, 0x00000000e3d00000|  0%| F|  |TAMS 0x00000000e3c00000| PB 0x00000000e3c00000| Untracked 
|  61|0x00000000e3d00000, 0x00000000e3d00000, 0x00000000e3e00000|  0%| F|  |TAMS 0x00000000e3d00000| PB 0x00000000e3d00000| Untracked 
|  62|0x00000000e3e00000, 0x00000000e3e00000, 0x00000000e3f00000|  0%| F|  |TAMS 0x00000000e3e00000| PB 0x00000000e3e00000| Untracked 
|  63|0x00000000e3f00000, 0x00000000e3f00000, 0x00000000e4000000|  0%| F|  |TAMS 0x00000000e3f00000| PB 0x00000000e3f00000| Untracked 
|  64|0x00000000e4000000, 0x00000000e4000000, 0x00000000e4100000|  0%| F|  |TAMS 0x00000000e4000000| PB 0x00000000e4000000| Untracked 
|  65|0x00000000e4100000, 0x00000000e4100000, 0x00000000e4200000|  0%| F|  |TAMS 0x00000000e4100000| PB 0x00000000e4100000| Untracked 
|  66|0x00000000e4200000, 0x00000000e4200000, 0x00000000e4300000|  0%| F|  |TAMS 0x00000000e4200000| PB 0x00000000e4200000| Untracked 
|  67|0x00000000e4300000, 0x00000000e4300000, 0x00000000e4400000|  0%| F|  |TAMS 0x00000000e4300000| PB 0x00000000e4300000| Untracked 
|  68|0x00000000e4400000, 0x00000000e4400000, 0x00000000e4500000|  0%| F|  |TAMS 0x00000000e4400000| PB 0x00000000e4400000| Untracked 
|  69|0x00000000e4500000, 0x00000000e4500000, 0x00000000e4600000|  0%| F|  |TAMS 0x00000000e4500000| PB 0x00000000e4500000| Untracked 
|  70|0x00000000e4600000, 0x00000000e4600000, 0x00000000e4700000|  0%| F|  |TAMS 0x00000000e4600000| PB 0x00000000e4600000| Untracked 
|  71|0x00000000e4700000, 0x00000000e4700000, 0x00000000e4800000|  0%| F|  |TAMS 0x00000000e4700000| PB 0x00000000e4700000| Untracked 
|  72|0x00000000e4800000, 0x00000000e4800000, 0x00000000e4900000|  0%| F|  |TAMS 0x00000000e4800000| PB 0x00000000e4800000| Untracked 
|  73|0x00000000e4900000, 0x00000000e4900000, 0x00000000e4a00000|  0%| F|  |TAMS 0x00000000e4900000| PB 0x00000000e4900000| Untracked 
|  74|0x00000000e4a00000, 0x00000000e4a00000, 0x00000000e4b00000|  0%| F|  |TAMS 0x00000000e4a00000| PB 0x00000000e4a00000| Untracked 
|  75|0x00000000e4b00000, 0x00000000e4b00000, 0x00000000e4c00000|  0%| F|  |TAMS 0x00000000e4b00000| PB 0x00000000e4b00000| Untracked 
|  76|0x00000000e4c00000, 0x00000000e4c00000, 0x00000000e4d00000|  0%| F|  |TAMS 0x00000000e4c00000| PB 0x00000000e4c00000| Untracked 
|  77|0x00000000e4d00000, 0x00000000e4d00000, 0x00000000e4e00000|  0%| F|  |TAMS 0x00000000e4d00000| PB 0x00000000e4d00000| Untracked 
|  78|0x00000000e4e00000, 0x00000000e4e00000, 0x00000000e4f00000|  0%| F|  |TAMS 0x00000000e4e00000| PB 0x00000000e4e00000| Untracked 
|  79|0x00000000e4f00000, 0x00000000e4f00000, 0x00000000e5000000|  0%| F|  |TAMS 0x00000000e4f00000| PB 0x00000000e4f00000| Untracked 
|  80|0x00000000e5000000, 0x00000000e5000000, 0x00000000e5100000|  0%| F|  |TAMS 0x00000000e5000000| PB 0x00000000e5000000| Untracked 
|  81|0x00000000e5100000, 0x00000000e5100000, 0x00000000e5200000|  0%| F|  |TAMS 0x00000000e5100000| PB 0x00000000e5100000| Untracked 
|  82|0x00000000e5200000, 0x00000000e5200000, 0x00000000e5300000|  0%| F|  |TAMS 0x00000000e5200000| PB 0x00000000e5200000| Untracked 
|  83|0x00000000e5300000, 0x00000000e5300000, 0x00000000e5400000|  0%| F|  |TAMS 0x00000000e5300000| PB 0x00000000e5300000| Untracked 
|  84|0x00000000e5400000, 0x00000000e5400000, 0x00000000e5500000|  0%| F|  |TAMS 0x00000000e5400000| PB 0x00000000e5400000| Untracked 
|  85|0x00000000e5500000, 0x00000000e5500000, 0x00000000e5600000|  0%| F|  |TAMS 0x00000000e5500000| PB 0x00000000e5500000| Untracked 
|  86|0x00000000e5600000, 0x00000000e5600000, 0x00000000e5700000|  0%| F|  |TAMS 0x00000000e5600000| PB 0x00000000e5600000| Untracked 
|  87|0x00000000e5700000, 0x00000000e5700000, 0x00000000e5800000|  0%| F|  |TAMS 0x00000000e5700000| PB 0x00000000e5700000| Untracked 
|  88|0x00000000e5800000, 0x00000000e5800000, 0x00000000e5900000|  0%| F|  |TAMS 0x00000000e5800000| PB 0x00000000e5800000| Untracked 
|  89|0x00000000e5900000, 0x00000000e5900000, 0x00000000e5a00000|  0%| F|  |TAMS 0x00000000e5900000| PB 0x00000000e5900000| Untracked 
|  90|0x00000000e5a00000, 0x00000000e5a00000, 0x00000000e5b00000|  0%| F|  |TAMS 0x00000000e5a00000| PB 0x00000000e5a00000| Untracked 
|  91|0x00000000e5b00000, 0x00000000e5b00000, 0x00000000e5c00000|  0%| F|  |TAMS 0x00000000e5b00000| PB 0x00000000e5b00000| Untracked 
|  92|0x00000000e5c00000, 0x00000000e5c00000, 0x00000000e5d00000|  0%| F|  |TAMS 0x00000000e5c00000| PB 0x00000000e5c00000| Untracked 
|  93|0x00000000e5d00000, 0x00000000e5d00000, 0x00000000e5e00000|  0%| F|  |TAMS 0x00000000e5d00000| PB 0x00000000e5d00000| Untracked 
|  94|0x00000000e5e00000, 0x00000000e5e00000, 0x00000000e5f00000|  0%| F|  |TAMS 0x00000000e5e00000| PB 0x00000000e5e00000| Untracked 
|  95|0x00000000e5f00000, 0x00000000e5f00000, 0x00000000e6000000|  0%| F|  |TAMS 0x00000000e5f00000| PB 0x00000000e5f00000| Untracked 
|  96|0x00000000e6000000, 0x00000000e6000000, 0x00000000e6100000|  0%| F|  |TAMS 0x00000000e6000000| PB 0x00000000e6000000| Untracked 
|  97|0x00000000e6100000, 0x00000000e6100000, 0x00000000e6200000|  0%| F|  |TAMS 0x00000000e6100000| PB 0x00000000e6100000| Untracked 
|  98|0x00000000e6200000, 0x00000000e6200000, 0x00000000e6300000|  0%| F|  |TAMS 0x00000000e6200000| PB 0x00000000e6200000| Untracked 
|  99|0x00000000e6300000, 0x00000000e6300000, 0x00000000e6400000|  0%| F|  |TAMS 0x00000000e6300000| PB 0x00000000e6300000| Untracked 
| 100|0x00000000e6400000, 0x00000000e6400000, 0x00000000e6500000|  0%| F|  |TAMS 0x00000000e6400000| PB 0x00000000e6400000| Untracked 
| 101|0x00000000e6500000, 0x00000000e6500000, 0x00000000e6600000|  0%| F|  |TAMS 0x00000000e6500000| PB 0x00000000e6500000| Untracked 
| 102|0x00000000e6600000, 0x00000000e6600000, 0x00000000e6700000|  0%| F|  |TAMS 0x00000000e6600000| PB 0x00000000e6600000| Untracked 
| 103|0x00000000e6700000, 0x00000000e6700000, 0x00000000e6800000|  0%| F|  |TAMS 0x00000000e6700000| PB 0x00000000e6700000| Untracked 
| 104|0x00000000e6800000, 0x00000000e6800000, 0x00000000e6900000|  0%| F|  |TAMS 0x00000000e6800000| PB 0x00000000e6800000| Untracked 
| 105|0x00000000e6900000, 0x00000000e6900000, 0x00000000e6a00000|  0%| F|  |TAMS 0x00000000e6900000| PB 0x00000000e6900000| Untracked 
| 106|0x00000000e6a00000, 0x00000000e6a00000, 0x00000000e6b00000|  0%| F|  |TAMS 0x00000000e6a00000| PB 0x00000000e6a00000| Untracked 
| 107|0x00000000e6b00000, 0x00000000e6b00000, 0x00000000e6c00000|  0%| F|  |TAMS 0x00000000e6b00000| PB 0x00000000e6b00000| Untracked 
| 108|0x00000000e6c00000, 0x00000000e6c00000, 0x00000000e6d00000|  0%| F|  |TAMS 0x00000000e6c00000| PB 0x00000000e6c00000| Untracked 
| 109|0x00000000e6d00000, 0x00000000e6d00000, 0x00000000e6e00000|  0%| F|  |TAMS 0x00000000e6d00000| PB 0x00000000e6d00000| Untracked 
| 110|0x00000000e6e00000, 0x00000000e6e00000, 0x00000000e6f00000|  0%| F|  |TAMS 0x00000000e6e00000| PB 0x00000000e6e00000| Untracked 
| 111|0x00000000e6f00000, 0x00000000e6f00000, 0x00000000e7000000|  0%| F|  |TAMS 0x00000000e6f00000| PB 0x00000000e6f00000| Untracked 
| 112|0x00000000e7000000, 0x00000000e7000000, 0x00000000e7100000|  0%| F|  |TAMS 0x00000000e7000000| PB 0x00000000e7000000| Untracked 
| 113|0x00000000e7100000, 0x00000000e7100000, 0x00000000e7200000|  0%| F|  |TAMS 0x00000000e7100000| PB 0x00000000e7100000| Untracked 
| 114|0x00000000e7200000, 0x00000000e7200000, 0x00000000e7300000|  0%| F|  |TAMS 0x00000000e7200000| PB 0x00000000e7200000| Untracked 
| 115|0x00000000e7300000, 0x00000000e7300000, 0x00000000e7400000|  0%| F|  |TAMS 0x00000000e7300000| PB 0x00000000e7300000| Untracked 
| 116|0x00000000e7400000, 0x00000000e7400000, 0x00000000e7500000|  0%| F|  |TAMS 0x00000000e7400000| PB 0x00000000e7400000| Untracked 
| 117|0x00000000e7500000, 0x00000000e7500000, 0x00000000e7600000|  0%| F|  |TAMS 0x00000000e7500000| PB 0x00000000e7500000| Untracked 
| 118|0x00000000e7600000, 0x00000000e7600000, 0x00000000e7700000|  0%| F|  |TAMS 0x00000000e7600000| PB 0x00000000e7600000| Untracked 
| 119|0x00000000e7700000, 0x00000000e7700000, 0x00000000e7800000|  0%| F|  |TAMS 0x00000000e7700000| PB 0x00000000e7700000| Untracked 
| 120|0x00000000e7800000, 0x00000000e7800000, 0x00000000e7900000|  0%| F|  |TAMS 0x00000000e7800000| PB 0x00000000e7800000| Untracked 
| 121|0x00000000e7900000, 0x00000000e7900000, 0x00000000e7a00000|  0%| F|  |TAMS 0x00000000e7900000| PB 0x00000000e7900000| Untracked 
| 122|0x00000000e7a00000, 0x00000000e7a00000, 0x00000000e7b00000|  0%| F|  |TAMS 0x00000000e7a00000| PB 0x00000000e7a00000| Untracked 
| 123|0x00000000e7b00000, 0x00000000e7b00000, 0x00000000e7c00000|  0%| F|  |TAMS 0x00000000e7b00000| PB 0x00000000e7b00000| Untracked 
| 124|0x00000000e7c00000, 0x00000000e7c00000, 0x00000000e7d00000|  0%| F|  |TAMS 0x00000000e7c00000| PB 0x00000000e7c00000| Untracked 
| 125|0x00000000e7d00000, 0x00000000e7d00000, 0x00000000e7e00000|  0%| F|  |TAMS 0x00000000e7d00000| PB 0x00000000e7d00000| Untracked 
| 126|0x00000000e7e00000, 0x00000000e7e00000, 0x00000000e7f00000|  0%| F|  |TAMS 0x00000000e7e00000| PB 0x00000000e7e00000| Untracked 
| 127|0x00000000e7f00000, 0x00000000e7f00000, 0x00000000e8000000|  0%| F|  |TAMS 0x00000000e7f00000| PB 0x00000000e7f00000| Untracked 
| 128|0x00000000e8000000, 0x00000000e8000000, 0x00000000e8100000|  0%| F|  |TAMS 0x00000000e8000000| PB 0x00000000e8000000| Untracked 
| 129|0x00000000e8100000, 0x00000000e8100000, 0x00000000e8200000|  0%| F|  |TAMS 0x00000000e8100000| PB 0x00000000e8100000| Untracked 
| 130|0x00000000e8200000, 0x00000000e8200000, 0x00000000e8300000|  0%| F|  |TAMS 0x00000000e8200000| PB 0x00000000e8200000| Untracked 
| 131|0x00000000e8300000, 0x00000000e8300000, 0x00000000e8400000|  0%| F|  |TAMS 0x00000000e8300000| PB 0x00000000e8300000| Untracked 
| 132|0x00000000e8400000, 0x00000000e8400000, 0x00000000e8500000|  0%| F|  |TAMS 0x00000000e8400000| PB 0x00000000e8400000| Untracked 
| 133|0x00000000e8500000, 0x00000000e8500000, 0x00000000e8600000|  0%| F|  |TAMS 0x00000000e8500000| PB 0x00000000e8500000| Untracked 
| 134|0x00000000e8600000, 0x00000000e8600000, 0x00000000e8700000|  0%| F|  |TAMS 0x00000000e8600000| PB 0x00000000e8600000| Untracked 
| 135|0x00000000e8700000, 0x00000000e8700000, 0x00000000e8800000|  0%| F|  |TAMS 0x00000000e8700000| PB 0x00000000e8700000| Untracked 
| 136|0x00000000e8800000, 0x00000000e8800000, 0x00000000e8900000|  0%| F|  |TAMS 0x00000000e8800000| PB 0x00000000e8800000| Untracked 
| 137|0x00000000e8900000, 0x00000000e8900000, 0x00000000e8a00000|  0%| F|  |TAMS 0x00000000e8900000| PB 0x00000000e8900000| Untracked 
| 138|0x00000000e8a00000, 0x00000000e8a00000, 0x00000000e8b00000|  0%| F|  |TAMS 0x00000000e8a00000| PB 0x00000000e8a00000| Untracked 
| 139|0x00000000e8b00000, 0x00000000e8b00000, 0x00000000e8c00000|  0%| F|  |TAMS 0x00000000e8b00000| PB 0x00000000e8b00000| Untracked 
| 140|0x00000000e8c00000, 0x00000000e8c00000, 0x00000000e8d00000|  0%| F|  |TAMS 0x00000000e8c00000| PB 0x00000000e8c00000| Untracked 
| 141|0x00000000e8d00000, 0x00000000e8d00000, 0x00000000e8e00000|  0%| F|  |TAMS 0x00000000e8d00000| PB 0x00000000e8d00000| Untracked 
| 142|0x00000000e8e00000, 0x00000000e8e00000, 0x00000000e8f00000|  0%| F|  |TAMS 0x00000000e8e00000| PB 0x00000000e8e00000| Untracked 
| 143|0x00000000e8f00000, 0x00000000e8f00000, 0x00000000e9000000|  0%| F|  |TAMS 0x00000000e8f00000| PB 0x00000000e8f00000| Untracked 
| 144|0x00000000e9000000, 0x00000000e9000000, 0x00000000e9100000|  0%| F|  |TAMS 0x00000000e9000000| PB 0x00000000e9000000| Untracked 
| 145|0x00000000e9100000, 0x00000000e9100000, 0x00000000e9200000|  0%| F|  |TAMS 0x00000000e9100000| PB 0x00000000e9100000| Untracked 
| 146|0x00000000e9200000, 0x00000000e9200000, 0x00000000e9300000|  0%| F|  |TAMS 0x00000000e9200000| PB 0x00000000e9200000| Untracked 
| 147|0x00000000e9300000, 0x00000000e9300000, 0x00000000e9400000|  0%| F|  |TAMS 0x00000000e9300000| PB 0x00000000e9300000| Untracked 
| 148|0x00000000e9400000, 0x00000000e9400000, 0x00000000e9500000|  0%| F|  |TAMS 0x00000000e9400000| PB 0x00000000e9400000| Untracked 
| 149|0x00000000e9500000, 0x00000000e9500000, 0x00000000e9600000|  0%| F|  |TAMS 0x00000000e9500000| PB 0x00000000e9500000| Untracked 
| 150|0x00000000e9600000, 0x00000000e9600000, 0x00000000e9700000|  0%| F|  |TAMS 0x00000000e9600000| PB 0x00000000e9600000| Untracked 
| 151|0x00000000e9700000, 0x00000000e9700000, 0x00000000e9800000|  0%| F|  |TAMS 0x00000000e9700000| PB 0x00000000e9700000| Untracked 
| 152|0x00000000e9800000, 0x00000000e9800000, 0x00000000e9900000|  0%| F|  |TAMS 0x00000000e9800000| PB 0x00000000e9800000| Untracked 
| 153|0x00000000e9900000, 0x00000000e9900000, 0x00000000e9a00000|  0%| F|  |TAMS 0x00000000e9900000| PB 0x00000000e9900000| Untracked 
| 154|0x00000000e9a00000, 0x00000000e9a00000, 0x00000000e9b00000|  0%| F|  |TAMS 0x00000000e9a00000| PB 0x00000000e9a00000| Untracked 
| 155|0x00000000e9b00000, 0x00000000e9b00000, 0x00000000e9c00000|  0%| F|  |TAMS 0x00000000e9b00000| PB 0x00000000e9b00000| Untracked 
| 156|0x00000000e9c00000, 0x00000000e9c00000, 0x00000000e9d00000|  0%| F|  |TAMS 0x00000000e9c00000| PB 0x00000000e9c00000| Untracked 
| 157|0x00000000e9d00000, 0x00000000e9d00000, 0x00000000e9e00000|  0%| F|  |TAMS 0x00000000e9d00000| PB 0x00000000e9d00000| Untracked 
| 158|0x00000000e9e00000, 0x00000000e9e00000, 0x00000000e9f00000|  0%| F|  |TAMS 0x00000000e9e00000| PB 0x00000000e9e00000| Untracked 
| 159|0x00000000e9f00000, 0x00000000e9f00000, 0x00000000ea000000|  0%| F|  |TAMS 0x00000000e9f00000| PB 0x00000000e9f00000| Untracked 
| 160|0x00000000ea000000, 0x00000000ea000000, 0x00000000ea100000|  0%| F|  |TAMS 0x00000000ea000000| PB 0x00000000ea000000| Untracked 
| 161|0x00000000ea100000, 0x00000000ea100000, 0x00000000ea200000|  0%| F|  |TAMS 0x00000000ea100000| PB 0x00000000ea100000| Untracked 
| 162|0x00000000ea200000, 0x00000000ea200000, 0x00000000ea300000|  0%| F|  |TAMS 0x00000000ea200000| PB 0x00000000ea200000| Untracked 
| 163|0x00000000ea300000, 0x00000000ea300000, 0x00000000ea400000|  0%| F|  |TAMS 0x00000000ea300000| PB 0x00000000ea300000| Untracked 
| 164|0x00000000ea400000, 0x00000000ea400000, 0x00000000ea500000|  0%| F|  |TAMS 0x00000000ea400000| PB 0x00000000ea400000| Untracked 
| 165|0x00000000ea500000, 0x00000000ea500000, 0x00000000ea600000|  0%| F|  |TAMS 0x00000000ea500000| PB 0x00000000ea500000| Untracked 
| 166|0x00000000ea600000, 0x00000000ea680000, 0x00000000ea700000| 50%| E|  |TAMS 0x00000000ea600000| PB 0x00000000ea600000| Complete 
| 167|0x00000000ea700000, 0x00000000ea800000, 0x00000000ea800000|100%| E|CS|TAMS 0x00000000ea700000| PB 0x00000000ea700000| Complete 
| 168|0x00000000ea800000, 0x00000000ea900000, 0x00000000ea900000|100%| E|CS|TAMS 0x00000000ea800000| PB 0x00000000ea800000| Complete 
| 169|0x00000000ea900000, 0x00000000eaa00000, 0x00000000eaa00000|100%| E|CS|TAMS 0x00000000ea900000| PB 0x00000000ea900000| Complete 
| 170|0x00000000eaa00000, 0x00000000eab00000, 0x00000000eab00000|100%| E|CS|TAMS 0x00000000eaa00000| PB 0x00000000eaa00000| Complete 
| 171|0x00000000eab00000, 0x00000000eac00000, 0x00000000eac00000|100%| E|CS|TAMS 0x00000000eab00000| PB 0x00000000eab00000| Complete 
| 172|0x00000000eac00000, 0x00000000ead00000, 0x00000000ead00000|100%| E|CS|TAMS 0x00000000eac00000| PB 0x00000000eac00000| Complete 
| 173|0x00000000ead00000, 0x00000000eae00000, 0x00000000eae00000|100%| E|CS|TAMS 0x00000000ead00000| PB 0x00000000ead00000| Complete 
| 174|0x00000000eae00000, 0x00000000eaf00000, 0x00000000eaf00000|100%| E|CS|TAMS 0x00000000eae00000| PB 0x00000000eae00000| Complete 
| 175|0x00000000eaf00000, 0x00000000eb000000, 0x00000000eb000000|100%| E|CS|TAMS 0x00000000eaf00000| PB 0x00000000eaf00000| Complete 
| 176|0x00000000eb000000, 0x00000000eb100000, 0x00000000eb100000|100%| E|CS|TAMS 0x00000000eb000000| PB 0x00000000eb000000| Complete 
| 177|0x00000000eb100000, 0x00000000eb200000, 0x00000000eb200000|100%| E|CS|TAMS 0x00000000eb100000| PB 0x00000000eb100000| Complete 
| 178|0x00000000eb200000, 0x00000000eb300000, 0x00000000eb300000|100%| E|CS|TAMS 0x00000000eb200000| PB 0x00000000eb200000| Complete 
| 179|0x00000000eb300000, 0x00000000eb400000, 0x00000000eb400000|100%| E|CS|TAMS 0x00000000eb300000| PB 0x00000000eb300000| Complete 
| 180|0x00000000eb400000, 0x00000000eb500000, 0x00000000eb500000|100%| E|CS|TAMS 0x00000000eb400000| PB 0x00000000eb400000| Complete 
| 181|0x00000000eb500000, 0x00000000eb600000, 0x00000000eb600000|100%| E|CS|TAMS 0x00000000eb500000| PB 0x00000000eb500000| Complete 
| 182|0x00000000eb600000, 0x00000000eb700000, 0x00000000eb700000|100%| E|CS|TAMS 0x00000000eb600000| PB 0x00000000eb600000| Complete 
| 183|0x00000000eb700000, 0x00000000eb800000, 0x00000000eb800000|100%| E|CS|TAMS 0x00000000eb700000| PB 0x00000000eb700000| Complete 
| 184|0x00000000eb800000, 0x00000000eb900000, 0x00000000eb900000|100%| E|CS|TAMS 0x00000000eb800000| PB 0x00000000eb800000| Complete 
| 185|0x00000000eb900000, 0x00000000eba00000, 0x00000000eba00000|100%| E|CS|TAMS 0x00000000eb900000| PB 0x00000000eb900000| Complete 
| 186|0x00000000eba00000, 0x00000000ebb00000, 0x00000000ebb00000|100%| E|CS|TAMS 0x00000000eba00000| PB 0x00000000eba00000| Complete 
| 187|0x00000000ebb00000, 0x00000000ebc00000, 0x00000000ebc00000|100%| E|CS|TAMS 0x00000000ebb00000| PB 0x00000000ebb00000| Complete 
| 188|0x00000000ebc00000, 0x00000000ebd00000, 0x00000000ebd00000|100%| E|CS|TAMS 0x00000000ebc00000| PB 0x00000000ebc00000| Complete 
| 189|0x00000000ebd00000, 0x00000000ebe00000, 0x00000000ebe00000|100%| E|CS|TAMS 0x00000000ebd00000| PB 0x00000000ebd00000| Complete 
| 190|0x00000000ebe00000, 0x00000000ebf00000, 0x00000000ebf00000|100%| E|CS|TAMS 0x00000000ebe00000| PB 0x00000000ebe00000| Complete 
| 191|0x00000000ebf00000, 0x00000000ec000000, 0x00000000ec000000|100%| E|CS|TAMS 0x00000000ebf00000| PB 0x00000000ebf00000| Complete 
| 192|0x00000000ec000000, 0x00000000ec100000, 0x00000000ec100000|100%| E|CS|TAMS 0x00000000ec000000| PB 0x00000000ec000000| Complete 
| 193|0x00000000ec100000, 0x00000000ec200000, 0x00000000ec200000|100%| E|CS|TAMS 0x00000000ec100000| PB 0x00000000ec100000| Complete 
| 194|0x00000000ec200000, 0x00000000ec300000, 0x00000000ec300000|100%| E|CS|TAMS 0x00000000ec200000| PB 0x00000000ec200000| Complete 
| 195|0x00000000ec300000, 0x00000000ec400000, 0x00000000ec400000|100%| E|CS|TAMS 0x00000000ec300000| PB 0x00000000ec300000| Complete 
| 196|0x00000000ec400000, 0x00000000ec500000, 0x00000000ec500000|100%| E|CS|TAMS 0x00000000ec400000| PB 0x00000000ec400000| Complete 
| 197|0x00000000ec500000, 0x00000000ec600000, 0x00000000ec600000|100%| E|CS|TAMS 0x00000000ec500000| PB 0x00000000ec500000| Complete 
| 198|0x00000000ec600000, 0x00000000ec700000, 0x00000000ec700000|100%| E|CS|TAMS 0x00000000ec600000| PB 0x00000000ec600000| Complete 
| 199|0x00000000ec700000, 0x00000000ec800000, 0x00000000ec800000|100%| E|CS|TAMS 0x00000000ec700000| PB 0x00000000ec700000| Complete 
| 200|0x00000000ec800000, 0x00000000ec900000, 0x00000000ec900000|100%| E|CS|TAMS 0x00000000ec800000| PB 0x00000000ec800000| Complete 
| 201|0x00000000ec900000, 0x00000000eca00000, 0x00000000eca00000|100%| E|CS|TAMS 0x00000000ec900000| PB 0x00000000ec900000| Complete 
| 202|0x00000000eca00000, 0x00000000ecb00000, 0x00000000ecb00000|100%| E|CS|TAMS 0x00000000eca00000| PB 0x00000000eca00000| Complete 
| 203|0x00000000ecb00000, 0x00000000ecc00000, 0x00000000ecc00000|100%| E|CS|TAMS 0x00000000ecb00000| PB 0x00000000ecb00000| Complete 
| 204|0x00000000ecc00000, 0x00000000ecd00000, 0x00000000ecd00000|100%| E|CS|TAMS 0x00000000ecc00000| PB 0x00000000ecc00000| Complete 
| 205|0x00000000ecd00000, 0x00000000ece00000, 0x00000000ece00000|100%| E|CS|TAMS 0x00000000ecd00000| PB 0x00000000ecd00000| Complete 
| 206|0x00000000ece00000, 0x00000000ecf00000, 0x00000000ecf00000|100%| E|CS|TAMS 0x00000000ece00000| PB 0x00000000ece00000| Complete 
| 207|0x00000000ecf00000, 0x00000000ed000000, 0x00000000ed000000|100%| E|CS|TAMS 0x00000000ecf00000| PB 0x00000000ecf00000| Complete 
| 208|0x00000000ed000000, 0x00000000ed100000, 0x00000000ed100000|100%| E|CS|TAMS 0x00000000ed000000| PB 0x00000000ed000000| Complete 
| 209|0x00000000ed100000, 0x00000000ed200000, 0x00000000ed200000|100%| E|CS|TAMS 0x00000000ed100000| PB 0x00000000ed100000| Complete 
| 210|0x00000000ed200000, 0x00000000ed300000, 0x00000000ed300000|100%| E|CS|TAMS 0x00000000ed200000| PB 0x00000000ed200000| Complete 
| 211|0x00000000ed300000, 0x00000000ed400000, 0x00000000ed400000|100%| E|CS|TAMS 0x00000000ed300000| PB 0x00000000ed300000| Complete 
| 212|0x00000000ed400000, 0x00000000ed500000, 0x00000000ed500000|100%| E|CS|TAMS 0x00000000ed400000| PB 0x00000000ed400000| Complete 
| 213|0x00000000ed500000, 0x00000000ed600000, 0x00000000ed600000|100%| E|CS|TAMS 0x00000000ed500000| PB 0x00000000ed500000| Complete 
| 214|0x00000000ed600000, 0x00000000ed700000, 0x00000000ed700000|100%| E|CS|TAMS 0x00000000ed600000| PB 0x00000000ed600000| Complete 
| 215|0x00000000ed700000, 0x00000000ed800000, 0x00000000ed800000|100%| E|CS|TAMS 0x00000000ed700000| PB 0x00000000ed700000| Complete 
| 216|0x00000000ed800000, 0x00000000ed900000, 0x00000000ed900000|100%| E|CS|TAMS 0x00000000ed800000| PB 0x00000000ed800000| Complete 
| 217|0x00000000ed900000, 0x00000000eda00000, 0x00000000eda00000|100%| E|CS|TAMS 0x00000000ed900000| PB 0x00000000ed900000| Complete 
| 218|0x00000000eda00000, 0x00000000edb00000, 0x00000000edb00000|100%| E|CS|TAMS 0x00000000eda00000| PB 0x00000000eda00000| Complete 
| 219|0x00000000edb00000, 0x00000000edc00000, 0x00000000edc00000|100%| E|CS|TAMS 0x00000000edb00000| PB 0x00000000edb00000| Complete 
| 220|0x00000000edc00000, 0x00000000edd00000, 0x00000000edd00000|100%| E|CS|TAMS 0x00000000edc00000| PB 0x00000000edc00000| Complete 
| 221|0x00000000edd00000, 0x00000000ede00000, 0x00000000ede00000|100%| E|CS|TAMS 0x00000000edd00000| PB 0x00000000edd00000| Complete 
| 222|0x00000000ede00000, 0x00000000edf00000, 0x00000000edf00000|100%| E|CS|TAMS 0x00000000ede00000| PB 0x00000000ede00000| Complete 
| 223|0x00000000edf00000, 0x00000000ee000000, 0x00000000ee000000|100%| E|CS|TAMS 0x00000000edf00000| PB 0x00000000edf00000| Complete 
| 224|0x00000000ee000000, 0x00000000ee100000, 0x00000000ee100000|100%| E|CS|TAMS 0x00000000ee000000| PB 0x00000000ee000000| Complete 
| 225|0x00000000ee100000, 0x00000000ee200000, 0x00000000ee200000|100%| E|CS|TAMS 0x00000000ee100000| PB 0x00000000ee100000| Complete 
| 226|0x00000000ee200000, 0x00000000ee300000, 0x00000000ee300000|100%| E|CS|TAMS 0x00000000ee200000| PB 0x00000000ee200000| Complete 
| 227|0x00000000ee300000, 0x00000000ee400000, 0x00000000ee400000|100%| E|CS|TAMS 0x00000000ee300000| PB 0x00000000ee300000| Complete 
| 228|0x00000000ee400000, 0x00000000ee500000, 0x00000000ee500000|100%| E|CS|TAMS 0x00000000ee400000| PB 0x00000000ee400000| Complete 
| 229|0x00000000ee500000, 0x00000000ee600000, 0x00000000ee600000|100%| E|CS|TAMS 0x00000000ee500000| PB 0x00000000ee500000| Complete 
| 230|0x00000000ee600000, 0x00000000ee700000, 0x00000000ee700000|100%| E|  |TAMS 0x00000000ee600000| PB 0x00000000ee600000| Complete 
| 231|0x00000000ee700000, 0x00000000ee800000, 0x00000000ee800000|100%| E|CS|TAMS 0x00000000ee700000| PB 0x00000000ee700000| Complete 
| 232|0x00000000ee800000, 0x00000000ee900000, 0x00000000ee900000|100%| E|CS|TAMS 0x00000000ee800000| PB 0x00000000ee800000| Complete 
| 233|0x00000000ee900000, 0x00000000eea00000, 0x00000000eea00000|100%| E|CS|TAMS 0x00000000ee900000| PB 0x00000000ee900000| Complete 
| 234|0x00000000eea00000, 0x00000000eeb00000, 0x00000000eeb00000|100%| E|CS|TAMS 0x00000000eea00000| PB 0x00000000eea00000| Complete 
| 235|0x00000000eeb00000, 0x00000000eebd9780, 0x00000000eec00000| 84%| S|CS|TAMS 0x00000000eeb00000| PB 0x00000000eeb00000| Complete 
| 236|0x00000000eec00000, 0x00000000eed00000, 0x00000000eed00000|100%| S|CS|TAMS 0x00000000eec00000| PB 0x00000000eec00000| Complete 
| 237|0x00000000eed00000, 0x00000000eee00000, 0x00000000eee00000|100%| S|CS|TAMS 0x00000000eed00000| PB 0x00000000eed00000| Complete 
| 238|0x00000000eee00000, 0x00000000eef00000, 0x00000000eef00000|100%| S|CS|TAMS 0x00000000eee00000| PB 0x00000000eee00000| Complete 
| 239|0x00000000eef00000, 0x00000000ef000000, 0x00000000ef000000|100%| S|CS|TAMS 0x00000000eef00000| PB 0x00000000eef00000| Complete 
| 240|0x00000000ef000000, 0x00000000ef100000, 0x00000000ef100000|100%| S|CS|TAMS 0x00000000ef000000| PB 0x00000000ef000000| Complete 
| 241|0x00000000ef100000, 0x00000000ef200000, 0x00000000ef200000|100%| S|CS|TAMS 0x00000000ef100000| PB 0x00000000ef100000| Complete 
| 242|0x00000000ef200000, 0x00000000ef300000, 0x00000000ef300000|100%| S|CS|TAMS 0x00000000ef200000| PB 0x00000000ef200000| Complete 
| 243|0x00000000ef300000, 0x00000000ef400000, 0x00000000ef400000|100%| S|CS|TAMS 0x00000000ef300000| PB 0x00000000ef300000| Complete 
| 244|0x00000000ef400000, 0x00000000ef500000, 0x00000000ef500000|100%| E|CS|TAMS 0x00000000ef400000| PB 0x00000000ef400000| Complete 
| 245|0x00000000ef500000, 0x00000000ef600000, 0x00000000ef600000|100%| E|CS|TAMS 0x00000000ef500000| PB 0x00000000ef500000| Complete 
| 246|0x00000000ef600000, 0x00000000ef700000, 0x00000000ef700000|100%| E|CS|TAMS 0x00000000ef600000| PB 0x00000000ef600000| Complete 
| 247|0x00000000ef700000, 0x00000000ef800000, 0x00000000ef800000|100%| E|CS|TAMS 0x00000000ef700000| PB 0x00000000ef700000| Complete 
| 248|0x00000000ef800000, 0x00000000ef900000, 0x00000000ef900000|100%| E|CS|TAMS 0x00000000ef800000| PB 0x00000000ef800000| Complete 
| 249|0x00000000ef900000, 0x00000000efa00000, 0x00000000efa00000|100%| E|CS|TAMS 0x00000000ef900000| PB 0x00000000ef900000| Complete 
| 250|0x00000000efa00000, 0x00000000efb00000, 0x00000000efb00000|100%| E|CS|TAMS 0x00000000efa00000| PB 0x00000000efa00000| Complete 
| 251|0x00000000efb00000, 0x00000000efc00000, 0x00000000efc00000|100%| E|CS|TAMS 0x00000000efb00000| PB 0x00000000efb00000| Complete 
| 252|0x00000000efc00000, 0x00000000efd00000, 0x00000000efd00000|100%| E|CS|TAMS 0x00000000efc00000| PB 0x00000000efc00000| Complete 
| 253|0x00000000efd00000, 0x00000000efe00000, 0x00000000efe00000|100%| E|CS|TAMS 0x00000000efd00000| PB 0x00000000efd00000| Complete 
| 254|0x00000000efe00000, 0x00000000eff00000, 0x00000000eff00000|100%| E|CS|TAMS 0x00000000efe00000| PB 0x00000000efe00000| Complete 
| 255|0x00000000eff00000, 0x00000000f0000000, 0x00000000f0000000|100%| E|CS|TAMS 0x00000000eff00000| PB 0x00000000eff00000| Complete 

Card table byte_map: [0x000001b0ce120000,0x000001b0ce220000] _byte_map_base: 0x000001b0cda20000

Marking Bits: (CMBitMap*) 0x000001b0bb5ce370
 Bits: [0x000001b0ce220000, 0x000001b0cea20000)

Polling page: 0x000001b0b9460000

Metaspace:

Usage:
  Non-class:     26.06 MB used.
      Class:      4.44 MB used.
       Both:     30.50 MB used.

Virtual space:
  Non-class space:       64.00 MB reserved,      26.62 MB ( 42%) committed,  1 nodes.
      Class space:      320.00 MB reserved,       5.00 MB (  2%) committed,  1 nodes.
             Both:      384.00 MB reserved,      31.62 MB (  8%) committed. 

Chunk freelists:
   Non-Class:  5.17 MB
       Class:  10.82 MB
        Both:  15.99 MB

MaxMetaspaceSize: 384.00 MB
CompressedClassSpaceSize: 320.00 MB
Initial GC threshold: 21.00 MB
Current GC threshold: 35.31 MB
CDS: on
 - commit_granule_bytes: 65536.
 - commit_granule_words: 8192.
 - virtual_space_node_default_size: 8388608.
 - enlarge_chunks_in_place: 1.
 - use_allocation_guard: 0.


Internal statistics:

num_allocs_failed_limit: 3.
num_arena_births: 2036.
num_arena_deaths: 0.
num_vsnodes_births: 2.
num_vsnodes_deaths: 0.
num_space_committed: 506.
num_space_uncommitted: 0.
num_chunks_returned_to_freelist: 3.
num_chunks_taken_from_freelist: 3569.
num_chunk_merges: 3.
num_chunk_splits: 2267.
num_chunks_enlarged: 1329.
num_inconsistent_stats: 0.

CodeHeap 'non-profiled nmethods': size=119168Kb used=2127Kb max_used=2127Kb free=117040Kb
 bounds [0x000001b0c6340000, 0x000001b0c65b0000, 0x000001b0cd7a0000]
CodeHeap 'profiled nmethods': size=119104Kb used=8219Kb max_used=8219Kb free=110884Kb
 bounds [0x000001b0be7a0000, 0x000001b0befb0000, 0x000001b0c5bf0000]
CodeHeap 'non-nmethods': size=7488Kb used=1445Kb max_used=3077Kb free=6042Kb
 bounds [0x000001b0c5bf0000, 0x000001b0c5f60000, 0x000001b0c6340000]
CodeCache: size=245760Kb, used=11791Kb, max_used=13423Kb, free=233966Kb
 total_blobs=4711, nmethods=4107, adapters=507, full_count=0
Compilation: enabled, stopped_count=0, restarted_count=0

Compilation events (20 events):
Event: 134.678 Thread 0x000001b0d1a25ee0 4099       3       org.gradle.internal.reflect.MutablePropertyDetails::addGetter (9 bytes)
Event: 134.678 Thread 0x000001b0d1a25ee0 nmethod 4099 0x000001b0befa5390 code [0x000001b0befa5540, 0x000001b0befa5698]
Event: 134.679 Thread 0x000001b0d1a25ee0 4100       3       org.gradle.model.internal.asm.MethodVisitorScope::_ARETURN (8 bytes)
Event: 134.680 Thread 0x000001b0d1a25ee0 nmethod 4100 0x000001b0befa5790 code [0x000001b0befa5940, 0x000001b0befa5bb0]
Event: 134.686 Thread 0x000001b0d1a25ee0 4101       1       org.gradle.internal.logging.slf4j.StaticLoggerProvider::getLoggerFactory (5 bytes)
Event: 134.686 Thread 0x000001b0d1a25ee0 nmethod 4101 0x000001b0c6550390 code [0x000001b0c6550520, 0x000001b0c65505e8]
Event: 134.689 Thread 0x000001b0d1a1dc90 4103       4       jdk.internal.org.objectweb.asm.Frame::getAbstractTypeFromDescriptor (415 bytes)
Event: 134.751 Thread 0x000001b0d1a1dc90 nmethod 4103 0x000001b0c6550690 code [0x000001b0c6550920, 0x000001b0c6551788]
Event: 134.751 Thread 0x000001b0d1a1dc90 4104       4       jdk.internal.org.objectweb.asm.ByteVector::put11 (52 bytes)
Event: 134.756 Thread 0x000001b0d1a1dc90 nmethod 4104 0x000001b0c6552090 code [0x000001b0c6552240, 0x000001b0c6552400]
Event: 134.762 Thread 0x000001b0d1a25ee0 4105       3       java.lang.invoke.BoundMethodHandle$Species_LLLL::make (16 bytes)
Event: 134.762 Thread 0x000001b0d1a25ee0 nmethod 4105 0x000001b0befa5c90 code [0x000001b0befa5e60, 0x000001b0befa6208]
Event: 134.762 Thread 0x000001b0d1a25ee0 4106       3       java.lang.invoke.BoundMethodHandle$Species_LLLL::<init> (30 bytes)
Event: 134.763 Thread 0x000001b0d1a25ee0 nmethod 4106 0x000001b0befa6390 code [0x000001b0befa6560, 0x000001b0befa68b0]
Event: 134.784 Thread 0x000001b0d1a25ee0 4107   !   3       sun.invoke.util.VerifyAccess$1::run (16 bytes)
Event: 134.784 Thread 0x000001b0d1a1dc90 4108       4       java.util.HashMap::put (13 bytes)
Event: 134.784 Thread 0x000001b0d1a25ee0 nmethod 4107 0x000001b0befa6a10 code [0x000001b0befa6bc0, 0x000001b0befa6d60]
Event: 134.824 Thread 0x000001b0d1a1dc90 nmethod 4108 0x000001b0c6552590 code [0x000001b0c65527c0, 0x000001b0c6553130]
Event: 134.824 Thread 0x000001b0d1a1dc90 4109 %     4       java.lang.invoke.LambdaFormBuffer::indexOf @ 2 (33 bytes)
Event: 134.842 Thread 0x000001b0d1a1dc90 nmethod 4109% 0x000001b0c6553710 code [0x000001b0c65538e0, 0x000001b0c6553be8]

GC Heap History (8 events):
Event: 12.726 GC heap before
{Heap before GC invocations=0 (full 0):
 garbage-first heap   total 262144K, used 26624K [0x00000000e0000000, 0x0000000100000000)
  region size 1024K, 23 young (23552K), 0 survivors (0K)
 Metaspace       used 2782K, committed 2944K, reserved 393216K
  class space    used 322K, committed 384K, reserved 327680K
}
Event: 12.801 GC heap after
{Heap after GC invocations=1 (full 0):
 garbage-first heap   total 262144K, used 10655K [0x00000000e0000000, 0x0000000100000000)
  region size 1024K, 3 young (3072K), 3 survivors (3072K)
 Metaspace       used 2782K, committed 2944K, reserved 393216K
  class space    used 322K, committed 384K, reserved 327680K
}
Event: 21.802 GC heap before
{Heap before GC invocations=1 (full 0):
 garbage-first heap   total 262144K, used 40351K [0x00000000e0000000, 0x0000000100000000)
  region size 1024K, 31 young (31744K), 3 survivors (3072K)
 Metaspace       used 4745K, committed 4928K, reserved 393216K
  class space    used 598K, committed 704K, reserved 327680K
}
Event: 21.814 GC heap after
{Heap after GC invocations=2 (full 0):
 garbage-first heap   total 262144K, used 15307K [0x00000000e0000000, 0x0000000100000000)
  region size 1024K, 4 young (4096K), 4 survivors (4096K)
 Metaspace       used 4745K, committed 4928K, reserved 393216K
  class space    used 598K, committed 704K, reserved 327680K
}
Event: 93.633 GC heap before
{Heap before GC invocations=2 (full 0):
 garbage-first heap   total 262144K, used 109515K [0x00000000e0000000, 0x0000000100000000)
  region size 1024K, 97 young (99328K), 4 survivors (4096K)
 Metaspace       used 18775K, committed 19392K, reserved 393216K
  class space    used 2631K, committed 2944K, reserved 327680K
}
Event: 93.817 GC heap after
{Heap after GC invocations=3 (full 0):
 garbage-first heap   total 262144K, used 23272K [0x00000000e0000000, 0x0000000100000000)
  region size 1024K, 11 young (11264K), 11 survivors (11264K)
 Metaspace       used 18775K, committed 19392K, reserved 393216K
  class space    used 2631K, committed 2944K, reserved 327680K
}
Event: 97.555 GC heap before
{Heap before GC invocations=3 (full 0):
 garbage-first heap   total 262144K, used 36584K [0x00000000e0000000, 0x0000000100000000)
  region size 1024K, 23 young (23552K), 11 survivors (11264K)
 Metaspace       used 20824K, committed 21504K, reserved 393216K
  class space    used 2864K, committed 3200K, reserved 327680K
}
Event: 97.569 GC heap after
{Heap after GC invocations=4 (full 0):
 garbage-first heap   total 262144K, used 25433K [0x00000000e0000000, 0x0000000100000000)
  region size 1024K, 9 young (9216K), 9 survivors (9216K)
 Metaspace       used 20824K, committed 21504K, reserved 393216K
  class space    used 2864K, committed 3200K, reserved 327680K
}

Dll operation events (20 events):
Event: 3.278 Attempting to load shared library C:\Users\chae0\.vscode\extensions\redhat.java-1.56.0-win32-x64\jre\21.0.12.1-win32-x86_64\bin\nio.dll
Event: 3.287 Loaded shared library C:\Users\chae0\.vscode\extensions\redhat.java-1.56.0-win32-x64\jre\21.0.12.1-win32-x86_64\bin\nio.dll
Event: 3.330 Attempting to load shared library C:\Users\chae0\.vscode\extensions\redhat.java-1.56.0-win32-x64\jre\21.0.12.1-win32-x86_64\bin\zip.dll
Event: 3.330 Loaded shared library C:\Users\chae0\.vscode\extensions\redhat.java-1.56.0-win32-x64\jre\21.0.12.1-win32-x86_64\bin\zip.dll
Event: 8.461 Attempting to load shared library C:\Users\chae0\.vscode\extensions\redhat.java-1.56.0-win32-x64\jre\21.0.12.1-win32-x86_64\bin\jimage.dll
Event: 8.461 Loaded shared library C:\Users\chae0\.vscode\extensions\redhat.java-1.56.0-win32-x64\jre\21.0.12.1-win32-x86_64\bin\jimage.dll
Event: 11.908 Attempting to load shared library C:\Users\chae0\.vscode\extensions\redhat.java-1.56.0-win32-x64\jre\21.0.12.1-win32-x86_64\bin\verify.dll
Event: 11.913 Loaded shared library C:\Users\chae0\.vscode\extensions\redhat.java-1.56.0-win32-x64\jre\21.0.12.1-win32-x86_64\bin\verify.dll
Event: 12.245 Attempting to load shared library C:\Users\chae0\.gradle\native\660c5614fbf4a5f2a75b1949f50a0caf5cd603558e7d8a26e50b933a0cfb79d1\windows-amd64\native-platform.dll
Event: 12.249 Loaded shared library C:\Users\chae0\.gradle\native\660c5614fbf4a5f2a75b1949f50a0caf5cd603558e7d8a26e50b933a0cfb79d1\windows-amd64\native-platform.dll
Event: 12.326 Attempting to load shared library C:\Users\chae0\.gradle\native\0.2.8\x86_64-windows-gnu\gradle-fileevents.dll
Event: 12.333 Loaded shared library C:\Users\chae0\.gradle\native\0.2.8\x86_64-windows-gnu\gradle-fileevents.dll
Event: 26.927 Attempting to load shared library C:\Users\chae0\.vscode\extensions\redhat.java-1.56.0-win32-x64\jre\21.0.12.1-win32-x86_64\bin\management.dll
Event: 26.930 Loaded shared library C:\Users\chae0\.vscode\extensions\redhat.java-1.56.0-win32-x64\jre\21.0.12.1-win32-x86_64\bin\management.dll
Event: 26.951 Attempting to load shared library C:\Users\chae0\.vscode\extensions\redhat.java-1.56.0-win32-x64\jre\21.0.12.1-win32-x86_64\bin\management_ext.dll
Event: 26.955 Loaded shared library C:\Users\chae0\.vscode\extensions\redhat.java-1.56.0-win32-x64\jre\21.0.12.1-win32-x86_64\bin\management_ext.dll
Event: 30.066 Attempting to load shared library C:\Users\chae0\.vscode\extensions\redhat.java-1.56.0-win32-x64\jre\21.0.12.1-win32-x86_64\bin\extnet.dll
Event: 30.070 Loaded shared library C:\Users\chae0\.vscode\extensions\redhat.java-1.56.0-win32-x64\jre\21.0.12.1-win32-x86_64\bin\extnet.dll
Event: 67.536 Attempting to load shared library C:\Users\chae0\.vscode\extensions\redhat.java-1.56.0-win32-x64\jre\21.0.12.1-win32-x86_64\bin\sunmscapi.dll
Event: 67.578 Loaded shared library C:\Users\chae0\.vscode\extensions\redhat.java-1.56.0-win32-x64\jre\21.0.12.1-win32-x86_64\bin\sunmscapi.dll

Deoptimization events (20 events):
Event: 129.683 Thread 0x000001b0ec0c2350 Uncommon trap: trap_request=0xffffffbe fr.pc=0x000001b0c6537dd0 relative=0x0000000000000ff0
Event: 129.683 Thread 0x000001b0ec0c2350 Uncommon trap: reason=profile_predicate action=maybe_recompile pc=0x000001b0c6537dd0 method=java.lang.invoke.InvokerBytecodeGenerator.<init>(Ljava/lang/String;Ljava/lang/String;Ljava/lang/invoke/LambdaForm;Ljava/lang/invoke/MethodType;)V @ 33 c2
Event: 129.683 Thread 0x000001b0ec0c2350 DEOPT PACKING pc=0x000001b0c6537dd0 sp=0x0000000bcebf7c60
Event: 129.683 Thread 0x000001b0ec0c2350 DEOPT UNPACKING pc=0x000001b0c5c44422 sp=0x0000000bcebf7c10 mode 2
Event: 129.684 Thread 0x000001b0ec0c2350 Uncommon trap: trap_request=0xffffffbe fr.pc=0x000001b0c6537dd0 relative=0x0000000000000ff0
Event: 129.684 Thread 0x000001b0ec0c2350 Uncommon trap: reason=profile_predicate action=maybe_recompile pc=0x000001b0c6537dd0 method=java.lang.invoke.InvokerBytecodeGenerator.<init>(Ljava/lang/String;Ljava/lang/String;Ljava/lang/invoke/LambdaForm;Ljava/lang/invoke/MethodType;)V @ 33 c2
Event: 129.684 Thread 0x000001b0ec0c2350 DEOPT PACKING pc=0x000001b0c6537dd0 sp=0x0000000bcebf7c70
Event: 129.684 Thread 0x000001b0ec0c2350 DEOPT UNPACKING pc=0x000001b0c5c44422 sp=0x0000000bcebf7c20 mode 2
Event: 129.686 Thread 0x000001b0ec0c2350 Uncommon trap: trap_request=0xffffffbe fr.pc=0x000001b0c6537dd0 relative=0x0000000000000ff0
Event: 129.686 Thread 0x000001b0ec0c2350 Uncommon trap: reason=profile_predicate action=maybe_recompile pc=0x000001b0c6537dd0 method=java.lang.invoke.InvokerBytecodeGenerator.<init>(Ljava/lang/String;Ljava/lang/String;Ljava/lang/invoke/LambdaForm;Ljava/lang/invoke/MethodType;)V @ 33 c2
Event: 129.686 Thread 0x000001b0ec0c2350 DEOPT PACKING pc=0x000001b0c6537dd0 sp=0x0000000bcebf7c50
Event: 129.687 Thread 0x000001b0ec0c2350 DEOPT UNPACKING pc=0x000001b0c5c44422 sp=0x0000000bcebf7c00 mode 2
Event: 129.689 Thread 0x000001b0ec0c2350 Uncommon trap: trap_request=0xffffffbe fr.pc=0x000001b0c6537dd0 relative=0x0000000000000ff0
Event: 129.689 Thread 0x000001b0ec0c2350 Uncommon trap: reason=profile_predicate action=maybe_recompile pc=0x000001b0c6537dd0 method=java.lang.invoke.InvokerBytecodeGenerator.<init>(Ljava/lang/String;Ljava/lang/String;Ljava/lang/invoke/LambdaForm;Ljava/lang/invoke/MethodType;)V @ 33 c2
Event: 129.689 Thread 0x000001b0ec0c2350 DEOPT PACKING pc=0x000001b0c6537dd0 sp=0x0000000bcebf8070
Event: 129.689 Thread 0x000001b0ec0c2350 DEOPT UNPACKING pc=0x000001b0c5c44422 sp=0x0000000bcebf8020 mode 2
Event: 131.269 Thread 0x000001b0ec0c2350 Uncommon trap: trap_request=0xffffff45 fr.pc=0x000001b0c64136b8 relative=0x00000000000002d8
Event: 131.269 Thread 0x000001b0ec0c2350 Uncommon trap: reason=unstable_if action=reinterpret pc=0x000001b0c64136b8 method=java.util.HashMap.hash(Ljava/lang/Object;)I @ 1 c2
Event: 131.269 Thread 0x000001b0ec0c2350 DEOPT PACKING pc=0x000001b0c64136b8 sp=0x0000000bcebf7ea0
Event: 131.269 Thread 0x000001b0ec0c2350 DEOPT UNPACKING pc=0x000001b0c5c44422 sp=0x0000000bcebf7d38 mode 2

Classes loaded (20 events):
Event: 122.377 Loading class java/util/stream/Nodes$IntFixedNodeBuilder
Event: 122.377 Loading class java/util/stream/Node$Builder$OfInt
Event: 122.378 Loading class java/util/stream/Sink$OfInt
Event: 122.378 Loading class java/util/stream/Sink$OfInt done
Event: 122.379 Loading class java/util/stream/Node$Builder$OfInt done
Event: 122.379 Loading class java/util/stream/Nodes$IntArrayNode
Event: 122.380 Loading class java/util/stream/Nodes$IntArrayNode done
Event: 122.380 Loading class java/util/stream/Nodes$IntFixedNodeBuilder done
Event: 127.943 Loading class java/lang/invoke/SerializedLambda
Event: 127.944 Loading class java/lang/invoke/SerializedLambda done
Event: 131.254 Loading class java/lang/reflect/AnnotatedType
Event: 131.255 Loading class java/lang/reflect/AnnotatedType done
Event: 131.299 Loading class sun/reflect/generics/tree/IntSignature
Event: 131.299 Loading class sun/reflect/generics/tree/IntSignature done
Event: 131.299 Loading class sun/reflect/generics/tree/ArrayTypeSignature
Event: 131.299 Loading class sun/reflect/generics/tree/ArrayTypeSignature done
Event: 131.344 Loading class java/lang/SafeVarargs
Event: 131.344 Loading class java/lang/SafeVarargs done
Event: 132.385 Loading class jdk/internal/reflect/MethodHandleIntegerFieldAccessorImpl
Event: 132.385 Loading class jdk/internal/reflect/MethodHandleIntegerFieldAccessorImpl done

Classes unloaded (0 events):
No events

Classes redefined (0 events):
No events

Internal exceptions (20 events):
Event: 110.577 Thread 0x000001b0ec0c2350 Exception <a 'java/lang/NoSuchMethodError'{0x00000000ed4693f8}: 'java.lang.Object java.lang.invoke.DirectMethodHandle$Holder.invokeVirtual(java.lang.Object, java.lang.Object, java.lang.Object, java.lang.Object, java.lang.Object, java.lang.Object, java.lang.Object, java.lang.Object, java.lang.Object, java.lang.Object, java.lang.Object, java.lang.Object, java.lang.Object)'> (0x00000000ed4693f8) 
thrown [s\src\hotspot\share\interpreter\linkResolver.cpp, line 773]
Event: 110.579 Thread 0x000001b0ec0c2350 Exception <a 'java/lang/NoSuchMethodError'{0x00000000ed46e630}: 'java.lang.Object java.lang.invoke.DirectMethodHandle$Holder.invokeSpecial(java.lang.Object, java.lang.Object, java.lang.Object, java.lang.Object, java.lang.Object, java.lang.Object, java.lang.Object, java.lang.Object, java.lang.Object, java.lang.Object, java.lang.Object, java.lang.Object, java.lang.Object, java.lang.Object)'> (0x00000000ed46e630) 
thrown [s\src\hotspot\share\interpreter\linkResolver.cpp, line 773]
Event: 110.614 Thread 0x000001b0ec0c2350 Exception <a 'java/lang/NoSuchMethodError'{0x00000000ed473380}: 'java.lang.Object java.lang.invoke.DelegatingMethodHandle$Holder.reinvoke_L(java.lang.Object, java.lang.Object, java.lang.Object, java.lang.Object, java.lang.Object, java.lang.Object, java.lang.Object, java.lang.Object, java.lang.Object, java.lang.Object, java.lang.Object, java.lang.Object, java.lang.Object)'> (0x00000000ed473380) 
thrown [s\src\hotspot\share\interpreter\linkResolver.cpp, line 773]
Event: 111.879 Thread 0x000001b0ec0c2350 Exception <a 'java/lang/NoSuchMethodError'{0x00000000ed3e1528}: 'void java.lang.invoke.DirectMethodHandle$Holder.invokeStaticInit(java.lang.Object, java.lang.Object)'> (0x00000000ed3e1528) 
thrown [s\src\hotspot\share\interpreter\linkResolver.cpp, line 773]
Event: 112.544 Thread 0x000001b0ec0c2350 Exception <a 'java/lang/NoSuchMethodError'{0x00000000ed169db0}: 'java.lang.Object java.lang.invoke.DirectMethodHandle$Holder.newInvokeSpecial(java.lang.Object, java.lang.Object, java.lang.Object, java.lang.Object, java.lang.Object, java.lang.Object, java.lang.Object, java.lang.Object, java.lang.Object, java.lang.Object, java.lang.Object, java.lang.Object)'> (0x00000000ed169db0) 
thrown [s\src\hotspot\share\interpreter\linkResolver.cpp, line 773]
Event: 118.198 Thread 0x000001b0ec0c2350 Exception <a 'java/lang/IncompatibleClassChangeError'{0x00000000ecec2cc8}: Found class java.lang.Object, but interface was expected> (0x00000000ecec2cc8) 
thrown [s\src\hotspot\share\interpreter\linkResolver.cpp, line 840]
Event: 120.515 Thread 0x000001b0ec0c2350 Exception <a 'java/lang/NoSuchMethodError'{0x00000000ecb4e608}: 'int java.lang.invoke.DirectMethodHandle$Holder.invokeVirtual(java.lang.Object, java.lang.Object)'> (0x00000000ecb4e608) 
thrown [s\src\hotspot\share\interpreter\linkResolver.cpp, line 773]
Event: 120.862 Thread 0x000001b0ec0c2350 Exception <a 'java/lang/NoSuchMethodError'{0x00000000eca7c6b8}: 'java.lang.Object java.lang.invoke.DirectMethodHandle$Holder.newInvokeSpecial(java.lang.Object, java.lang.Object, java.lang.Object, int)'> (0x00000000eca7c6b8) 
thrown [s\src\hotspot\share\interpreter\linkResolver.cpp, line 773]
Event: 120.886 Thread 0x000001b0ec0c2350 Exception <a 'java/lang/NoSuchMethodError'{0x00000000eca80fd8}: 'java.lang.Object java.lang.invoke.DirectMethodHandle$Holder.invokeSpecial(java.lang.Object, java.lang.Object, java.lang.Object, java.lang.Object, int)'> (0x00000000eca80fd8) 
thrown [s\src\hotspot\share\interpreter\linkResolver.cpp, line 773]
Event: 120.890 Thread 0x000001b0ec0c2350 Exception <a 'java/lang/NoSuchMethodError'{0x00000000eca84be0}: 'java.lang.Object java.lang.invoke.Invokers$Holder.linkToTargetMethod(java.lang.Object, java.lang.Object, int, java.lang.Object)'> (0x00000000eca84be0) 
thrown [s\src\hotspot\share\interpreter\linkResolver.cpp, line 773]
Event: 124.543 Thread 0x000001b0ec0c2350 Exception <a 'java/lang/NoSuchMethodError'{0x00000000ec38cbb8}: 'void java.lang.invoke.DirectMethodHandle$Holder.invokeInterface(java.lang.Object, java.lang.Object, java.lang.Object, java.lang.Object, java.lang.Object)'> (0x00000000ec38cbb8) 
thrown [s\src\hotspot\share\interpreter\linkResolver.cpp, line 773]
Event: 129.068 Thread 0x000001b0ec0c2350 Exception <a 'java/lang/NoSuchMethodError'{0x00000000ebbf10e0}: 'java.lang.Object java.lang.invoke.DirectMethodHandle$Holder.invokeVirtual(java.lang.Object, java.lang.Object, java.lang.Object, java.lang.Object, java.lang.Object, java.lang.Object, java.lang.Object, java.lang.Object, java.lang.Object, java.lang.Object, java.lang.Object, java.lang.Object, java.lang.Object, java.lang.Object, java.lang.Object)'> (0x00000000ebbf10e0) 
thrown [s\src\hotspot\share\interpreter\linkResolver.cpp, line 773]
Event: 129.071 Thread 0x000001b0ec0c2350 Exception <a 'java/lang/NoSuchMethodError'{0x00000000ebbf6d80}: 'java.lang.Object java.lang.invoke.DirectMethodHandle$Holder.invokeSpecial(java.lang.Object, java.lang.Object, java.lang.Object, java.lang.Object, java.lang.Object, java.lang.Object, java.lang.Object, java.lang.Object, java.lang.Object, java.lang.Object, java.lang.Object, java.lang.Object, java.lang.Object, java.lang.Object, java.lang.Object, java.lang.Object)'> (0x00000000ebbf6d80) 
thrown [s\src\hotspot\share\interpreter\linkResolver.cpp, li
Event: 129.073 Thread 0x000001b0ec0c2350 Exception <a 'java/lang/NoSuchMethodError'{0x00000000ebbfc070}: 'java.lang.Object java.lang.invoke.DelegatingMethodHandle$Holder.reinvoke_L(java.lang.Object, java.lang.Object, java.lang.Object, java.lang.Object, java.lang.Object, java.lang.Object, java.lang.Object, java.lang.Object, java.lang.Object, java.lang.Object, java.lang.Object, java.lang.Object, java.lang.Object, java.lang.Object, java.lang.Object)'> (0x00000000ebbfc070) 
thrown [s\src\hotspot\share\interpreter\linkResolver.cpp, line 773]
Event: 130.273 Thread 0x000001b0ec0c2350 Exception <a 'java/lang/NoSuchMethodError'{0x00000000eb640840}: 'java.lang.Object java.lang.invoke.DirectMethodHandle$Holder.invokeSpecialIFC(java.lang.Object, java.lang.Object, java.lang.Object, java.lang.Object)'> (0x00000000eb640840) 
thrown [s\src\hotspot\share\interpreter\linkResolver.cpp, line 773]
Event: 131.269 Thread 0x000001b0ec0c2350 Implicit null exception at 0x000001b0c6413438 to 0x000001b0c641369c
Event: 132.229 Thread 0x000001b0ec0c2350 Exception <a 'java/lang/NoSuchMethodError'{0x00000000eac6c3b0}: 'java.lang.Object java.lang.invoke.DirectMethodHandle$Holder.newInvokeSpecial(java.lang.Object, java.lang.Object, int, int)'> (0x00000000eac6c3b0) 
thrown [s\src\hotspot\share\interpreter\linkResolver.cpp, line 773]
Event: 132.393 Thread 0x000001b0ec0c2350 Exception <a 'java/lang/NoSuchMethodError'{0x00000000eaca74a0}: 'void java.lang.invoke.DirectMethodHandle$Holder.invokeSpecial(java.lang.Object, java.lang.Object, int)'> (0x00000000eaca74a0) 
thrown [s\src\hotspot\share\interpreter\linkResolver.cpp, line 773]
Event: 132.455 Thread 0x000001b0ec0c2350 Exception <a 'java/lang/NoSuchMethodError'{0x00000000eacabc80}: 'void java.lang.invoke.Invokers$Holder.invokeExact_MT(java.lang.Object, int, java.lang.Object)'> (0x00000000eacabc80) 
thrown [s\src\hotspot\share\interpreter\linkResolver.cpp, line 773]
Event: 134.687 Thread 0x000001b0ec0c2350 Exception <a 'java/lang/NoSuchMethodError'{0x00000000ea804b10}: 'java.lang.Object java.lang.invoke.DirectMethodHandle$Holder.newInvokeSpecial(java.lang.Object, java.lang.Object, java.lang.Object, java.lang.Object, java.lang.Object, java.lang.Object, java.lang.Object, java.lang.Object, java.lang.Object, java.lang.Object, java.lang.Object)'> (0x00000000ea804b10) 
thrown [s\src\hotspot\share\interpreter\linkResolver.cpp, line 773]

ZGC Phase Switch (0 events):
No events

VM Operations (20 events):
Event: 125.510 Executing safepoint VM operation: Cleanup done
Event: 126.524 Executing safepoint VM operation: Cleanup
Event: 126.539 Executing safepoint VM operation: Cleanup done
Event: 127.549 Executing safepoint VM operation: Cleanup
Event: 127.595 Executing safepoint VM operation: Cleanup done
Event: 128.601 Executing safepoint VM operation: Cleanup
Event: 129.067 Executing safepoint VM operation: Cleanup done
Event: 129.397 Executing non-safepoint VM operation: HandshakeAllThreads (Deoptimize)
Event: 129.397 Executing non-safepoint VM operation: HandshakeAllThreads (Deoptimize) done
Event: 130.409 Executing safepoint VM operation: Cleanup
Event: 130.409 Executing safepoint VM operation: Cleanup done
Event: 131.285 Executing non-safepoint VM operation: HandshakeAllThreads (Deoptimize)
Event: 131.285 Executing non-safepoint VM operation: HandshakeAllThreads (Deoptimize) done
Event: 131.320 Executing non-safepoint VM operation: HandshakeAllThreads (Deoptimize)
Event: 131.320 Executing non-safepoint VM operation: HandshakeAllThreads (Deoptimize) done
Event: 132.332 Executing safepoint VM operation: Cleanup
Event: 132.364 Executing safepoint VM operation: Cleanup done
Event: 133.375 Executing safepoint VM operation: Cleanup
Event: 133.423 Executing safepoint VM operation: Cleanup done
Event: 135.449 Executing safepoint VM operation: Cleanup

Memory protections (0 events):
No events

Nmethod flushes (0 events):
No events

Events (20 events):
Event: 76.073 Thread 0x000001b0ec0c2350 Thread added: 0x000001b0eb482710
Event: 76.422 Thread 0x000001b0ec0c2350 Thread added: 0x000001b0eb482da0
Event: 76.502 Thread 0x000001b0ebbf8860 Thread added: 0x000001b0ed309c70
Event: 76.825 Thread 0x000001b0ed309c70 Thread exited: 0x000001b0ed309c70
Event: 77.494 Thread 0x000001b0eb482da0 Thread added: 0x000001b0eb483430
Event: 78.960 Thread 0x000001b0ec0c2350 Thread added: 0x000001b0eb483ac0
Event: 79.037 Thread 0x000001b0ed0be520 Thread exited: 0x000001b0ed0be520
Event: 80.162 Thread 0x000001b0ebbf8860 Thread exited: 0x000001b0ebbf8860
Event: 83.914 Thread 0x000001b0d1a25ee0 Thread added: 0x000001b0eb72cfb0
Event: 84.280 Thread 0x000001b0eb72cfb0 Thread exited: 0x000001b0eb72cfb0
Event: 103.260 Thread 0x000001b0d1a25ee0 Thread added: 0x000001b0ed333900
Event: 105.935 Thread 0x000001b0ec0c2350 Thread added: 0x000001b0ede3ebd0
Event: 107.050 Thread 0x000001b0ec0c2350 Thread added: 0x000001b0ede3deb0
Event: 107.660 Thread 0x000001b0ed333900 Thread exited: 0x000001b0ed333900
Event: 119.515 Thread 0x000001b0ec0c2350 Thread added: 0x000001b0ede3b750
Event: 120.459 Thread 0x000001b0ec0c2350 Thread added: 0x000001b0ede3cb00
Event: 126.958 Thread 0x000001b0ec0c2350 Thread added: 0x000001b0ede3e540
Event: 129.701 Thread 0x000001b0ec0c2350 Thread added: 0x000001b0ede3f260
Event: 131.359 Thread 0x000001b0d1a25ee0 Thread added: 0x000001b0edd2a0c0
Event: 132.367 Thread 0x000001b0edd2a0c0 Thread exited: 0x000001b0edd2a0c0


Dynamic libraries:
0x00007ff7bf7b0000 - 0x00007ff7bf7be000 	C:\Users\chae0\.vscode\extensions\redhat.java-1.56.0-win32-x64\jre\21.0.12.1-win32-x86_64\bin\java.exe
0x00007ffe53c40000 - 0x00007ffe53ea6000 	C:\WINDOWS\SYSTEM32\ntdll.dll
0x00007ffe52d90000 - 0x00007ffe52e59000 	C:\WINDOWS\System32\KERNEL32.DLL
0x00007ffe51010000 - 0x00007ffe5140f000 	C:\WINDOWS\System32\KERNELBASE.dll
0x00007ffe51590000 - 0x00007ffe516dc000 	C:\WINDOWS\System32\ucrtbase.dll
0x00007ffe3cdc0000 - 0x00007ffe3cdd8000 	C:\Users\chae0\.vscode\extensions\redhat.java-1.56.0-win32-x64\jre\21.0.12.1-win32-x86_64\bin\jli.dll
0x00007ffe52e60000 - 0x00007ffe53026000 	C:\WINDOWS\System32\USER32.dll
0x00007ffe50fe0000 - 0x00007ffe51007000 	C:\WINDOWS\System32\win32u.dll
0x00007ffe52790000 - 0x00007ffe527bb000 	C:\WINDOWS\System32\GDI32.dll
0x00007ffe51840000 - 0x00007ffe51969000 	C:\WINDOWS\System32\gdi32full.dll
0x00007ffe514e0000 - 0x00007ffe51583000 	C:\WINDOWS\System32\msvcp_win.dll
0x00007ffe34960000 - 0x00007ffe34bf1000 	C:\WINDOWS\WinSxS\amd64_microsoft.windows.common-controls_6595b64144ccf1df_6.0.26100.8972_none_3e0da176e32f9d4b\COMCTL32.dll
0x00007ffe51d70000 - 0x00007ffe51e19000 	C:\WINDOWS\System32\msvcrt.dll
0x00007ffe3cde0000 - 0x00007ffe3cdfe000 	C:\Users\chae0\.vscode\extensions\redhat.java-1.56.0-win32-x64\jre\21.0.12.1-win32-x86_64\bin\VCRUNTIME140.dll
0x00007ffe52c10000 - 0x00007ffe52c42000 	C:\WINDOWS\System32\IMM32.DLL
0x00007ffe4d7a0000 - 0x00007ffe4d7ac000 	C:\Users\chae0\.vscode\extensions\redhat.java-1.56.0-win32-x64\jre\21.0.12.1-win32-x86_64\bin\vcruntime140_1.dll
0x00007ffe2ff60000 - 0x00007ffe2ffed000 	C:\Users\chae0\.vscode\extensions\redhat.java-1.56.0-win32-x64\jre\21.0.12.1-win32-x86_64\bin\msvcp140.dll
0x00007ffd81b10000 - 0x00007ffd828b2000 	C:\Users\chae0\.vscode\extensions\redhat.java-1.56.0-win32-x64\jre\21.0.12.1-win32-x86_64\bin\server\jvm.dll
0x00007ffe53050000 - 0x00007ffe5310c000 	C:\WINDOWS\System32\ADVAPI32.dll
0x00007ffe52b50000 - 0x00007ffe52bfa000 	C:\WINDOWS\System32\sechost.dll
0x00007ffe519e0000 - 0x00007ffe51af8000 	C:\WINDOWS\System32\RPCRT4.dll
0x00007ffe52d00000 - 0x00007ffe52d82000 	C:\WINDOWS\System32\WS2_32.dll
0x00007ffe50cb0000 - 0x00007ffe50d0e000 	C:\WINDOWS\SYSTEM32\POWRPROF.dll
0x00007ffe457f0000 - 0x00007ffe45826000 	C:\WINDOWS\SYSTEM32\WINMM.dll
0x00007ffe36750000 - 0x00007ffe3675b000 	C:\WINDOWS\SYSTEM32\VERSION.dll
0x00007ffe50c90000 - 0x00007ffe50ca5000 	C:\WINDOWS\SYSTEM32\UMPDC.dll
0x00007ffe4fb40000 - 0x00007ffe4fb5b000 	C:\WINDOWS\SYSTEM32\kernel.appcore.dll
0x00007ffe4c9d0000 - 0x00007ffe4c9da000 	C:\Users\chae0\.vscode\extensions\redhat.java-1.56.0-win32-x64\jre\21.0.12.1-win32-x86_64\bin\jimage.dll
0x00007ffe4e4f0000 - 0x00007ffe4e732000 	C:\WINDOWS\SYSTEM32\DBGHELP.DLL
0x00007ffe527c0000 - 0x00007ffe52b45000 	C:\WINDOWS\System32\combase.dll
0x00007ffe525b0000 - 0x00007ffe52689000 	C:\WINDOWS\System32\OLEAUT32.dll
0x00007ffe34c30000 - 0x00007ffe34c6b000 	C:\WINDOWS\SYSTEM32\dbgcore.DLL
0x00007ffe51420000 - 0x00007ffe514cc000 	C:\WINDOWS\System32\bcryptPrimitives.dll
0x00007ffe3d250000 - 0x00007ffe3d25f000 	C:\Users\chae0\.vscode\extensions\redhat.java-1.56.0-win32-x64\jre\21.0.12.1-win32-x86_64\bin\instrument.dll
0x00007ffe40810000 - 0x00007ffe40830000 	C:\Users\chae0\.vscode\extensions\redhat.java-1.56.0-win32-x64\jre\21.0.12.1-win32-x86_64\bin\java.dll
0x00007ffe51e20000 - 0x00007ffe525a8000 	C:\WINDOWS\System32\SHELL32.dll
0x00007ffe4e920000 - 0x00007ffe4f1bb000 	C:\WINDOWS\SYSTEM32\windows.storage.dll
0x00007ffe51c70000 - 0x00007ffe51d69000 	C:\WINDOWS\System32\SHCORE.dll
0x00007ffe51970000 - 0x00007ffe519d6000 	C:\WINDOWS\System32\shlwapi.dll
0x00007ffe50d70000 - 0x00007ffe50d99000 	C:\WINDOWS\SYSTEM32\profapi.dll
0x00007ffe3d7d0000 - 0x00007ffe3d7e8000 	C:\Users\chae0\.vscode\extensions\redhat.java-1.56.0-win32-x64\jre\21.0.12.1-win32-x86_64\bin\zip.dll
0x00007ffe3cf80000 - 0x00007ffe3cf90000 	C:\Users\chae0\.vscode\extensions\redhat.java-1.56.0-win32-x64\jre\21.0.12.1-win32-x86_64\bin\net.dll
0x00007ffe49d60000 - 0x00007ffe49e88000 	C:\WINDOWS\SYSTEM32\WINHTTP.dll
0x00007ffe500f0000 - 0x00007ffe5015c000 	C:\WINDOWS\system32\mswsock.dll
0x00007ffe3c5b0000 - 0x00007ffe3c5c6000 	C:\Users\chae0\.vscode\extensions\redhat.java-1.56.0-win32-x64\jre\21.0.12.1-win32-x86_64\bin\nio.dll
0x00007ffe3d240000 - 0x00007ffe3d250000 	C:\Users\chae0\.vscode\extensions\redhat.java-1.56.0-win32-x64\jre\21.0.12.1-win32-x86_64\bin\verify.dll
0x00007ffe10c10000 - 0x00007ffe10c37000 	C:\Users\chae0\.gradle\native\660c5614fbf4a5f2a75b1949f50a0caf5cd603558e7d8a26e50b933a0cfb79d1\windows-amd64\native-platform.dll
0x00007ffdc78f0000 - 0x00007ffdc7967000 	C:\Users\chae0\.gradle\native\0.2.8\x86_64-windows-gnu\gradle-fileevents.dll
0x00007ffe3cc50000 - 0x00007ffe3cc5a000 	C:\Users\chae0\.vscode\extensions\redhat.java-1.56.0-win32-x64\jre\21.0.12.1-win32-x86_64\bin\management.dll
0x00007ffe37d10000 - 0x00007ffe37d1c000 	C:\Users\chae0\.vscode\extensions\redhat.java-1.56.0-win32-x64\jre\21.0.12.1-win32-x86_64\bin\management_ext.dll
0x00007ffe536d0000 - 0x00007ffe536d8000 	C:\WINDOWS\System32\PSAPI.DLL
0x00007ffe4f5c0000 - 0x00007ffe4f5f3000 	C:\WINDOWS\SYSTEM32\IPHLPAPI.DLL
0x00007ffe52c00000 - 0x00007ffe52c0a000 	C:\WINDOWS\System32\NSI.dll
0x00007ffe34c70000 - 0x00007ffe34c79000 	C:\Users\chae0\.vscode\extensions\redhat.java-1.56.0-win32-x64\jre\21.0.12.1-win32-x86_64\bin\extnet.dll
0x00007ffe503e0000 - 0x00007ffe503fb000 	C:\WINDOWS\SYSTEM32\CRYPTSP.dll
0x00007ffe4faa0000 - 0x00007ffe4fad9000 	C:\WINDOWS\system32\rsaenh.dll
0x00007ffe501a0000 - 0x00007ffe501d2000 	C:\WINDOWS\SYSTEM32\USERENV.dll
0x00007ffe50d40000 - 0x00007ffe50d6a000 	C:\WINDOWS\SYSTEM32\bcrypt.dll
0x00007ffe50400000 - 0x00007ffe5040c000 	C:\WINDOWS\SYSTEM32\CRYPTBASE.dll
0x00007ffe325f0000 - 0x00007ffe325fe000 	C:\Users\chae0\.vscode\extensions\redhat.java-1.56.0-win32-x64\jre\21.0.12.1-win32-x86_64\bin\sunmscapi.dll
0x00007ffe50e50000 - 0x00007ffe50fce000 	C:\WINDOWS\System32\CRYPT32.dll
0x00007ffe50620000 - 0x00007ffe50650000 	C:\WINDOWS\SYSTEM32\ncrypt.dll
0x00007ffe505d0000 - 0x00007ffe5060f000 	C:\WINDOWS\SYSTEM32\NTASN1.dll
0x00007ffe25ed0000 - 0x00007ffe25ed8000 	C:\WINDOWS\system32\wshunix.dll

JVMTI agents:
C:\Users\chae0\.gradle\wrapper\dists\gradle-9.4.1-bin\arn2x92ynaizyzdaamcbpbhtj\gradle-9.4.1\lib\agents\gradle-instrumentation-agent-9.4.1.jar path:C:\Users\chae0\.vscode\extensions\redhat.java-1.56.0-win32-x64\jre\21.0.12.1-win32-x86_64\bin\instrument.dll, loaded, initialized, instrumentlib options:none

dbghelp: loaded successfully - version: 4.0.5 - missing functions: none
symbol engine: initialized successfully - sym options: 0x614 - pdb path: .;C:\Users\chae0\.vscode\extensions\redhat.java-1.56.0-win32-x64\jre\21.0.12.1-win32-x86_64\bin;C:\WINDOWS\SYSTEM32;C:\WINDOWS\WinSxS\amd64_microsoft.windows.common-controls_6595b64144ccf1df_6.0.26100.8972_none_3e0da176e32f9d4b;C:\Users\chae0\.vscode\extensions\redhat.java-1.56.0-win32-x64\jre\21.0.12.1-win32-x86_64\bin\server;C:\Users\chae0\.gradle\native\660c5614fbf4a5f2a75b1949f50a0caf5cd603558e7d8a26e50b933a0cfb79d1\windows-amd64;C:\Users\chae0\.gradle\native\0.2.8\x86_64-windows-gnu

VM Arguments:
jvm_args: --add-opens=java.base/java.lang=ALL-UNNAMED --add-opens=java.base/java.lang.invoke=ALL-UNNAMED --add-opens=java.base/java.util=ALL-UNNAMED --add-opens=java.prefs/java.util.prefs=ALL-UNNAMED --add-exports=jdk.compiler/com.sun.tools.javac.api=ALL-UNNAMED --add-exports=jdk.compiler/com.sun.tools.javac.util=ALL-UNNAMED --add-opens=java.base/java.util=ALL-UNNAMED --add-opens=java.prefs/java.util.prefs=ALL-UNNAMED --add-opens=java.base/java.nio.charset=ALL-UNNAMED --add-opens=java.base/java.net=ALL-UNNAMED --add-opens=java.base/java.util.concurrent=ALL-UNNAMED --add-opens=java.base/java.util.concurrent.atomic=ALL-UNNAMED --add-opens=java.xml/javax.xml.namespace=ALL-UNNAMED --add-opens=java.base/java.time=ALL-UNNAMED -XX:MaxMetaspaceSize=384m -XX:+HeapDumpOnOutOfMemoryError -Xms256m -Xmx512m -Dfile.encoding=UTF-8 -Duser.country=KR -Duser.language=ko -Duser.variant -javaagent:C:\Users\chae0\.gradle\wrapper\dists\gradle-9.4.1-bin\arn2x92ynaizyzdaamcbpbhtj\gradle-9.4.1\lib\agents\gradle-instrumentation-agent-9.4.1.jar 
java_command: org.gradle.launcher.daemon.bootstrap.GradleDaemon 9.4.1
java_class_path (initial): C:\Users\chae0\.gradle\wrapper\dists\gradle-9.4.1-bin\arn2x92ynaizyzdaamcbpbhtj\gradle-9.4.1\lib\gradle-daemon-main-9.4.1.jar
Launcher Type: SUN_STANDARD

[Global flags]
     intx CICompilerCount                          = 12                                        {product} {ergonomic}
   size_t CompressedClassSpaceSize                 = 335544320                                 {product} {ergonomic}
     uint ConcGCThreads                            = 3                                         {product} {ergonomic}
     uint G1ConcRefinementThreads                  = 13                                        {product} {ergonomic}
   size_t G1HeapRegionSize                         = 1048576                                   {product} {ergonomic}
    uintx GCDrainStackTargetSize                   = 64                                        {product} {ergonomic}
     bool HeapDumpOnOutOfMemoryError               = true                                   {manageable} {command line}
   size_t InitialHeapSize                          = 268435456                                 {product} {command line}
   size_t MarkStackSize                            = 4194304                                   {product} {ergonomic}
   size_t MaxHeapSize                              = 536870912                                 {product} {command line}
   size_t MaxMetaspaceSize                         = 402653184                                 {product} {command line}
   size_t MaxNewSize                               = 321912832                                 {product} {ergonomic}
   size_t MinHeapDeltaBytes                        = 1048576                                   {product} {ergonomic}
   size_t MinHeapSize                              = 268435456                                 {product} {command line}
    uintx NonNMethodCodeHeapSize                   = 7602480                                {pd product} {ergonomic}
    uintx NonProfiledCodeHeapSize                  = 122027880                              {pd product} {ergonomic}
    uintx ProfiledCodeHeapSize                     = 122027880                              {pd product} {ergonomic}
    uintx ReservedCodeCacheSize                    = 251658240                              {pd product} {ergonomic}
     bool SegmentedCodeCache                       = true                                      {product} {ergonomic}
   size_t SoftMaxHeapSize                          = 536870912                              {manageable} {ergonomic}
     bool UseCompressedOops                        = true                           {product lp64_product} {ergonomic}
     bool UseG1GC                                  = true                                      {product} {ergonomic}
     bool UseLargePagesIndividualAllocation        = false                                  {pd product} {ergonomic}

Logging:
Log output configuration:
 #0: stdout all=warning uptime,level,tags foldmultilines=false
 #1: stderr all=off uptime,level,tags foldmultilines=false

Release file:
JAVA_VERSION="21.0.12.1" 
MODULES="java.base java.compiler java.datatransfer java.xml java.prefs java.desktop java.instrument java.logging java.management java.security.sasl java.naming java.rmi java.management.rmi java.net.http java.scripting java.security.jgss java.transaction.xa java.sql java.sql.rowset java.xml.crypto java.se java.smartcardio jdk.accessibility jdk.internal.jvmstat jdk.attach jdk.charsets jdk.internal.opt jdk.zipfs jdk.compiler jdk.crypto.ec jdk.crypto.cryptoki jdk.crypto.mscapi jdk.dynalink jdk.internal.ed jdk.editpad jdk.hotspot.agent jdk.httpserver jdk.internal.le jdk.internal.vm.ci jdk.internal.vm.compiler jdk.internal.vm.compiler.management jdk.jartool jdk.javadoc jdk.jcmd jdk.management jdk.management.agent jdk.jconsole jdk.jdeps jdk.jdwp.agent jdk.jdi jdk.jfr jdk.jshell jdk.jsobject jdk.jstatd jdk.localedata jdk.management.jfr jdk.naming.dns jdk.naming.rmi jdk.net jdk.nio.mapmode jdk.random jdk.sctp jdk.security.auth jdk.security.jgss jdk.unsupported jdk.unsupported.desktop jdk.xml.dom" 

Environment Variables:
JAVA_HOME=C:\Program Files\Java\jdk-21
PATH=C:\Python314\Scripts\;C:\Python314\;C:\Program Files (x86)\VMware\VMware Workstation\bin\;C:\Program Files\Common Files\Oracle\Java\javapath;C:\WINDOWS\system32;C:\WINDOWS;C:\WINDOWS\System32\Wbem;C:\WINDOWS\System32\WindowsPowerShell\v1.0\;C:\WINDOWS\System32\OpenSSH\;C:\Program Files\Java\jdk-21\bin\;C:\Program Files\Java\jdk-21bin;C:\Program Files\Microsoft SQL Server\Client SDK\ODBC\170\Tools\Binn\;C:\Program Files (x86)\Microsoft SQL Server\150\Tools\Binn\;C:\Program Files\Microsoft SQL Server\150\Tools\Binn\;C:\Program Files\Microsoft SQL Server\150\DTS\Binn\;C:\Program Files (x86)\Microsoft SQL Server\150\DTS\Binn\;C:\Program Files\Azure Data Studio\bin;C:\Program Files\Java\jdk-21BIN;C:\Users\chae0\Downloads\node-v22.13.1-win-x64\;D:\Git\cmd;C:\Users\chae0\AppData\Local\Android\Sdk\platform-tools;C:\Program Files\dotnet\;C:\Program Files\nodejs\;C:\ProgramData\chocolatey\bin;C:\Users\chae0\AppData\Local\Android\Sdk\platform-tools;C:\Program Files\MySQL\MySQL Server 8.0\bin;C:\Users\chae0\AppData\Local\Programs\Python\Launcher\;C:\Users\chae0\AppData\Local\Microsoft\WindowsApps;C:\Program Files\Java\jdk-21\bin;C:\Program Files\Azure Data Studio\bin;C:\Users\chae0\AppData\Local\Programs\Microsoft VS Code\bin;C:\Users\chae0\.dotnet\tools;D:\downloads\flutter_windows_3.35.5-stable\flutter\bin;C:\Users\chae0\AppData\Roaming\npm
USERNAME=chae0
OS=Windows_NT
PROCESSOR_IDENTIFIER=Intel64 Family 6 Model 154 Stepping 3, GenuineIntel
TMP=C:\Users\chae0\AppData\Local\Temp
TEMP=C:\Users\chae0\AppData\Local\Temp




Periodic native trim disabled

---------------  S Y S T E M  ---------------

OS:
 Windows 11 , 64 bit Build 26100 (10.0.26100.9168)
OS uptime: 0 days 2:38 hours

CPU: total 16 (initial active 16) (16 cores per cpu, 1 threads per core) family 6 model 154 stepping 3 microcode 0x421, cx8, cmov, fxsr, mmx, 3dnowpref, sse, sse2, sse3, ssse3, sse4.1, sse4.2, popcnt, lzcnt, tsc, tscinvbit, avx, avx2, aes, erms, clmul, bmi1, bmi2, adx, sha, fma, vzeroupper, clflush, clflushopt, clwb, serialize, rdtscp, rdpid, fsrm, f16c, pku, cet_ibt, cet_ss
Processor Information for processor 0
  Max Mhz: 1700, Current Mhz: 1457, Mhz Limit: 1700
Processor Information for processor 1
  Max Mhz: 1700, Current Mhz: 1457, Mhz Limit: 1700
Processor Information for processor 2
  Max Mhz: 1700, Current Mhz: 1457, Mhz Limit: 1700
Processor Information for processor 3
  Max Mhz: 1700, Current Mhz: 1457, Mhz Limit: 1700
Processor Information for processor 4
  Max Mhz: 1700, Current Mhz: 1457, Mhz Limit: 1700
Processor Information for processor 5
  Max Mhz: 1700, Current Mhz: 1457, Mhz Limit: 1700
Processor Information for processor 6
  Max Mhz: 1700, Current Mhz: 1457, Mhz Limit: 1700
Processor Information for processor 7
  Max Mhz: 1700, Current Mhz: 1457, Mhz Limit: 1700
Processor Information for processor 8
  Max Mhz: 1700, Current Mhz: 1558, Mhz Limit: 1700
Processor Information for processor 9
  Max Mhz: 1700, Current Mhz: 1558, Mhz Limit: 1700
Processor Information for processor 10
  Max Mhz: 1700, Current Mhz: 1558, Mhz Limit: 1700
Processor Information for processor 11
  Max Mhz: 1700, Current Mhz: 1558, Mhz Limit: 1700
Processor Information for processor 12
  Max Mhz: 1700, Current Mhz: 1558, Mhz Limit: 1700
Processor Information for processor 13
  Max Mhz: 1700, Current Mhz: 1558, Mhz Limit: 1700
Processor Information for processor 14
  Max Mhz: 1700, Current Mhz: 1558, Mhz Limit: 1700
Processor Information for processor 15
  Max Mhz: 1700, Current Mhz: 1558, Mhz Limit: 1700

Memory: 4k page, system-wide physical 16066M (438M free)
TotalPageFile size 44125M (AvailPageFile size 114M)
current process WorkingSet (physical memory assigned to process): 249M, peak: 255M
current process commit charge ("private bytes"): 434M, peak: 440M

vm_info: OpenJDK 64-Bit Server VM (21.0.12.1+1-LTS) for windows-amd64 JRE (21.0.12.1+1-LTS), built on 2026-08-18T00:00:00Z by "admin" with MS VC++ 17.12 (VS2022)

END.
