#
# There is insufficient memory for the Java Runtime Environment to continue.
# Native memory allocation (mmap) failed to map 65536 bytes. Error detail: Failed to commit metaspace.
# Possible reasons:
#   The system is out of physical RAM or swap space
#   This process is running with CompressedOops enabled, and the Java Heap may be blocking the growth of the native heap
# Possible solutions:
#   Reduce memory load on the system
#   Increase physical memory or swap space
#   Check if swap backing store is full
#   Decrease Java heap size (-Xmx/-Xms)
#   Decrease number of Java threads
#   Decrease Java thread stack sizes (-Xss)
#   Set larger code cache with -XX:ReservedCodeCacheSize=
#   JVM is running with Unscaled Compressed Oops mode in which the Java heap is
#     placed in the first 4GB address space. The Java Heap base address is the
#     maximum limit for the native heap growth. Please use -XX:HeapBaseMinAddress
#     to set the Java Heap base and to place the Java Heap above 4GB virtual address.
# This output file may be truncated or incomplete.
#
#  Out of Memory Error (virtualSpaceNode.cpp:113), pid=31828, tid=30408
#
# JRE version: OpenJDK Runtime Environment Temurin-21.0.12.1+1 (21.0.12.1+1) (build 21.0.12.1+1-LTS)
# Java VM: OpenJDK 64-Bit Server VM Temurin-21.0.12.1+1 (21.0.12.1+1-LTS, mixed mode, sharing, tiered, compressed oops, compressed class ptrs, g1 gc, windows-amd64)
# No core dump will be written. Minidumps are not enabled by default on client versions of Windows
#

---------------  S U M M A R Y ------------

Command Line: --add-opens=java.base/java.lang=ALL-UNNAMED --add-opens=java.base/java.lang.invoke=ALL-UNNAMED --add-opens=java.base/java.util=ALL-UNNAMED --add-opens=java.prefs/java.util.prefs=ALL-UNNAMED --add-exports=jdk.compiler/com.sun.tools.javac.api=ALL-UNNAMED --add-exports=jdk.compiler/com.sun.tools.javac.util=ALL-UNNAMED --add-opens=java.base/java.util=ALL-UNNAMED --add-opens=java.prefs/java.util.prefs=ALL-UNNAMED --add-opens=java.base/java.nio.charset=ALL-UNNAMED --add-opens=java.base/java.net=ALL-UNNAMED --add-opens=java.base/java.util.concurrent=ALL-UNNAMED --add-opens=java.base/java.util.concurrent.atomic=ALL-UNNAMED --add-opens=java.xml/javax.xml.namespace=ALL-UNNAMED --add-opens=java.base/java.time=ALL-UNNAMED -XX:MaxMetaspaceSize=384m -XX:+HeapDumpOnOutOfMemoryError -Xms256m -Xmx512m -Dfile.encoding=UTF-8 -Duser.country=KR -Duser.language=ko -Duser.variant -javaagent:C:\Users\chae0\.gradle\wrapper\dists\gradle-9.4.1-bin\arn2x92ynaizyzdaamcbpbhtj\gradle-9.4.1\lib\agents\gradle-instrumentation-agent-9.4.1.jar org.gradle.launcher.daemon.bootstrap.GradleDaemon 9.4.1

Host: 12th Gen Intel(R) Core(TM) i5-1240P, 16 cores, 15G,  Windows 11 , 64 bit Build 26100 (10.0.26100.9168)
Time: Thu Sep 10 16:43:52 2026 elapsed time: 135.577367 seconds (0d 0h 2m 15s)

---------------  T H R E A D  ---------------

Current thread (0x00000206714cf820):  JavaThread "Daemon worker"        [_thread_in_vm, id=30408, stack(0x000000ed3ef00000,0x000000ed3f000000) (1024K)]

Stack: [0x000000ed3ef00000,0x000000ed3f000000]
Native frames: (J=compiled Java code, j=interpreted, Vv=VM code, C=native code)
V  [jvm.dll+0x6d83e9]
V  [jvm.dll+0x8b5736]
V  [jvm.dll+0x8b7cee]
V  [jvm.dll+0x8b83d3]
V  [jvm.dll+0x284596]
V  [jvm.dll+0x8b147e]
V  [jvm.dll+0x679ad4]
V  [jvm.dll+0x1e849b]
V  [jvm.dll+0x1e825e]
V  [jvm.dll+0x67c3d2]
V  [jvm.dll+0x67c202]
V  [jvm.dll+0x67a4ae]
V  [jvm.dll+0x3c7a23]
V  [jvm.dll+0x2118db]
V  [jvm.dll+0x5b6aa9]
V  [jvm.dll+0x82f77d]
V  [jvm.dll+0x479a6e]
V  [jvm.dll+0x48cde6]
C  [java.dll+0x1657]

Java frames: (J=compiled Java code, j=interpreted, Vv=VM code)
J 1962  java.lang.ClassLoader.defineClass0(Ljava/lang/ClassLoader;Ljava/lang/Class;Ljava/lang/String;[BIILjava/security/ProtectionDomain;ZILjava/lang/Object;)Ljava/lang/Class; java.base@21.0.12.1 (0 bytes) @ 0x000002065fc8f93c [0x000002065fc8f840+0x00000000000000fc]
J 2675 c1 java.lang.System$2.defineClass(Ljava/lang/ClassLoader;Ljava/lang/Class;Ljava/lang/String;[BLjava/security/ProtectionDomain;ZILjava/lang/Object;)Ljava/lang/Class; java.base@21.0.12.1 (21 bytes) @ 0x000002065854c9f4 [0x000002065854c940+0x00000000000000b4]
J 2674 c1 java.lang.invoke.MethodHandles$Lookup$ClassDefiner.defineClass(ZLjava/lang/Object;)Ljava/lang/Class; java.base@21.0.12.1 (213 bytes) @ 0x000002065854d8fc [0x000002065854d3a0+0x000000000000055c]
J 3054 c1 java.lang.invoke.InvokerBytecodeGenerator.loadMethod([B)Ljava/lang/invoke/MemberName; java.base@21.0.12.1 (39 bytes) @ 0x000002065861d70c [0x000002065861d580+0x000000000000018c]
J 2690 c1 java.lang.invoke.InvokerBytecodeGenerator.generateCustomizedCode(Ljava/lang/invoke/LambdaForm;Ljava/lang/invoke/MethodType;)Ljava/lang/invoke/MemberName; java.base@21.0.12.1 (34 bytes) @ 0x00000206585531b4 [0x0000020658553000+0x00000000000001b4]
J 2816 c1 java.lang.invoke.LambdaForm.compileToBytecode()V java.base@21.0.12.1 (164 bytes) @ 0x00000206585983f4 [0x0000020658598200+0x00000000000001f4]
j  java.lang.invoke.DirectMethodHandle.makePreparedLambdaForm(Ljava/lang/invoke/MethodType;I)Ljava/lang/invoke/LambdaForm;+750 java.base@21.0.12.1
J 1727 c1 java.lang.invoke.DirectMethodHandle.preparedLambdaForm(Ljava/lang/invoke/MemberName;Z)Ljava/lang/invoke/LambdaForm; java.base@21.0.12.1 (244 bytes) @ 0x00000206583765b4 [0x0000020658375c00+0x00000000000009b4]
J 3055 c1 java.lang.invoke.DirectMethodHandle.makeAllocator(Ljava/lang/invoke/MemberName;)Ljava/lang/invoke/DirectMethodHandle; java.base@21.0.12.1 (137 bytes) @ 0x000002065861de2c [0x000002065861dc20+0x000000000000020c]
J 2696 c1 java.lang.invoke.MethodHandles$Lookup.getDirectConstructorCommon(Ljava/lang/Class;Ljava/lang/invoke/MemberName;Z)Ljava/lang/invoke/MethodHandle; java.base@21.0.12.1 (69 bytes) @ 0x00000206585596d4 [0x0000020658559420+0x00000000000002b4]
J 4240 c1 java.lang.invoke.MethodHandles$Lookup.getDirectConstructorNoSecurityManager(Ljava/lang/Class;Ljava/lang/invoke/MemberName;)Ljava/lang/invoke/MethodHandle; java.base@21.0.12.1 (10 bytes) @ 0x0000020658036844 [0x00000206580367c0+0x0000000000000084]
J 4512 c1 java.lang.invoke.MethodHandles$Lookup.unreflectConstructor(Ljava/lang/reflect/Constructor;)Ljava/lang/invoke/MethodHandle; java.base@21.0.12.1 (55 bytes) @ 0x00000206582ef0a4 [0x00000206582eee60+0x0000000000000244]
J 3722 c1 jdk.internal.reflect.MethodHandleAccessorFactory.newConstructorAccessor(Ljava/lang/reflect/Constructor;)Ljdk/internal/reflect/ConstructorAccessorImpl; java.base@21.0.12.1 (84 bytes) @ 0x000002065877d59c [0x000002065877d280+0x000000000000031c]
J 3721 c1 jdk.internal.reflect.ReflectionFactory.newConstructorAccessor(Ljava/lang/reflect/Constructor;)Ljdk/internal/reflect/ConstructorAccessor; java.base@21.0.12.1 (144 bytes) @ 0x000002065877c9bc [0x000002065877c640+0x000000000000037c]
J 3964 c1 java.lang.reflect.Constructor.acquireConstructorAccessor()Ljdk/internal/reflect/ConstructorAccessor; java.base@21.0.12.1 (75 bytes) @ 0x00000206587fba64 [0x00000206587fb8c0+0x00000000000001a4]
J 1562 c1 java.lang.reflect.Constructor.newInstanceWithCaller([Ljava/lang/Object;ZLjava/lang/Class;)Ljava/lang/Object; java.base@21.0.12.1 (51 bytes) @ 0x0000020658325714 [0x00000206583255e0+0x0000000000000134]
J 5176 c1 org.gradle.internal.instantiation.generator.AsmBackedClassGenerator$InvokeConstructorStrategy.newInstance(Lorg/gradle/internal/service/ServiceLookup;Lorg/gradle/internal/instantiation/InstanceGenerator;Lorg/gradle/api/Describable;[Ljava/lang/Object;)Ljava/lang/Object; (66 bytes) @ 0x00000206589122bc [0x00000206589119a0+0x000000000000091c]
J 5175 c1 org.gradle.internal.instantiation.generator.AbstractClassGenerator$GeneratedClassImpl$GeneratedConstructorImpl.newInstance(Lorg/gradle/internal/service/ServiceLookup;Lorg/gradle/internal/instantiation/InstanceGenerator;Lorg/gradle/api/Describable;[Ljava/lang/Object;)Ljava/lang/Object; (15 bytes) @ 0x000002065890ce7c [0x000002065890cdc0+0x00000000000000bc]
J 5173 c1 org.gradle.internal.instantiation.generator.DependencyInjectingInstantiator.doCreate(Ljava/lang/Class;Lorg/gradle/api/Describable;[Ljava/lang/Object;)Ljava/lang/Object; (64 bytes) @ 0x000002065890c59c [0x000002065890c3a0+0x00000000000001fc]
J 5178 c1 org.gradle.internal.instantiation.generator.DependencyInjectingInstantiator.newInstance(Ljava/lang/Class;[Ljava/lang/Object;)Ljava/lang/Object; (8 bytes) @ 0x0000020658913ccc [0x0000020658913c40+0x000000000000008c]
j  org.gradle.api.internal.artifacts.DefaultDependencyManagementServices$DependencyResolutionScopeServices.createDependencyHandler(Lorg/gradle/internal/reflect/Instantiator;Lorg/gradle/api/internal/artifacts/configurations/ConfigurationContainerInternal;Lorg/gradle/api/internal/artifacts/dsl/dependencies/DependencyFactoryInternal;Lorg/gradle/api/internal/artifacts/dsl/dependencies/ProjectFinder;Lorg/gradle/api/artifacts/dsl/DependencyConstraintHandler;Lorg/gradle/api/artifacts/dsl/ComponentMetadataHandler;Lorg/gradle/api/artifacts/dsl/ComponentModuleMetadataHandler;Lorg/gradle/api/internal/artifacts/query/ArtifactResolutionQueryFactory;Lorg/gradle/api/attributes/AttributesSchema;Lorg/gradle/api/internal/artifacts/VariantTransformRegistry;Lorg/gradle/api/internal/artifacts/type/ArtifactTypeRegistry;Lorg/gradle/api/model/ObjectFactory;Lorg/gradle/api/internal/artifacts/dsl/dependencies/PlatformSupport;)Lorg/gradle/api/artifacts/dsl/DependencyHandler;+72
j  java.lang.invoke.LambdaForm$DMH+0x0000020601496c00.invokeVirtual(Ljava/lang/Object;Ljava/lang/Object;Ljava/lang/Object;Ljava/lang/Object;Ljava/lang/Object;Ljava/lang/Object;Ljava/lang/Object;Ljava/lang/Object;Ljava/lang/Object;Ljava/lang/Object;Ljava/lang/Object;Ljava/lang/Object;Ljava/lang/Object;Ljava/lang/Object;Ljava/lang/Object;)Ljava/lang/Object;+36 java.base@21.0.12.1
j  java.lang.invoke.LambdaForm$MH+0x000002060178fc00.invoke(Ljava/lang/Object;Ljava/lang/Object;Ljava/lang/Object;Ljava/lang/Object;Ljava/lang/Object;Ljava/lang/Object;Ljava/lang/Object;Ljava/lang/Object;Ljava/lang/Object;Ljava/lang/Object;Ljava/lang/Object;Ljava/lang/Object;Ljava/lang/Object;Ljava/lang/Object;Ljava/lang/Object;)Ljava/lang/Object;+275 java.base@21.0.12.1
j  java.lang.invoke.LambdaForm$MH+0x000002060149b000.invoke(Ljava/lang/Object;Ljava/lang/Object;Ljava/lang/Object;)Ljava/lang/Object;+142 java.base@21.0.12.1
J 2239 c1 jdk.internal.reflect.DirectMethodHandleAccessor.invoke(Ljava/lang/Object;[Ljava/lang/Object;)Ljava/lang/Object; java.base@21.0.12.1 (92 bytes) @ 0x000002065847a124 [0x00000206584798c0+0x0000000000000864]
J 3592 c1 org.gradle.internal.reflect.JavaMethod.invoke(Ljava/lang/Object;[Ljava/lang/Object;)Ljava/lang/Object; (87 bytes) @ 0x0000020658748bbc [0x0000020658748640+0x000000000000057c]
J 3591 c1 org.gradle.internal.service.ReflectionBasedServiceMethod.invoke(Ljava/lang/Object;[Ljava/lang/Object;)Ljava/lang/Object; (16 bytes) @ 0x0000020658748054 [0x0000020658747fc0+0x0000000000000094]
J 4818 c1 org.gradle.internal.service.DefaultServiceRegistry$FactoryMethodService.invokeMethod([Ljava/lang/Object;)Ljava/lang/Object; (147 bytes) @ 0x000002065886bd7c [0x000002065886bbe0+0x000000000000019c]
J 3632 c1 org.gradle.internal.service.DefaultServiceRegistry$FactoryMethodService.createServiceInstance()Ljava/lang/Object; (17 bytes) @ 0x000002065875c1d4 [0x000002065875c0e0+0x00000000000000f4]
J 3003 c1 org.gradle.internal.service.DefaultServiceRegistry$ManagedObjectServiceProvider.getInstance()Ljava/lang/Object; (44 bytes) @ 0x0000020658604c8c [0x0000020658604ae0+0x00000000000001ac]
J 2826 c1 org.gradle.internal.service.DefaultServiceRegistry$SingletonService.get()Ljava/lang/Object; (5 bytes) @ 0x000002065859bb3c [0x000002065859bac0+0x000000000000007c]
j  org.gradle.internal.service.DefaultServiceRegistry.find(Ljava/lang/reflect/Type;)Ljava/lang/Object;+22
j  org.gradle.internal.service.DefaultServiceRegistry.get(Ljava/lang/reflect/Type;)Ljava/lang/Object;+2
j  org.gradle.internal.service.DefaultServiceRegistry.get(Ljava/lang/Class;)Ljava/lang/Object;+3
j  org.gradle.api.internal.artifacts.DefaultDependencyManagementServices$DefaultDependencyResolutionServices.getDependencyHandler()Lorg/gradle/api/artifacts/dsl/DependencyHandler;+6
j  org.gradle.api.internal.initialization.DefaultScriptHandler.defineConfiguration()V+35
j  org.gradle.api.internal.initialization.DefaultScriptHandler.addScriptClassPathDependency(Lorg/gradle/api/artifacts/Dependency;)V+1
j  org.gradle.plugin.use.internal.DefaultPluginRequestApplicator$$Lambda+0x0000020601783148.accept(Ljava/lang/Object;)V+8
j  java.util.ArrayList.forEach(Ljava/util/function/Consumer;)V+46 java.base@21.0.12.1
j  org.gradle.plugin.use.internal.DefaultPluginRequestApplicator.applyPlugins(Lorg/gradle/plugin/management/internal/PluginRequests;Lorg/gradle/api/internal/initialization/ScriptHandlerInternal;Lorg/gradle/api/internal/plugins/PluginManagerInternal;Lorg/gradle/api/internal/initialization/ClassLoaderScope;)V+236
j  org.gradle.configuration.DefaultScriptPluginFactory$ScriptPluginImpl.apply(Ljava/lang/Object;)V+174
j  org.gradle.configuration.BuildOperationScriptPlugin$1.run(Lorg/gradle/internal/operations/BuildOperationContext;)V+11
j  org.gradle.internal.operations.DefaultBuildOperationRunner$1.execute(Lorg/gradle/internal/operations/RunnableBuildOperation;Lorg/gradle/internal/operations/BuildOperationContext;)V+2
j  org.gradle.internal.operations.DefaultBuildOperationRunner$1.execute(Lorg/gradle/internal/operations/BuildOperation;Lorg/gradle/internal/operations/BuildOperationContext;)V+6
j  org.gradle.internal.operations.DefaultBuildOperationRunner$2.execute(Lorg/gradle/internal/operations/BuildOperationDescriptor;Lorg/gradle/internal/operations/BuildOperationState;Lorg/gradle/internal/operations/BuildOperationState;Lorg/gradle/internal/operations/DefaultBuildOperationRunner$ReadableBuildOperationContext;Lorg/gradle/internal/operations/DefaultBuildOperationRunner$BuildOperationExecutionListener;)Lorg/gradle/internal/operations/BuildOperation;+22
j  org.gradle.internal.operations.DefaultBuildOperationRunner$2.execute(Lorg/gradle/internal/operations/BuildOperationDescriptor;Lorg/gradle/internal/operations/BuildOperationState;Lorg/gradle/internal/operations/BuildOperationState;Lorg/gradle/internal/operations/DefaultBuildOperationRunner$ReadableBuildOperationContext;Lorg/gradle/internal/operations/DefaultBuildOperationRunner$BuildOperationExecutionListener;)Ljava/lang/Object;+8
j  org.gradle.internal.operations.DefaultBuildOperationRunner.execute(Lorg/gradle/internal/operations/BuildOperationDescriptor$Builder;Lorg/gradle/internal/operations/DefaultBuildOperationRunner$BuildOperationExecution;)Ljava/lang/Object;+141
j  org.gradle.internal.operations.DefaultBuildOperationRunner.execute(Lorg/gradle/internal/operations/BuildOperation;Lorg/gradle/internal/operations/BuildOperationWorker;)V+17
j  org.gradle.internal.operations.DefaultBuildOperationRunner.run(Lorg/gradle/internal/operations/RunnableBuildOperation;)V+5
j  org.gradle.configuration.BuildOperationScriptPlugin.lambda$apply$0(Ljava/lang/Object;Lorg/gradle/internal/code/UserCodeApplicationId;)V+14
j  org.gradle.configuration.BuildOperationScriptPlugin$$Lambda+0x00000206015625f8.execute(Ljava/lang/Object;)V+12
j  org.gradle.internal.code.DefaultUserCodeApplicationContext.apply(Lorg/gradle/internal/code/UserCodeSource;Lorg/gradle/api/Action;)V+37
j  org.gradle.configuration.BuildOperationScriptPlugin.apply(Ljava/lang/Object;)V+71
j  org.gradle.configuration.project.BuildScriptProcessor$$Lambda+0x00000206016cd4f0.accept(Ljava/lang/Object;)V+8
j  org.gradle.api.internal.project.DefaultProjectStateRegistry$ProjectStateImpl.lambda$applyToMutableState$0(Ljava/util/function/Consumer;Lorg/gradle/api/internal/project/ProjectInternal;)Ljava/lang/Object;+2
j  org.gradle.api.internal.project.DefaultProjectStateRegistry$ProjectStateImpl$$Lambda+0x000002060168a238.apply(Ljava/lang/Object;)Ljava/lang/Object;+8
j  org.gradle.api.internal.project.DefaultProjectStateRegistry$ProjectStateImpl.lambda$fromMutableState$1(Ljava/util/function/Function;)Ljava/lang/Object;+5
j  org.gradle.api.internal.project.DefaultProjectStateRegistry$ProjectStateImpl$$Lambda+0x000002060168a480.get()Ljava/lang/Object;+8
j  org.gradle.api.internal.project.DefaultProjectStateRegistry$ProjectStateImpl.runWithModelLock(Ljava/util/function/Supplier;)Ljava/lang/Object;+89
j  org.gradle.api.internal.project.DefaultProjectStateRegistry$ProjectStateImpl.fromMutableState(Ljava/util/function/Function;)Ljava/lang/Object;+8
j  org.gradle.api.internal.project.DefaultProjectStateRegistry$ProjectStateImpl.applyToMutableState(Ljava/util/function/Consumer;)V+7
j  org.gradle.configuration.project.BuildScriptProcessor.execute(Lorg/gradle/api/internal/project/ProjectInternal;)V+88
j  org.gradle.configuration.project.BuildScriptProcessor.execute(Ljava/lang/Object;)V+5
j  org.gradle.configuration.project.ConfigureActionsProjectEvaluator.evaluate(Lorg/gradle/api/internal/project/ProjectInternal;Lorg/gradle/api/internal/project/ProjectStateInternal;)V+33
j  org.gradle.configuration.project.LifecycleProjectEvaluator$EvaluateProject.lambda$run$0(Lorg/gradle/internal/operations/BuildOperationContext;Lorg/gradle/api/internal/project/ProjectInternal;)V+67
j  org.gradle.configuration.project.LifecycleProjectEvaluator$EvaluateProject$$Lambda+0x000002060169d3f0.accept(Ljava/lang/Object;)V+12
j  org.gradle.api.internal.project.DefaultProjectStateRegistry$ProjectStateImpl.lambda$applyToMutableState$0(Ljava/util/function/Consumer;Lorg/gradle/api/internal/project/ProjectInternal;)Ljava/lang/Object;+2
j  org.gradle.api.internal.project.DefaultProjectStateRegistry$ProjectStateImpl$$Lambda+0x000002060168a238.apply(Ljava/lang/Object;)Ljava/lang/Object;+8
j  org.gradle.api.internal.project.DefaultProjectStateRegistry$ProjectStateImpl.lambda$fromMutableState$1(Ljava/util/function/Function;)Ljava/lang/Object;+5
j  org.gradle.api.internal.project.DefaultProjectStateRegistry$ProjectStateImpl$$Lambda+0x000002060168a480.get()Ljava/lang/Object;+8
j  org.gradle.api.internal.project.DefaultProjectStateRegistry$ProjectStateImpl$$Lambda+0x000002060168a6a8.create()Ljava/lang/Object;+4
j  org.gradle.internal.work.DefaultWorkerLeaseService.lambda$withLocksAcquired$0(Lorg/gradle/internal/Factory;Ljava/util/Collection;)Ljava/lang/Object;+1
j  org.gradle.internal.work.DefaultWorkerLeaseService$$Lambda+0x0000020601287be0.create()Ljava/lang/Object;+12
j  org.gradle.internal.work.ResourceLockStatistics$1.measure(Ljava/lang/String;Ljava/lang/Iterable;Lorg/gradle/internal/Factory;)Ljava/lang/Object;+1
j  org.gradle.internal.work.DefaultWorkerLeaseService.withLocksAcquired(Ljava/util/Collection;Lorg/gradle/internal/Factory;)Ljava/lang/Object;+21
j  org.gradle.internal.work.DefaultWorkerLeaseService.lambda$withReplacedLocks$3(Lorg/gradle/internal/resources/ResourceLock;Lorg/gradle/internal/Factory;)Ljava/lang/Object;+6
j  org.gradle.internal.work.DefaultWorkerLeaseService$$Lambda+0x000002060168a8d0.create()Ljava/lang/Object;+12
j  org.gradle.internal.work.DefaultWorkerLeaseService.withoutLocks(Ljava/util/Collection;Lorg/gradle/internal/Factory;)Ljava/lang/Object;+10
j  org.gradle.internal.work.DefaultWorkerLeaseService.withReplacedLocks(Ljava/util/Collection;Lorg/gradle/internal/resources/ResourceLock;Lorg/gradle/internal/Factory;)Ljava/lang/Object;+27
j  org.gradle.api.internal.project.DefaultProjectStateRegistry$ProjectStateImpl.runWithModelLock(Ljava/util/function/Supplier;)Ljava/lang/Object;+129
j  org.gradle.api.internal.project.DefaultProjectStateRegistry$ProjectStateImpl.fromMutableState(Ljava/util/function/Function;)Ljava/lang/Object;+8
j  org.gradle.api.internal.project.DefaultProjectStateRegistry$ProjectStateImpl.applyToMutableState(Ljava/util/function/Consumer;)V+7
j  org.gradle.configuration.project.LifecycleProjectEvaluator$EvaluateProject.run(Lorg/gradle/internal/operations/BuildOperationContext;)V+16
j  org.gradle.internal.operations.DefaultBuildOperationRunner$1.execute(Lorg/gradle/internal/operations/RunnableBuildOperation;Lorg/gradle/internal/operations/BuildOperationContext;)V+2
j  org.gradle.internal.operations.DefaultBuildOperationRunner$1.execute(Lorg/gradle/internal/operations/BuildOperation;Lorg/gradle/internal/operations/BuildOperationContext;)V+6
j  org.gradle.internal.operations.DefaultBuildOperationRunner$2.execute(Lorg/gradle/internal/operations/BuildOperationDescriptor;Lorg/gradle/internal/operations/BuildOperationState;Lorg/gradle/internal/operations/BuildOperationState;Lorg/gradle/internal/operations/DefaultBuildOperationRunner$ReadableBuildOperationContext;Lorg/gradle/internal/operations/DefaultBuildOperationRunner$BuildOperationExecutionListener;)Lorg/gradle/internal/operations/BuildOperation;+22
j  org.gradle.internal.operations.DefaultBuildOperationRunner$2.execute(Lorg/gradle/internal/operations/BuildOperationDescriptor;Lorg/gradle/internal/operations/BuildOperationState;Lorg/gradle/internal/operations/BuildOperationState;Lorg/gradle/internal/operations/DefaultBuildOperationRunner$ReadableBuildOperationContext;Lorg/gradle/internal/operations/DefaultBuildOperationRunner$BuildOperationExecutionListener;)Ljava/lang/Object;+8
j  org.gradle.internal.operations.DefaultBuildOperationRunner.execute(Lorg/gradle/internal/operations/BuildOperationDescriptor$Builder;Lorg/gradle/internal/operations/DefaultBuildOperationRunner$BuildOperationExecution;)Ljava/lang/Object;+141
j  org.gradle.internal.operations.DefaultBuildOperationRunner.execute(Lorg/gradle/internal/operations/BuildOperation;Lorg/gradle/internal/operations/BuildOperationWorker;)V+17
j  org.gradle.internal.operations.DefaultBuildOperationRunner.run(Lorg/gradle/internal/operations/RunnableBuildOperation;)V+5
j  org.gradle.configuration.project.LifecycleProjectEvaluator.evaluate(Lorg/gradle/api/internal/project/ProjectInternal;Lorg/gradle/api/internal/project/ProjectStateInternal;)V+42
j  org.gradle.api.internal.project.DefaultProject.evaluateUnchecked()Lorg/gradle/api/internal/project/ProjectInternal;+20
j  org.gradle.api.internal.project.ProjectLifecycleController.lambda$ensureSelfConfigured$2()V+4
j  org.gradle.api.internal.project.ProjectLifecycleController$$Lambda+0x00000206016977b0.run()V+4
j  org.gradle.internal.model.StateTransitionController.lambda$doTransition$15(Ljava/lang/Runnable;)Lorg/gradle/internal/build/ExecutionResult;+1
j  org.gradle.internal.model.StateTransitionController$$Lambda+0x0000020601463fc0.get()Ljava/lang/Object;+4
j  org.gradle.internal.model.StateTransitionController.doTransition(Lorg/gradle/internal/model/StateTransitionController$State;Lorg/gradle/internal/model/StateTransitionController$State;Ljava/util/function/Supplier;)Lorg/gradle/internal/build/ExecutionResult;+24
j  org.gradle.internal.model.StateTransitionController.doTransition(Lorg/gradle/internal/model/StateTransitionController$State;Lorg/gradle/internal/model/StateTransitionController$State;Ljava/lang/Runnable;)V+9
j  org.gradle.internal.model.StateTransitionController.lambda$maybeTransitionIfNotCurrentlyTransitioning$11(Lorg/gradle/internal/model/StateTransitionController$State;Lorg/gradle/internal/model/StateTransitionController$State;Ljava/lang/Runnable;)V+16
j  org.gradle.internal.model.StateTransitionController$$Lambda+0x00000206016979d8.run()V+16
j  org.gradle.internal.work.DefaultSynchronizer.withLock(Ljava/lang/Runnable;)V+6
j  org.gradle.internal.model.StateTransitionController.maybeTransitionIfNotCurrentlyTransitioning(Lorg/gradle/internal/model/StateTransitionController$State;Lorg/gradle/internal/model/StateTransitionController$State;Ljava/lang/Runnable;)V+13
j  org.gradle.api.internal.project.ProjectLifecycleController.ensureSelfConfigured()V+16
j  org.gradle.api.internal.project.DefaultProjectStateRegistry$ProjectStateImpl.ensureConfigured()V+19
j  org.gradle.execution.TaskPathProjectEvaluator.configure(Lorg/gradle/api/internal/project/ProjectInternal;)V+6
j  org.gradle.execution.TaskPathProjectEvaluator.configureHierarchy(Lorg/gradle/api/internal/project/ProjectInternal;)V+2
j  org.gradle.configuration.DefaultProjectsPreparer.prepareProjects(Lorg/gradle/api/internal/GradleInternal;)V+52
j  org.gradle.configuration.BuildTreePreparingProjectsPreparer.prepareProjects(Lorg/gradle/api/internal/GradleInternal;)V+114
j  org.gradle.configuration.BuildOperationFiringProjectsPreparer$ConfigureBuild.run(Lorg/gradle/internal/operations/BuildOperationContext;)V+11
j  org.gradle.internal.operations.DefaultBuildOperationRunner$1.execute(Lorg/gradle/internal/operations/RunnableBuildOperation;Lorg/gradle/internal/operations/BuildOperationContext;)V+2
j  org.gradle.internal.operations.DefaultBuildOperationRunner$1.execute(Lorg/gradle/internal/operations/BuildOperation;Lorg/gradle/internal/operations/BuildOperationContext;)V+6
j  org.gradle.internal.operations.DefaultBuildOperationRunner$2.execute(Lorg/gradle/internal/operations/BuildOperationDescriptor;Lorg/gradle/internal/operations/BuildOperationState;Lorg/gradle/internal/operations/BuildOperationState;Lorg/gradle/internal/operations/DefaultBuildOperationRunner$ReadableBuildOperationContext;Lorg/gradle/internal/operations/DefaultBuildOperationRunner$BuildOperationExecutionListener;)Lorg/gradle/internal/operations/BuildOperation;+22
j  org.gradle.internal.operations.DefaultBuildOperationRunner$2.execute(Lorg/gradle/internal/operations/BuildOperationDescriptor;Lorg/gradle/internal/operations/BuildOperationState;Lorg/gradle/internal/operations/BuildOperationState;Lorg/gradle/internal/operations/DefaultBuildOperationRunner$ReadableBuildOperationContext;Lorg/gradle/internal/operations/DefaultBuildOperationRunner$BuildOperationExecutionListener;)Ljava/lang/Object;+8
j  org.gradle.internal.operations.DefaultBuildOperationRunner.execute(Lorg/gradle/internal/operations/BuildOperationDescriptor$Builder;Lorg/gradle/internal/operations/DefaultBuildOperationRunner$BuildOperationExecution;)Ljava/lang/Object;+141
j  org.gradle.internal.operations.DefaultBuildOperationRunner.execute(Lorg/gradle/internal/operations/BuildOperation;Lorg/gradle/internal/operations/BuildOperationWorker;)V+17
j  org.gradle.internal.operations.DefaultBuildOperationRunner.run(Lorg/gradle/internal/operations/RunnableBuildOperation;)V+5
j  org.gradle.configuration.BuildOperationFiringProjectsPreparer.prepareProjects(Lorg/gradle/api/internal/GradleInternal;)V+13
j  org.gradle.initialization.VintageBuildModelController.lambda$prepareProjects$2()V+8
j  org.gradle.initialization.VintageBuildModelController$$Lambda+0x0000020601643620.run()V+4
j  org.gradle.internal.model.StateTransitionController.lambda$doTransition$15(Ljava/lang/Runnable;)Lorg/gradle/internal/build/ExecutionResult;+1
j  org.gradle.internal.model.StateTransitionController$$Lambda+0x0000020601463fc0.get()Ljava/lang/Object;+4
j  org.gradle.internal.model.StateTransitionController.doTransition(Lorg/gradle/internal/model/StateTransitionController$State;Lorg/gradle/internal/model/StateTransitionController$State;Ljava/util/function/Supplier;)Lorg/gradle/internal/build/ExecutionResult;+24
j  org.gradle.internal.model.StateTransitionController.doTransition(Lorg/gradle/internal/model/StateTransitionController$State;Lorg/gradle/internal/model/StateTransitionController$State;Ljava/lang/Runnable;)V+9
j  org.gradle.internal.model.StateTransitionController.lambda$transitionIfNotPreviously$12(Lorg/gradle/internal/model/StateTransitionController$State;Lorg/gradle/internal/model/StateTransitionController$State;Ljava/lang/Runnable;)V+16
j  org.gradle.internal.model.StateTransitionController$$Lambda+0x0000020601464410.run()V+16
j  org.gradle.internal.work.DefaultSynchronizer.withLock(Ljava/lang/Runnable;)V+6
j  org.gradle.internal.model.StateTransitionController.transitionIfNotPreviously(Lorg/gradle/internal/model/StateTransitionController$State;Lorg/gradle/internal/model/StateTransitionController$State;Ljava/lang/Runnable;)V+13
j  org.gradle.initialization.VintageBuildModelController.prepareProjects()V+16
j  org.gradle.initialization.VintageBuildModelController.prepareToScheduleTasks()V+5
j  org.gradle.internal.build.DefaultBuildLifecycleController.lambda$prepareToScheduleTasks$7()V+9
j  org.gradle.internal.build.DefaultBuildLifecycleController$$Lambda+0x0000020601463b70.run()V+4
j  org.gradle.internal.model.StateTransitionController.lambda$doTransition$15(Ljava/lang/Runnable;)Lorg/gradle/internal/build/ExecutionResult;+1
j  org.gradle.internal.model.StateTransitionController$$Lambda+0x0000020601463fc0.get()Ljava/lang/Object;+4
j  org.gradle.internal.model.StateTransitionController.doTransition(Lorg/gradle/internal/model/StateTransitionController$State;Lorg/gradle/internal/model/StateTransitionController$State;Ljava/util/function/Supplier;)Lorg/gradle/internal/build/ExecutionResult;+24
j  org.gradle.internal.model.StateTransitionController.doTransition(Lorg/gradle/internal/model/StateTransitionController$State;Lorg/gradle/internal/model/StateTransitionController$State;Ljava/lang/Runnable;)V+9
j  org.gradle.internal.model.StateTransitionController.lambda$maybeTransition$10(Lorg/gradle/internal/model/StateTransitionController$State;Lorg/gradle/internal/model/StateTransitionController$State;Ljava/lang/Runnable;)V+16
j  org.gradle.internal.model.StateTransitionController$$Lambda+0x0000020601463d98.run()V+16
j  org.gradle.internal.work.DefaultSynchronizer.withLock(Ljava/lang/Runnable;)V+6
j  org.gradle.internal.model.StateTransitionController.maybeTransition(Lorg/gradle/internal/model/StateTransitionController$State;Lorg/gradle/internal/model/StateTransitionController$State;Ljava/lang/Runnable;)V+13
j  org.gradle.internal.build.DefaultBuildLifecycleController.prepareToScheduleTasks()V+16
j  org.gradle.internal.buildtree.DefaultBuildTreeWorkPreparer.scheduleRequestedTasks(Lorg/gradle/internal/buildtree/BuildTreeWorkGraph;Lorg/gradle/execution/EntryTaskSelector;)Lorg/gradle/internal/buildtree/BuildTreeWorkGraph$FinalizedGraph;+4
j  org.gradle.internal.cc.impl.barrier.BarrierAwareBuildTreeWorkPreparer.scheduleRequestedTasks$lambda$0(Lorg/gradle/internal/cc/impl/barrier/BarrierAwareBuildTreeWorkPreparer;Lorg/gradle/internal/buildtree/BuildTreeWorkGraph;Lorg/gradle/execution/EntryTaskSelector;)Lorg/gradle/internal/buildtree/BuildTreeWorkGraph$FinalizedGraph;+6
j  org.gradle.internal.cc.impl.barrier.BarrierAwareBuildTreeWorkPreparer$$Lambda+0x0000020601451540.invoke()Ljava/lang/Object;+12
j  org.gradle.internal.cc.impl.barrier.VintageConfigurationTimeActionRunner.runConfigurationTimeAction(Lkotlin/jvm/functions/Function0;)Ljava/lang/Object;+25
j  org.gradle.internal.cc.impl.barrier.BarrierAwareBuildTreeWorkPreparer.scheduleRequestedTasks(Lorg/gradle/internal/buildtree/BuildTreeWorkGraph;Lorg/gradle/execution/EntryTaskSelector;)Lorg/gradle/internal/buildtree/BuildTreeWorkGraph$FinalizedGraph;+18
j  org.gradle.internal.cc.impl.VintageBuildTreeWorkController$scheduleAndRunRequestedTasks$1$finalizedGraph$1.call()Lorg/gradle/internal/buildtree/BuildTreeWorkGraph$FinalizedGraph;+15
j  org.gradle.internal.cc.impl.VintageBuildTreeWorkController$scheduleAndRunRequestedTasks$1$finalizedGraph$1.call()Ljava/lang/Object;+1
j  org.gradle.internal.Try.ofFailable(Ljava/util/concurrent/Callable;)Lorg/gradle/internal/Try;+1
j  org.gradle.internal.cc.impl.VintageBuildTreeWorkController$scheduleAndRunRequestedTasks$1.apply(Lorg/gradle/internal/buildtree/BuildTreeWorkGraph;)Lorg/gradle/internal/buildtree/BuildTreeWorkController$TaskRunResult;+25
j  org.gradle.internal.cc.impl.VintageBuildTreeWorkController$scheduleAndRunRequestedTasks$1.apply(Ljava/lang/Object;)Ljava/lang/Object;+5
j  org.gradle.composite.internal.DefaultIncludedBuildTaskGraph.withNewWorkGraph(Ljava/util/function/Function;)Ljava/lang/Object;+30
j  org.gradle.internal.cc.impl.VintageBuildTreeWorkController.scheduleAndRunRequestedTasks(Lorg/gradle/execution/EntryTaskSelector;)Lorg/gradle/internal/buildtree/BuildTreeWorkController$TaskRunResult;+16
j  org.gradle.internal.buildtree.DefaultBuildTreeLifecycleController.lambda$scheduleAndRunTasks$1(Lorg/gradle/execution/EntryTaskSelector;)Lorg/gradle/internal/build/ExecutionResult;+5
j  org.gradle.internal.buildtree.DefaultBuildTreeLifecycleController$$Lambda+0x00000206014620e8.get()Ljava/lang/Object;+8
j  org.gradle.internal.buildtree.DefaultBuildTreeLifecycleController.lambda$runBuild$5(Ljava/util/function/Supplier;)Ljava/lang/Object;+1
j  org.gradle.internal.buildtree.DefaultBuildTreeLifecycleController$$Lambda+0x0000020601462310.get()Ljava/lang/Object;+8
j  org.gradle.internal.model.StateTransitionController.lambda$transition$7(Ljava/util/function/Supplier;)Lorg/gradle/internal/build/ExecutionResult;+1
j  org.gradle.internal.model.StateTransitionController$$Lambda+0x0000020601462760.get()Ljava/lang/Object;+4
j  org.gradle.internal.model.StateTransitionController.doTransition(Lorg/gradle/internal/model/StateTransitionController$State;Lorg/gradle/internal/model/StateTransitionController$State;Ljava/util/function/Supplier;)Lorg/gradle/internal/build/ExecutionResult;+24
j  org.gradle.internal.model.StateTransitionController.lambda$transition$8(Lorg/gradle/internal/model/StateTransitionController$State;Lorg/gradle/internal/model/StateTransitionController$State;Ljava/util/function/Supplier;)Ljava/lang/Object;+9
j  org.gradle.internal.model.StateTransitionController$$Lambda+0x0000020601462538.create()Ljava/lang/Object;+16
j  org.gradle.internal.work.DefaultSynchronizer.withLock(Lorg/gradle/internal/Factory;)Ljava/lang/Object;+6
j  org.gradle.internal.model.StateTransitionController.transition(Lorg/gradle/internal/model/StateTransitionController$State;Lorg/gradle/internal/model/StateTransitionController$State;Ljava/util/function/Supplier;)Ljava/lang/Object;+13
j  org.gradle.internal.buildtree.DefaultBuildTreeLifecycleController.runBuild(Ljava/util/function/Supplier;)Ljava/lang/Object;+17
j  org.gradle.internal.buildtree.DefaultBuildTreeLifecycleController.scheduleAndRunTasks(Lorg/gradle/execution/EntryTaskSelector;)V+8
j  org.gradle.internal.buildtree.DefaultBuildTreeLifecycleController.scheduleAndRunTasks()V+2
j  org.gradle.tooling.internal.provider.runner.BuildModelActionRunner.run(Lorg/gradle/internal/invocation/BuildAction;Lorg/gradle/internal/buildtree/BuildTreeLifecycleController;)Lorg/gradle/internal/buildtree/BuildActionRunner$Result;+71
j  org.gradle.launcher.exec.ChainingBuildActionRunner.run(Lorg/gradle/internal/invocation/BuildAction;Lorg/gradle/internal/buildtree/BuildTreeLifecycleController;)Lorg/gradle/internal/buildtree/BuildActionRunner$Result;+34
j  org.gradle.internal.buildtree.ProblemReportingBuildActionRunner.run(Lorg/gradle/internal/invocation/BuildAction;Lorg/gradle/internal/buildtree/BuildTreeLifecycleController;)Lorg/gradle/internal/buildtree/BuildActionRunner$Result;+12
j  org.gradle.launcher.exec.BuildOutcomeReportingBuildActionRunner.run(Lorg/gradle/internal/invocation/BuildAction;Lorg/gradle/internal/buildtree/BuildTreeLifecycleController;)Lorg/gradle/internal/buildtree/BuildActionRunner$Result;+69
j  org.gradle.tooling.internal.provider.FileSystemWatchingBuildActionRunner.run(Lorg/gradle/internal/invocation/BuildAction;Lorg/gradle/internal/buildtree/BuildTreeLifecycleController;)Lorg/gradle/internal/buildtree/BuildActionRunner$Result;+317
j  org.gradle.launcher.exec.BuildCompletionNotifyingBuildActionRunner.run(Lorg/gradle/internal/invocation/BuildAction;Lorg/gradle/internal/buildtree/BuildTreeLifecycleController;)Lorg/gradle/internal/buildtree/BuildActionRunner$Result;+6
j  org.gradle.launcher.exec.RootBuildLifecycleBuildActionExecutor.lambda$execute$0(Lorg/gradle/internal/invocation/BuildAction;Lorg/gradle/internal/buildtree/BuildTreeLifecycleController;)Lorg/gradle/internal/buildtree/BuildActionRunner$Result;+6
j  org.gradle.launcher.exec.RootBuildLifecycleBuildActionExecutor$$Lambda+0x0000020601447988.apply(Ljava/lang/Object;)Ljava/lang/Object;+12
j  org.gradle.composite.internal.DefaultRootBuildState.run(Ljava/util/function/Function;)Ljava/lang/Object;+92
j  org.gradle.launcher.exec.RootBuildLifecycleBuildActionExecutor.execute(Lorg/gradle/internal/invocation/BuildAction;)Lorg/gradle/internal/buildtree/BuildActionRunner$Result;+91
j  org.gradle.launcher.exec.BuildTreeLifecycleBuildActionExecutor.runRootBuildAction(Lorg/gradle/internal/invocation/BuildAction;Lorg/gradle/internal/service/ServiceRegistry;Lorg/gradle/internal/buildtree/BuildActionModelRequirements;Lorg/gradle/internal/buildtree/BuildModelParameters;)Lorg/gradle/internal/buildtree/BuildActionRunner$Result;+42
j  org.gradle.launcher.exec.BuildTreeLifecycleBuildActionExecutor.execute(Lorg/gradle/internal/invocation/BuildAction;Lorg/gradle/internal/session/BuildSessionContext;)Lorg/gradle/internal/buildtree/BuildActionRunner$Result;+50
j  org.gradle.launcher.exec.RunAsBuildOperationBuildActionExecutor$2.call(Lorg/gradle/internal/operations/BuildOperationContext;)Lorg/gradle/internal/buildtree/BuildActionRunner$Result;+25
j  org.gradle.launcher.exec.RunAsBuildOperationBuildActionExecutor$2.call(Lorg/gradle/internal/operations/BuildOperationContext;)Ljava/lang/Object;+2
j  org.gradle.internal.operations.DefaultBuildOperationRunner$CallableBuildOperationWorker.execute(Lorg/gradle/internal/operations/CallableBuildOperation;Lorg/gradle/internal/operations/BuildOperationContext;)V+3
j  org.gradle.internal.operations.DefaultBuildOperationRunner$CallableBuildOperationWorker.execute(Lorg/gradle/internal/operations/BuildOperation;Lorg/gradle/internal/operations/BuildOperationContext;)V+6
j  org.gradle.internal.operations.DefaultBuildOperationRunner$2.execute(Lorg/gradle/internal/operations/BuildOperationDescriptor;Lorg/gradle/internal/operations/BuildOperationState;Lorg/gradle/internal/operations/BuildOperationState;Lorg/gradle/internal/operations/DefaultBuildOperationRunner$ReadableBuildOperationContext;Lorg/gradle/internal/operations/DefaultBuildOperationRunner$BuildOperationExecutionListener;)Lorg/gradle/internal/operations/BuildOperation;+22
j  org.gradle.internal.operations.DefaultBuildOperationRunner$2.execute(Lorg/gradle/internal/operations/BuildOperationDescriptor;Lorg/gradle/internal/operations/BuildOperationState;Lorg/gradle/internal/operations/BuildOperationState;Lorg/gradle/internal/operations/DefaultBuildOperationRunner$ReadableBuildOperationContext;Lorg/gradle/internal/operations/DefaultBuildOperationRunner$BuildOperationExecutionListener;)Ljava/lang/Object;+8
j  org.gradle.internal.operations.DefaultBuildOperationRunner.execute(Lorg/gradle/internal/operations/BuildOperationDescriptor$Builder;Lorg/gradle/internal/operations/DefaultBuildOperationRunner$BuildOperationExecution;)Ljava/lang/Object;+141
j  org.gradle.internal.operations.DefaultBuildOperationRunner.execute(Lorg/gradle/internal/operations/BuildOperation;Lorg/gradle/internal/operations/BuildOperationWorker;)V+17
j  org.gradle.internal.operations.DefaultBuildOperationRunner.call(Lorg/gradle/internal/operations/CallableBuildOperation;)Ljava/lang/Object;+12
j  org.gradle.launcher.exec.RunAsBuildOperationBuildActionExecutor.execute(Lorg/gradle/internal/invocation/BuildAction;Lorg/gradle/internal/session/BuildSessionContext;)Lorg/gradle/internal/buildtree/BuildActionRunner$Result;+23
j  org.gradle.launcher.exec.RunAsWorkerThreadBuildActionExecutor.lambda$execute$0(Lorg/gradle/internal/invocation/BuildAction;Lorg/gradle/internal/session/BuildSessionContext;)Lorg/gradle/internal/buildtree/BuildActionRunner$Result;+6
j  org.gradle.launcher.exec.RunAsWorkerThreadBuildActionExecutor$$Lambda+0x0000020601286020.create()Ljava/lang/Object;+12
j  org.gradle.internal.work.DefaultWorkerLeaseService.lambda$withLocksAcquired$0(Lorg/gradle/internal/Factory;Ljava/util/Collection;)Ljava/lang/Object;+1
j  org.gradle.internal.work.DefaultWorkerLeaseService$$Lambda+0x0000020601287be0.create()Ljava/lang/Object;+12
j  org.gradle.internal.work.ResourceLockStatistics$1.measure(Ljava/lang/String;Ljava/lang/Iterable;Lorg/gradle/internal/Factory;)Ljava/lang/Object;+1
j  org.gradle.internal.work.DefaultWorkerLeaseService.withLocksAcquired(Ljava/util/Collection;Lorg/gradle/internal/Factory;)Ljava/lang/Object;+21
j  org.gradle.internal.work.DefaultWorkerLeaseService.withLocks(Ljava/util/Collection;Lorg/gradle/internal/Factory;)Ljava/lang/Object;+25
j  org.gradle.internal.work.DefaultWorkerLeaseService.runAsWorkerThread(Lorg/gradle/internal/Factory;)Ljava/lang/Object;+33
j  org.gradle.launcher.exec.RunAsWorkerThreadBuildActionExecutor.execute(Lorg/gradle/internal/invocation/BuildAction;Lorg/gradle/internal/session/BuildSessionContext;)Lorg/gradle/internal/buildtree/BuildActionRunner$Result;+12
j  org.gradle.tooling.internal.provider.continuous.ContinuousBuildActionExecutor.execute(Lorg/gradle/internal/invocation/BuildAction;Lorg/gradle/internal/session/BuildSessionContext;)Lorg/gradle/internal/buildtree/BuildActionRunner$Result;+58
j  org.gradle.tooling.internal.provider.SubscribableBuildActionExecutor.execute(Lorg/gradle/internal/invocation/BuildAction;Lorg/gradle/internal/session/BuildSessionContext;)Lorg/gradle/internal/buildtree/BuildActionRunner$Result;+30
j  org.gradle.internal.session.DefaultBuildSessionContext.execute(Lorg/gradle/internal/invocation/BuildAction;)Lorg/gradle/internal/buildtree/BuildActionRunner$Result;+64
j  org.gradle.internal.buildprocess.execution.BuildSessionLifecycleBuildActionExecutor$ActionImpl.apply(Lorg/gradle/internal/session/BuildSessionContext;)Lorg/gradle/launcher/exec/BuildActionResult;+6
j  org.gradle.internal.buildprocess.execution.BuildSessionLifecycleBuildActionExecutor$ActionImpl.apply(Ljava/lang/Object;)Ljava/lang/Object;+5
j  org.gradle.internal.session.BuildSessionState.run(Ljava/util/function/Function;)Ljava/lang/Object;+5
j  org.gradle.internal.buildprocess.execution.BuildSessionLifecycleBuildActionExecutor.execute(Lorg/gradle/internal/invocation/BuildAction;Lorg/gradle/launcher/exec/BuildActionParameters;Lorg/gradle/initialization/BuildRequestContext;)Lorg/gradle/launcher/exec/BuildActionResult;+105
j  org.gradle.internal.buildprocess.execution.BuildSessionLifecycleBuildActionExecutor.execute(Lorg/gradle/internal/invocation/BuildAction;Ljava/lang/Object;Ljava/lang/Object;)Lorg/gradle/launcher/exec/BuildActionResult;+10
j  org.gradle.internal.buildprocess.execution.StartParamsValidatingActionExecutor.execute(Lorg/gradle/internal/invocation/BuildAction;Lorg/gradle/launcher/exec/BuildActionParameters;Lorg/gradle/initialization/BuildRequestContext;)Lorg/gradle/launcher/exec/BuildActionResult;+142
j  org.gradle.internal.buildprocess.execution.StartParamsValidatingActionExecutor.execute(Lorg/gradle/internal/invocation/BuildAction;Ljava/lang/Object;Ljava/lang/Object;)Lorg/gradle/launcher/exec/BuildActionResult;+10
j  org.gradle.internal.buildprocess.execution.SessionFailureReportingActionExecutor.execute(Lorg/gradle/internal/invocation/BuildAction;Lorg/gradle/launcher/exec/BuildActionParameters;Lorg/gradle/initialization/BuildRequestContext;)Lorg/gradle/launcher/exec/BuildActionResult;+7
j  org.gradle.internal.buildprocess.execution.SessionFailureReportingActionExecutor.execute(Lorg/gradle/internal/invocation/BuildAction;Ljava/lang/Object;Ljava/lang/Object;)Lorg/gradle/launcher/exec/BuildActionResult;+10
j  org.gradle.internal.buildprocess.execution.SetupLoggingActionExecutor.execute(Lorg/gradle/internal/invocation/BuildAction;Lorg/gradle/launcher/exec/BuildActionParameters;Lorg/gradle/initialization/BuildRequestContext;)Lorg/gradle/launcher/exec/BuildActionResult;+50
j  org.gradle.internal.buildprocess.execution.SetupLoggingActionExecutor.execute(Lorg/gradle/internal/invocation/BuildAction;Ljava/lang/Object;Ljava/lang/Object;)Lorg/gradle/launcher/exec/BuildActionResult;+10
j  org.gradle.launcher.daemon.server.exec.ExecuteBuild.doBuild(Lorg/gradle/launcher/daemon/server/api/DaemonCommandExecution;Lorg/gradle/launcher/daemon/protocol/Build;)V+147
j  org.gradle.launcher.daemon.server.exec.BuildCommandOnly.execute(Lorg/gradle/launcher/daemon/server/api/DaemonCommandExecution;)V+49
j  org.gradle.launcher.daemon.server.api.DaemonCommandExecution.proceed()Z+23
j  org.gradle.launcher.daemon.server.exec.WatchForDisconnection.execute(Lorg/gradle/launcher/daemon/server/api/DaemonCommandExecution;)V+19
j  org.gradle.launcher.daemon.server.api.DaemonCommandExecution.proceed()Z+23
j  org.gradle.launcher.daemon.server.exec.ResetDeprecationLogger.execute(Lorg/gradle/launcher/daemon/server/api/DaemonCommandExecution;)V+7
j  org.gradle.launcher.daemon.server.api.DaemonCommandExecution.proceed()Z+23
j  org.gradle.launcher.daemon.server.exec.RequestStopIfSingleUsedDaemon.execute(Lorg/gradle/launcher/daemon/server/api/DaemonCommandExecution;)V+33
j  org.gradle.launcher.daemon.server.api.DaemonCommandExecution.proceed()Z+23
j  org.gradle.launcher.daemon.server.exec.ForwardClientInput.lambda$execute$0(Lorg/gradle/launcher/daemon/server/api/DaemonCommandExecution;Lorg/gradle/internal/daemon/clientinput/StdinHandler;)Ljava/lang/Object;+11
j  org.gradle.launcher.daemon.server.exec.ForwardClientInput$$Lambda+0x0000020601198560.apply(Ljava/lang/Object;)Ljava/lang/Object;+8
j  org.gradle.internal.daemon.clientinput.ClientInputForwarder.forwardInput(Ljava/util/function/Function;)Ljava/lang/Object;+46
j  org.gradle.launcher.daemon.server.exec.ForwardClientInput.execute(Lorg/gradle/launcher/daemon/server/api/DaemonCommandExecution;)V+10
j  org.gradle.launcher.daemon.server.api.DaemonCommandExecution.proceed()Z+23
j  org.gradle.launcher.daemon.server.exec.LogAndCheckHealth.execute(Lorg/gradle/launcher/daemon/server/api/DaemonCommandExecution;)V+51
j  org.gradle.launcher.daemon.server.api.DaemonCommandExecution.proceed()Z+23
j  org.gradle.launcher.daemon.server.exec.LogToClient.doBuild(Lorg/gradle/launcher/daemon/server/api/DaemonCommandExecution;Lorg/gradle/launcher/daemon/protocol/Build;)V+87
j  org.gradle.launcher.daemon.server.exec.BuildCommandOnly.execute(Lorg/gradle/launcher/daemon/server/api/DaemonCommandExecution;)V+49
j  org.gradle.launcher.daemon.server.api.DaemonCommandExecution.proceed()Z+23
j  org.gradle.launcher.daemon.server.exec.EstablishBuildEnvironment.doBuild(Lorg/gradle/launcher/daemon/server/api/DaemonCommandExecution;Lorg/gradle/launcher/daemon/protocol/Build;)V+356
j  org.gradle.launcher.daemon.server.exec.BuildCommandOnly.execute(Lorg/gradle/launcher/daemon/server/api/DaemonCommandExecution;)V+49
j  org.gradle.launcher.daemon.server.api.DaemonCommandExecution.proceed()Z+23
j  org.gradle.launcher.daemon.server.exec.StartBuildOrRespondWithBusy$1.run()V+44
j  org.gradle.launcher.daemon.server.DaemonStateCoordinator.lambda$runCommand$0(Ljava/lang/Runnable;)V+1
j  org.gradle.launcher.daemon.server.DaemonStateCoordinator$$Lambda+0x00000206011971b8.run()V+8
j  org.gradle.internal.concurrent.ExecutorPolicy$CatchAndRecordFailures.onExecute(Ljava/lang/Runnable;)V+1
j  org.gradle.internal.concurrent.AbstractManagedExecutor$1.run()V+25
j  java.util.concurrent.ThreadPoolExecutor.runWorker(Ljava/util/concurrent/ThreadPoolExecutor$Worker;)V+92 java.base@21.0.12.1
j  java.util.concurrent.ThreadPoolExecutor$Worker.run()V+5 java.base@21.0.12.1
j  java.lang.Thread.runWith(Ljava/lang/Object;Ljava/lang/Runnable;)V+5 java.base@21.0.12.1
j  java.lang.Thread.run()V+19 java.base@21.0.12.1
v  ~StubRoutines::call_stub 0x000002065f48100d

Compiled method (n/a) 138996 1962     n 0       java.lang.ClassLoader::defineClass0 (native)
 total in heap  [0x000002065fc8f690,0x000002065fc8fc50] = 1472
 relocation     [0x000002065fc8f7f0,0x000002065fc8f828] = 56
 main code      [0x000002065fc8f840,0x000002065fc8fc4c] = 1036
 stub code      [0x000002065fc8fc4c,0x000002065fc8fc50] = 4

[Constant Pool (empty)]

[MachCode]
[Entry Point]
  # {method} {0x0000020600434610} 'defineClass0' '(Ljava/lang/ClassLoader;Ljava/lang/Class;Ljava/lang/String;[BIILjava/security/ProtectionDomain;ZILjava/lang/Object;)Ljava/lang/Class;' in 'java/lang/ClassLoader'
  # parm0:    rdx:rdx   = 'java/lang/ClassLoader'
  # parm1:    r8:r8     = 'java/lang/Class'
  # parm2:    r9:r9     = 'java/lang/String'
  # parm3:    rdi:rdi   = '[B'
  # parm4:    rsi       = int
  # parm5:    rcx       = int
  # parm6:    [sp+0xb0]   = 'java/security/ProtectionDomain'  (sp of caller)
  # parm7:    [sp+0xb8]   = boolean
  # parm8:    [sp+0xc0]   = int
  # parm9:    [sp+0xc8]   = 'java/lang/Object'
  0x000002065fc8f840: 448b 5208 | 49bb 0000 | 0000 0602 | 0000 4d03 | d349 3bc2 | 0f84 0600 

  0x000002065fc8f858: ;   {runtime_call ic_miss_stub}
  0x000002065fc8f858: 0000 e921 | ef83 ff90 
[Verified Entry Point]
  0x000002065fc8f860: 8984 2400 | 80ff ff55 | 488b ec48 | 81ec a000 | 0000 6690 | 4181 7f20 | 0500 0000 

  0x000002065fc8f87c: ;   {runtime_call StubRoutines (final stubs)}
  0x000002065fc8f87c: 7405 e81d | 6c82 ff48 | 837d 2800 | 488d 4528 | 480f 4445 | 2848 8944 | 2458 4863 | 4520 4889 
  0x000002065fc8f89c: 4424 5048 | 6345 1848 | 8944 2448 | 4883 7d10 | 0048 8d45 | 1048 0f44 | 4510 4889 | 4424 4048 
  0x000002065fc8f8bc: 894c 2438 | 4889 7424 | 3048 897c | 2478 4883 | ff00 488d | 4424 7848 | 0f44 4424 | 7848 8944 
  0x000002065fc8f8dc: 2428 4c89 | 4c24 7049 | 83f9 0048 | 8d44 2470 | 480f 4444 | 2470 4889 | 4424 204c | 8944 2468 
  0x000002065fc8f8fc: 4983 f800 | 4c8d 4c24 | 684c 0f44 | 4c24 6848 | 8954 2460 | 4883 fa00 | 4c8d 4424 | 604c 0f44 
  0x000002065fc8f91c: ;   {oop(a 'java/lang/Class'{0x00000000e066d148} = 'java/lang/ClassLoader')}
  0x000002065fc8f91c: 4424 6049 | be48 d166 | e000 0000 | 004c 89b4 | 2490 0000 | 004c 8db4 | 2490 0000 | 0049 8bd6 
  0x000002065fc8f93c: ;   {internal_word}
  0x000002065fc8f93c: c5f8 7749 | ba3c f9c8 | 5f06 0200 | 004d 8997 | a803 0000 | 4989 a7a0 

  0x000002065fc8f954: ;   {external_word}
  0x000002065fc8f954: 0300 0049 | ba06 6df9 | 00fa 7f00 | 0041 803a | 000f 844e | 0000 0052 | 4150 4151 

  0x000002065fc8f970: ;   {metadata({method} {0x0000020600434610} 'defineClass0' '(Ljava/lang/ClassLoader;Ljava/lang/Class;Ljava/lang/String;[BIILjava/security/ProtectionDomain;ZILjava/lang/Object;)Ljava/lang/Class;' in 'java/lang/ClassLoader')}
  0x000002065fc8f970: 48ba 0846 | 4300 0602 | 0000 498b | cf48 83ec | 2040 f6c4 | 0f0f 8419 | 0000 0048 

  0x000002065fc8f98c: ;   {runtime_call}
  0x000002065fc8f98c: 83ec 0848 | b8e0 eaa2 | 00fa 7f00 | 00ff d048 | 83c4 08e9 | 0c00 0000 

  0x000002065fc8f9a4: ;   {runtime_call}
  0x000002065fc8f9a4: 48b8 e0ea | a200 fa7f | 0000 ffd0 | 4883 c420 | 4159 4158 | 5a49 8d8f | c003 0000 | 41c7 874c 
  0x000002065fc8f9c4: 0400 0004 

  0x000002065fc8f9c8: ;   {runtime_call}
  0x000002065fc8f9c8: 0000 0048 | b81c 15df | 97fa 7f00 | 00ff d0c5 | f877 41c7 | 874c 0400 | 0005 0000 | 00f0 8344 
  0x000002065fc8f9e8: 24c0 0049 | 3baf 5004 | 0000 0f87 | 0e00 0000 | 4183 bf48 | 0400 0000 | 0f84 2b00 | 0000 c5f8 
  0x000002065fc8fa08: 7748 8945 | f849 8bcf | 4c8b e448 | 83ec 2048 

  0x000002065fc8fa18: ;   {runtime_call}
  0x000002065fc8fa18: 83e4 f048 | b800 586e | 00fa 7f00 | 00ff d049 | 8be4 4d33 | e448 8b45 | f841 c787 | 4c04 0000 
  0x000002065fc8fa38: 0800 0000 | 4183 bfc8 | 0400 0002 | 0f84 d501 

  0x000002065fc8fa48: ;   {external_word}
  0x000002065fc8fa48: 0000 49ba | 066d f900 | fa7f 0000 | 4180 3a00 | 0f84 4c00 | 0000 4889 

  0x000002065fc8fa60: ;   {metadata({method} {0x0000020600434610} 'defineClass0' '(Ljava/lang/ClassLoader;Ljava/lang/Class;Ljava/lang/String;[BIILjava/security/ProtectionDomain;ZILjava/lang/Object;)Ljava/lang/Class;' in 'java/lang/ClassLoader')}
  0x000002065fc8fa60: 45f8 48ba | 0846 4300 | 0602 0000 | 498b cf48 | 83ec 2040 | f6c4 0f0f | 8419 0000 | 0048 83ec 
  0x000002065fc8fa80: ;   {runtime_call}
  0x000002065fc8fa80: 0848 b8e0 | eaa2 00fa | 7f00 00ff | d048 83c4 | 08e9 0c00 

  0x000002065fc8fa94: ;   {runtime_call}
  0x000002065fc8fa94: 0000 48b8 | e0ea a200 | fa7f 0000 | ffd0 4883 | c420 488b | 45f8 49c7 | 87a0 0300 | 0000 0000 
  0x000002065fc8fab4: 0049 c787 | a803 0000 | 0000 0000 | c5f8 7748 | 85c0 0f84 | 3001 0000 | a803 0f85 | 0800 0000 
  0x000002065fc8fad4: 488b 00e9 | 2001 0000 | a801 0f85 | 0900 0000 | 488b 40fe | e90f 0100 | 0048 8b40 | ff41 807f 
  0x000002065fc8faf4: 4000 0f84 | 0001 0000 | 4883 f800 | 0f84 f600 | 0000 498b | 4f28 4883 | f900 0f84 | 1400 0000 
  0x000002065fc8fb14: 4883 e908 | 4989 4f28 | 4903 4f38 | 4889 01e9 | d400 0000 | 4883 ec70 | 4889 0424 | 4889 4c24 
  0x000002065fc8fb34: 0848 8954 | 2410 4c89 | 4424 184c | 894c 2420 | 4c89 5424 | 284c 895c | 2430 c5fb | 1144 2440 
  0x000002065fc8fb54: c5fb 114c | 2448 c5fb | 1154 2450 | c5fb 115c | 2458 c5fb | 1164 2460 | c5fb 116c | 2468 498b 
  0x000002065fc8fb74: d748 8bc8 | 4883 ec20 | 40f6 c40f | 0f84 1900 | 0000 4883 

  0x000002065fc8fb88: ;   {runtime_call}
  0x000002065fc8fb88: ec08 48b8 | 20a4 6100 | fa7f 0000 | ffd0 4883 | c408 e90c 

  0x000002065fc8fb9c: ;   {runtime_call}
  0x000002065fc8fb9c: 0000 0048 | b820 a461 | 00fa 7f00 | 00ff d048 | 83c4 20c5 | fb10 6c24 | 68c5 fb10 | 6424 60c5 
  0x000002065fc8fbbc: fb10 5c24 | 58c5 fb10 | 5424 50c5 | fb10 4c24 | 48c5 fb10 | 4424 404c | 8b5c 2430 | 4c8b 5424 
  0x000002065fc8fbdc: 284c 8b4c | 2420 4c8b | 4424 1848 | 8b54 2410 | 488b 4c24 | 0848 8b04 | 2448 83c4 | 70c5 f877 
  0x000002065fc8fbfc: 498b 8f30 | 0400 00c7 | 8100 0100 | 0000 0000 | 00c9 4983 | 7f08 000f | 8501 0000 

  0x000002065fc8fc18: ;   {runtime_call StubRoutines (initial stubs)}
  0x000002065fc8fc18: 00c3 e9e1 | 127f ffc5 | f877 4889 | 45f8 4c8b | e448 83ec | 2048 83e4 

  0x000002065fc8fc30: ;   {runtime_call}
  0x000002065fc8fc30: f048 b830 | 22a3 00fa | 7f00 00ff | d049 8be4 | 4d33 e448 | 8b45 f8e9 | fefd ffff 
[Stub Code]
  0x000002065fc8fc4c: f4f4 f4f4 
[/MachCode]


Compiled method (c1) 140705 2675       3       java.lang.System$2::defineClass (21 bytes)
 total in heap  [0x000002065854c790,0x000002065854cb70] = 992
 relocation     [0x000002065854c8f0,0x000002065854c930] = 64
 main code      [0x000002065854c940,0x000002065854ca78] = 312
 stub code      [0x000002065854ca78,0x000002065854cab8] = 64
 metadata       [0x000002065854cab8,0x000002065854cac0] = 8
 scopes data    [0x000002065854cac0,0x000002065854cb08] = 72
 scopes pcs     [0x000002065854cb08,0x000002065854cb58] = 80
 dependencies   [0x000002065854cb58,0x000002065854cb60] = 8
 nul chk table  [0x000002065854cb60,0x000002065854cb70] = 16

[Constant Pool (empty)]

[MachCode]
[Entry Point]
  # {method} {0x0000020600019588} 'defineClass' '(Ljava/lang/ClassLoader;Ljava/lang/Class;Ljava/lang/String;[BLjava/security/ProtectionDomain;ZILjava/lang/Object;)Ljava/lang/Class;' in 'java/lang/System$2'
  # this:     rdx:rdx   = 'java/lang/System$2'
  # parm0:    r8:r8     = 'java/lang/ClassLoader'
  # parm1:    r9:r9     = 'java/lang/Class'
  # parm2:    rdi:rdi   = 'java/lang/String'
  # parm3:    rsi:rsi   = '[B'
  # parm4:    rcx:rcx   = 'java/security/ProtectionDomain'
  # parm5:    [sp+0x70]   = boolean  (sp of caller)
  # parm6:    [sp+0x78]   = int
  # parm7:    [sp+0x80]   = 'java/lang/Object'
  0x000002065854c940: 448b 5208 | 49bb 0000 | 0000 0602 | 0000 4d03 | d34c 3bd0 

  0x000002065854c954: ;   {runtime_call ic_miss_stub}
  0x000002065854c954: 0f85 261e | f806 660f | 1f44 0000 
[Verified Entry Point]
  0x000002065854c960: 8984 2400 | 80ff ff55 | 4883 ec60 | 4181 7f20 | 0500 0000 

  0x000002065854c974: ;   {runtime_call StubRoutines (final stubs)}
  0x000002065854c974: 7405 e825 | 9bf6 0648 

  0x000002065854c97c: ;   {metadata(method data for {method} {0x0000020600019588} 'defineClass' '(Ljava/lang/ClassLoader;Ljava/lang/Class;Ljava/lang/String;[BLjava/security/ProtectionDomain;ZILjava/lang/Object;)Ljava/lang/Class;' in 'java/lang/System$2')}
  0x000002065854c97c: 8bd9 48b9 | e0d3 9a6c | 0602 0000 | 8b81 cc00 | 0000 83c0 | 0289 81cc | 0000 0025 | fe07 0000 
  0x000002065854c99c: 85c0 0f84 | 6b00 0000 | 4c8b ac24 | 8000 0000 | 448b 5c24 | 788b 4424 | 708b 4e0c 

  0x000002065854c9b8: ;   {metadata(method data for {method} {0x0000020600019588} 'defineClass' '(Ljava/lang/ClassLoader;Ljava/lang/Class;Ljava/lang/String;[BLjava/security/ProtectionDomain;ZILjava/lang/Object;)Ljava/lang/Class;' in 'java/lang/System$2')}
  0x000002065854c9b8: 48ba e0d3 | 9a6c 0602 | 0000 4883 | 8210 0100 | 0001 498b | d04d 8bc1 | 4c8b cf48 | 8bfe be00 
  0x000002065854c9d8: 0000 0048 | 891c 2489 | 4424 0844 | 895c 2410 | 4c89 6c24 

  0x000002065854c9ec: ;   {static_call}
  0x000002065854c9ec: 1866 90e8 

  0x000002065854c9f0: ; ImmutableOopMap {}
                      ;*invokestatic defineClass0 {reexecute=0 rethrow=0 return_oop=0}
                      ; - java.lang.System$2::defineClass@17
  0x000002065854c9f0: 6c2e 7407 

  0x000002065854c9f4: ;   {other}
  0x000002065854c9f4: 0f1f 8400 | 6402 0000 | 4883 c460 

  0x000002065854ca00: ;   {poll_return}
  0x000002065854ca00: 5d49 3ba7 | 5004 0000 | 0f87 2700 

  0x000002065854ca0c: ;   {metadata({method} {0x0000020600019588} 'defineClass' '(Ljava/lang/ClassLoader;Ljava/lang/Class;Ljava/lang/String;[BLjava/security/ProtectionDomain;ZILjava/lang/Object;)Ljava/lang/Class;' in 'java/lang/System$2')}
  0x000002065854ca0c: 0000 c349 | ba80 9501 | 0006 0200 | 004c 8954 | 2408 48c7 | 0424 ffff 

  0x000002065854ca24: ;   {runtime_call counter_overflow Runtime1 stub}
  0x000002065854ca24: ffff e8d5 

  0x000002065854ca28: ; ImmutableOopMap {rdx=Oop r8=Oop r9=Oop rdi=Oop rsi=Oop rbx=Oop [128]=Oop }
                      ;*synchronization entry
                      ; - java.lang.System$2::defineClass@-1
  0x000002065854ca28: 9c04 07e9 | 74ff ffff 

  0x000002065854ca30: ;   {runtime_call throw_null_pointer_exception Runtime1 stub}
  0x000002065854ca30: e8cb 74fb 

  0x000002065854ca34: ; ImmutableOopMap {r8=Oop r9=Oop rdi=Oop rsi=Oop rbx=Oop r13=Oop [128]=Oop }
                      ;*arraylength {reexecute=0 rethrow=0 return_oop=0}
                      ; - java.lang.System$2::defineClass@8
                      ;   {internal_word}
  0x000002065854ca34: 0649 ba01 | ca54 5806 | 0200 004d | 8997 6804 

  0x000002065854ca44: ;   {runtime_call SafepointBlob}
  0x000002065854ca44: 0000 e935 | 8af8 0649 | 8b87 0005 | 0000 49c7 | 8700 0500 | 0000 0000 | 0049 c787 | 0805 0000 
  0x000002065854ca64: 0000 0000 | 4883 c460 

  0x000002065854ca6c: ;   {runtime_call unwind_exception Runtime1 stub}
  0x000002065854ca6c: 5de9 8e83 | fb06 f4f4 | f4f4 f4f4 
[Stub Code]
  0x000002065854ca78: ;   {no_reloc}
  0x000002065854ca78: 48bb 0000 | 0000 0000 

  0x000002065854ca80: ;   {runtime_call nmethod}
  0x000002065854ca80: 0000 e9fb 

  0x000002065854ca84: ;   {runtime_call handle_exception_from_callee Runtime1 stub}
  0x000002065854ca84: ffff ffe8 | f494 fb06 

  0x000002065854ca8c: ;   {external_word}
  0x000002065854ca8c: 48b9 5063 | cf00 fa7f | 0000 4883 

  0x000002065854ca98: ;   {runtime_call}
  0x000002065854ca98: e4f0 48b8 | c0c9 9100 | fa7f 0000 

  0x000002065854caa4: ;   {section_word}
  0x000002065854caa4: ffd0 f449 | baa7 ca54 | 5806 0200 

  0x000002065854cab0: ;   {runtime_call DeoptimizationBlob}
  0x000002065854cab0: 0041 52e9 | 687c f806 
[/MachCode]


Compiled method (c1) 141299 2674   !   3       java.lang.invoke.MethodHandles$Lookup$ClassDefiner::defineClass (213 bytes)
 total in heap  [0x000002065854d110,0x000002065854e370] = 4704
 relocation     [0x000002065854d270,0x000002065854d390] = 288
 main code      [0x000002065854d3a0,0x000002065854de08] = 2664
 stub code      [0x000002065854de08,0x000002065854de80] = 120
 metadata       [0x000002065854de80,0x000002065854def0] = 112
 scopes data    [0x000002065854def0,0x000002065854e108] = 536
 scopes pcs     [0x000002065854e108,0x000002065854e2c8] = 448
 dependencies   [0x000002065854e2c8,0x000002065854e2e0] = 24
 handler table  [0x000002065854e2e0,0x000002065854e328] = 72
 nul chk table  [0x000002065854e328,0x000002065854e370] = 72

[Constant Pool (empty)]

[MachCode]
[Entry Point]
  # {method} {0x00000206001eae68} 'defineClass' '(ZLjava/lang/Object;)Ljava/lang/Class;' in 'java/lang/invoke/MethodHandles$Lookup$ClassDefiner'
  # this:     rdx:rdx   = 'java/lang/invoke/MethodHandles$Lookup$ClassDefiner'
  # parm0:    r8        = boolean
  # parm1:    r9:r9     = 'java/lang/Object'
  #           [sp+0xf0]  (sp of caller)
  0x000002065854d3a0: 448b 5208 | 49bb 0000 | 0000 0602 | 0000 4d03 | d34c 3bd0 

  0x000002065854d3b4: ;   {runtime_call ic_miss_stub}
  0x000002065854d3b4: 0f85 c613 | f806 660f | 1f44 0000 
[Verified Entry Point]
  0x000002065854d3c0: 8984 2400 | 80ff ff55 | 4881 ece0 | 0000 0090 | 4181 7f20 | 0500 0000 

  0x000002065854d3d8: ;   {runtime_call StubRoutines (final stubs)}
  0x000002065854d3d8: 7405 e8c1 | 90f6 0648 | 8994 2498 | 0000 0044 | 8984 24b0 | 0000 004c | 898c 24b8 

  0x000002065854d3f4: ;   {metadata(method data for {method} {0x00000206001eae68} 'defineClass' '(ZLjava/lang/Object;)Ljava/lang/Class;' in 'java/lang/invoke/MethodHandles$Lookup$ClassDefiner')}
  0x000002065854d3f4: 0000 0048 | bea8 cd9a | 6c06 0200 | 008b becc | 0000 0083 | c702 89be | cc00 0000 | 81e7 fe07 
  0x000002065854d414: 0000 85ff | 0f84 6b07 | 0000 8b72 | 1048 89b4 | 2490 0000 | 0048 3b06 

  0x000002065854d42c: ;   {metadata(method data for {method} {0x00000206001eae68} 'defineClass' '(ZLjava/lang/Object;)Ljava/lang/Class;' in 'java/lang/invoke/MethodHandles$Lookup$ClassDefiner')}
  0x000002065854d42c: 488b fe48 | bba8 cd9a | 6c06 0200 | 0048 8383 | 1001 0000 | 018b 7e10 | 4889 bc24 | a800 0000 
  0x000002065854d44c: ; implicit exception: dispatches to 0x000002065854dbaf
  0x000002065854d44c: 483b 0748 

  0x000002065854d450: ;   {metadata(method data for {method} {0x00000206001eae68} 'defineClass' '(ZLjava/lang/Object;)Ljava/lang/Class;' in 'java/lang/invoke/MethodHandles$Lookup$ClassDefiner')}
  0x000002065854d450: 8bdf 48b8 | a8cd 9a6c | 0602 0000 | 4883 8048 | 0100 0001 

  0x000002065854d464: ;   {metadata(method data for {method} {0x0000020600468e60} 'getClassLoader' '()Ljava/lang/ClassLoader;' in 'java/lang/Class')}
  0x000002065854d464: 48bb a0d9 | 026c 0602 | 0000 8b83 | cc00 0000 | 83c0 0289 | 83cc 0000 | 0025 feff | 1f00 85c0 
  0x000002065854d484: 0f84 2a07 | 0000 8b5f | 3448 85db 

  0x000002065854d490: ;   {metadata(method data for {method} {0x0000020600468e60} 'getClassLoader' '()Ljava/lang/ClassLoader;' in 'java/lang/Class')}
  0x000002065854d490: 48b8 a0d9 | 026c 0602 | 0000 48c7 | c110 0100 | 0075 0748 | c7c1 2001 | 0000 4c8b | 1c08 4d8d 
  0x000002065854d4b0: 5b01 4c89 | 1c08 0f85 | 0f00 0000 

  0x000002065854d4bc: ;   {oop(nullptr)}
  0x000002065854d4bc: 48bb 0000 | 0000 0000 | 0000 e9a2 

  0x000002065854d4c8: ;   {metadata(method data for {method} {0x0000020600468e60} 'getClassLoader' '()Ljava/lang/ClassLoader;' in 'java/lang/Class')}
  0x000002065854d4c8: 0000 0048 | b8a0 d902 | 6c06 0200 | 0048 8380 | 3001 0000 

  0x000002065854d4dc: ;   {metadata(method data for {method} {0x000002060001b1d0} 'getSecurityManager' '()Ljava/lang/SecurityManager;' in 'java/lang/System')}
  0x000002065854d4dc: 0148 b860 | db02 6c06 | 0200 008b | 88cc 0000 | 0083 c102 | 8988 cc00 | 0000 81e1 | feff 1f00 
  0x000002065854d4fc: 85c9 0f84 | d106 0000 

  0x000002065854d504: ;   {metadata(method data for {method} {0x000002060001b1d0} 'getSecurityManager' '()Ljava/lang/SecurityManager;' in 'java/lang/System')}
  0x000002065854d504: 48b8 60db | 026c 0602 | 0000 4883 | 8010 0100 

  0x000002065854d514: ;   {metadata(method data for {method} {0x000002060001b2e8} 'allowSecurityManager' '()Z' in 'java/lang/System')}
  0x000002065854d514: 0001 48b8 | d8dc 026c | 0602 0000 | 8b88 cc00 | 0000 83c1 | 0289 88cc | 0000 0081 | e1fe ff1f 
  0x000002065854d534: 0085 c90f | 84b9 0600 

  0x000002065854d53c: ;   {metadata(method data for {method} {0x000002060001b2e8} 'allowSecurityManager' '()Z' in 'java/lang/System')}
  0x000002065854d53c: 0048 b8d8 | dc02 6c06 | 0200 00ff | 8010 0100 

  0x000002065854d54c: ;   {metadata(method data for {method} {0x000002060001b1d0} 'getSecurityManager' '()Ljava/lang/SecurityManager;' in 'java/lang/System')}
  0x000002065854d54c: 0048 b860 | db02 6c06 | 0200 00ff | 8020 0100 

  0x000002065854d55c: ;   {metadata(method data for {method} {0x0000020600468e60} 'getClassLoader' '()Ljava/lang/ClassLoader;' in 'java/lang/Class')}
  0x000002065854d55c: 0048 b8a0 | d902 6c06 | 0200 00ff | 8040 0100 | 0048 85db 

  0x000002065854d570: ;   {metadata(method data for {method} {0x00000206001eae68} 'defineClass' '(ZLjava/lang/Object;)Ljava/lang/Class;' in 'java/lang/invoke/MethodHandles$Lookup$ClassDefiner')}
  0x000002065854d570: 48b8 a8cd | 9a6c 0602 | 0000 48c7 | c180 0100 | 0074 0748 | c7c1 9001 | 0000 4c8b | 1c08 4d8d 
  0x000002065854d590: 5b01 4c89 | 1c08 0f84 | 4b02 0000 

  0x000002065854d59c: ;   {metadata(method data for {method} {0x00000206001eae68} 'defineClass' '(ZLjava/lang/Object;)Ljava/lang/Class;' in 'java/lang/invoke/MethodHandles$Lookup$ClassDefiner')}
  0x000002065854d59c: 488b c648 | b9a8 cd9a | 6c06 0200 | 0048 8381 | a001 0000 

  0x000002065854d5b0: ;   {metadata(method data for {method} {0x00000206003e0578} 'lookupClassProtectionDomain' '()Ljava/security/ProtectionDomain;' in 'java/lang/invoke/MethodHandles$Lookup')}
  0x000002065854d5b0: 0148 b880 | d59a 6c06 | 0200 008b | 88cc 0000 | 0083 c102 | 8988 cc00 | 0000 81e1 | feff 1f00 
  0x000002065854d5d0: 85c9 0f84 | 3f06 0000 | 8b46 1848 

  0x000002065854d5dc: ;   {metadata(method data for {method} {0x00000206003e0578} 'lookupClassProtectionDomain' '()Ljava/security/ProtectionDomain;' in 'java/lang/invoke/MethodHandles$Lookup')}
  0x000002065854d5dc: 85c0 48b9 | 80d5 9a6c | 0602 0000 | 49c7 c310 | 0100 0075 | 0749 c7c3 | 2001 0000 | 4e8b 2c19 
  0x000002065854d5fc: 4d8d 6d01 | 4e89 2c19 | 4889 9c24 | a000 0000 | 0f85 bf01 

  0x000002065854d610: ;   {metadata(method data for {method} {0x00000206003e0578} 'lookupClassProtectionDomain' '()Ljava/security/ProtectionDomain;' in 'java/lang/invoke/MethodHandles$Lookup')}
  0x000002065854d610: 0000 48b8 | 80d5 9a6c | 0602 0000 | 4883 8030 | 0100 0001 

  0x000002065854d624: ;   {metadata(method data for {method} {0x0000020600473b88} 'getJavaLangAccess' '()Ljdk/internal/access/JavaLangAccess;' in 'jdk/internal/access/SharedSecrets')}
  0x000002065854d624: 48b8 7855 | 196c 0602 | 0000 8b88 | cc00 0000 | 83c1 0289 | 88cc 0000 | 0081 e1fe | ff1f 0085 
  0x000002065854d644: c90f 84ed 

  0x000002065854d648: ;   {oop(a 'java/lang/Class'{0x00000000e066d278} = 'jdk/internal/access/SharedSecrets')}
  0x000002065854d648: 0500 0048 | b878 d266 | e000 0000 | 008b 407c | 8b4e 1048 | 85c0 0f84 | 2a00 0000 

  0x000002065854d664: ;   {metadata('java/lang/System$2')}
  0x000002065854d664: 48be 6082 | 0100 0602 | 0000 448b | 7008 49ba | 0000 0000 | 0602 0000 | 4d03 f249 | 3b76 380f 
  0x000002065854d684: 85d0 0500 | 00e9 0000 | 0000 4c8b | d848 3b00 

  0x000002065854d694: ;   {metadata(method data for {method} {0x00000206003e0578} 'lookupClassProtectionDomain' '()Ljava/security/ProtectionDomain;' in 'java/lang/invoke/MethodHandles$Lookup')}
  0x000002065854d694: 48be 80d5 | 9a6c 0602 

  0x000002065854d69c: ;   {metadata('java/lang/System$2')}
  0x000002065854d69c: 0000 49ba | 6082 0100 | 0602 0000 | 4c89 9650 | 0100 0048 | 8386 5801 

  0x000002065854d6b4: ;   {metadata(method data for {method} {0x00000206000192c8} 'protectionDomain' '(Ljava/lang/Class;)Ljava/security/ProtectionDomain;' in 'java/lang/System$2')}
  0x000002065854d6b4: 0000 0148 | be38 d79a | 6c06 0200 | 008b 86cc | 0000 0083 | c002 8986 | cc00 0000 | 25fe ff1f 
  0x000002065854d6d4: 0085 c00f | 8486 0500 | 0048 3b01 

  0x000002065854d6e0: ;   {metadata(method data for {method} {0x00000206000192c8} 'protectionDomain' '(Ljava/lang/Class;)Ljava/security/ProtectionDomain;' in 'java/lang/System$2')}
  0x000002065854d6e0: 488b f148 | b838 d79a | 6c06 0200 | 0048 8380 | 1001 0000 

  0x000002065854d6f4: ;   {metadata(method data for {method} {0x0000020600467bb8} 'protectionDomain' '()Ljava/security/ProtectionDomain;' in 'java/lang/Class')}
  0x000002065854d6f4: 0148 bec8 | d89a 6c06 | 0200 008b | 86cc 0000 | 0083 c002 | 8986 cc00 | 0000 25fe | ff1f 0085 
  0x000002065854d714: c00f 846e | 0500 0048 

  0x000002065854d71c: ;   {metadata(method data for {method} {0x0000020600467bb8} 'protectionDomain' '()Ljava/security/ProtectionDomain;' in 'java/lang/Class')}
  0x000002065854d71c: 8bf1 48b8 | c8d8 9a6c | 0602 0000 | 4883 8010 | 0100 0001 | 488b d10f 

  0x000002065854d734: ;   {optimized virtual_call}
  0x000002065854d734: 1f40 00e8 

  0x000002065854d738: ; ImmutableOopMap {[144]=Oop [152]=Oop [160]=Oop [168]=Oop [184]=Oop }
                      ;*invokevirtual getProtectionDomain0 {reexecute=0 rethrow=0 return_oop=0}
                      ; - java.lang.Class::protectionDomain@1
                      ; - java.lang.System$2::protectionDomain@1
                      ; - java.lang.invoke.MethodHandles$Lookup::lookupClassProtectionDomain@17
                      ; - java.lang.invoke.MethodHandles$Lookup$ClassDefiner::defineClass@23
  0x000002065854d738: a469 7c07 

  0x000002065854d73c: ;   {other}
  0x000002065854d73c: 0f1f 8400 | 2c06 0000 

  0x000002065854d744: ;   {metadata(method data for {method} {0x0000020600467bb8} 'protectionDomain' '()Ljava/security/ProtectionDomain;' in 'java/lang/Class')}
  0x000002065854d744: 4885 c049 | b8c8 d89a | 6c06 0200 | 0049 c7c1 | 4801 0000 | 7507 49c7 | c158 0100 | 004b 8b3c 
  0x000002065854d764: 0848 8d7f | 014b 893c | 080f 8521 | 0000 000f | 1f44 0000 

  0x000002065854d778: ;   {no_reloc}
  0x000002065854d778: e9a5 0500 | 0000 0000 | 0000 660f | 1f44 0000 

  0x000002065854d788: ; implicit exception: dispatches to 0x000002065854dd2c
  0x000002065854d788: e9b0 0500 | 0090 90e9 | 0300 0000 | 4c8b c048 | 8bb4 2490 | 0000 0045 | 0fbe 4f40 | 4585 c90f 
  0x000002065854d7a8: 859a 0500 | 004d 8bd0 | 4489 5618 | f083 4424 | c000 4c8b | ce4d 33c8 | 49c1 e914 | 4983 f900 
  0x000002065854d7c8: 0f85 9505 | 0000 498b 

  0x000002065854d7d0: ;   {metadata(method data for {method} {0x00000206001eae68} 'defineClass' '(ZLjava/lang/Object;)Ljava/lang/Class;' in 'java/lang/invoke/MethodHandles$Lookup$ClassDefiner')}
  0x000002065854d7d0: c049 b8a8 | cd9a 6c06 | 0200 0041 | ff80 d801 | 0000 e912 | 0000 0048 | 899c 24a0 

  0x000002065854d7ec: ;   {oop(nullptr)}
  0x000002065854d7ec: 0000 0048 | b800 0000 | 0000 0000 | 0048 8b9c | 24a0 0000 | 0048 8bbc | 24a8 0000 | 0048 8b94 
  0x000002065854d80c: 2498 0000 

  0x000002065854d810: ;   {metadata(method data for {method} {0x00000206001eae68} 'defineClass' '(ZLjava/lang/Object;)Ljava/lang/Class;' in 'java/lang/invoke/MethodHandles$Lookup$ClassDefiner')}
  0x000002065854d810: 0049 b8a8 | cd9a 6c06 | 0200 0049 | 8380 f001 

  0x000002065854d820: ;   {metadata(method data for {method} {0x0000020600473b88} 'getJavaLangAccess' '()Ljdk/internal/access/JavaLangAccess;' in 'jdk/internal/access/SharedSecrets')}
  0x000002065854d820: 0000 0149 | b878 5519 | 6c06 0200 | 0045 8b88 | cc00 0000 | 4183 c102 | 4589 88cc | 0000 0041 
  0x000002065854d840: 81e1 feff | 1f00 4585 | c90f 842c 

  0x000002065854d84c: ;   {oop(a 'java/lang/Class'{0x00000000e066d278} = 'jdk/internal/access/SharedSecrets')}
  0x000002065854d84c: 0500 0049 | b878 d266 | e000 0000 | 0045 8b70 | 7c8b 7214 | 8b4a 1844 | 8b4a 0c4d | 85f6 0f84 
  0x000002065854d86c: 2a00 0000 

  0x000002065854d870: ;   {metadata('java/lang/System$2')}
  0x000002065854d870: 49bb 6082 | 0100 0602 | 0000 458b | 6e08 49ba | 0000 0000 | 0602 0000 | 4d03 ea4d | 3b5d 380f 
  0x000002065854d890: 8507 0500 | 00e9 0000 | 0000 4d8b | c649 3b06 

  0x000002065854d8a0: ;   {metadata(method data for {method} {0x00000206001eae68} 'defineClass' '(ZLjava/lang/Object;)Ljava/lang/Class;' in 'java/lang/invoke/MethodHandles$Lookup$ClassDefiner')}
  0x000002065854d8a0: 4d8b c648 | baa8 cd9a | 6c06 0200 

  0x000002065854d8ac: ;   {metadata('java/lang/System$2')}
  0x000002065854d8ac: 0049 ba60 | 8201 0006 | 0200 004c | 8992 1002 | 0000 4883 | 8218 0200 | 0001 4c8b | c349 8bd1 
  0x000002065854d8cc: 4c8b cf48 | 8bfe 488b | f148 8bc8 | 8b84 24b0 | 0000 0089 | 0424 8954 | 2408 488b | 9424 b800 
  0x000002065854d8ec: 0000 4889 | 5424 1049 

  0x000002065854d8f4: ;   {optimized virtual_call}
  0x000002065854d8f4: 8bd6 90e8 

  0x000002065854d8f8: ; ImmutableOopMap {[152]=Oop [168]=Oop }
                      ;*invokeinterface defineClass {reexecute=0 rethrow=0 return_oop=0}
                      ; - java.lang.invoke.MethodHandles$Lookup$ClassDefiner::defineClass@57
  0x000002065854d8f8: 64f0 ffff 

  0x000002065854d8fc: ;   {other}
  0x000002065854d8fc: 0f1f 8400 | ec07 0001 

  0x000002065854d904: ;   {metadata(method data for {method} {0x00000206001eae68} 'defineClass' '(ZLjava/lang/Object;)Ljava/lang/Class;' in 'java/lang/invoke/MethodHandles$Lookup$ClassDefiner')}
  0x000002065854d904: 49b8 a8cd | 9a6c 0602 | 0000 41ff | 8038 0200 | 0048 8b94 | 2498 0000 | 008b 721c 

  0x000002065854d920: ; implicit exception: dispatches to 0x000002065854dda6
  0x000002065854d920: 483b 064c 

  0x000002065854d924: ;   {metadata(method data for {method} {0x00000206001eae68} 'defineClass' '(ZLjava/lang/Object;)Ljava/lang/Class;' in 'java/lang/invoke/MethodHandles$Lookup$ClassDefiner')}
  0x000002065854d924: 8bc6 49b9 | a8cd 9a6c | 0602 0000 | 4983 8150 | 0300 0001 | 440f be46 | 0c41 83e0 | 0145 85c0 
  0x000002065854d944: ;   {metadata(method data for {method} {0x00000206001eae68} 'defineClass' '(ZLjava/lang/Object;)Ljava/lang/Class;' in 'java/lang/invoke/MethodHandles$Lookup$ClassDefiner')}
  0x000002065854d944: 49b8 a8cd | 9a6c 0602 | 0000 49c7 | c188 0300 | 0074 0749 | c7c1 9803 | 0000 4b8b | 3c08 488d 
  0x000002065854d964: 7f01 4b89 | 3c08 0f84 | c401 0000 

  0x000002065854d970: ;   {metadata(method data for {method} {0x00000206001eae68} 'defineClass' '(ZLjava/lang/Object;)Ljava/lang/Class;' in 'java/lang/invoke/MethodHandles$Lookup$ClassDefiner')}
  0x000002065854d970: 4c8b c249 | b9a8 cd9a | 6c06 0200 

  0x000002065854d97c: ;   {metadata('java/lang/invoke/MethodHandles$Lookup$ClassDefiner')}
  0x000002065854d97c: 0049 ba28 | ac1e 0006 | 0200 004d | 8991 b803 | 0000 4983 | 81c0 0300 | 0001 8b7a | 1448 85c0 
  0x000002065854d99c: ;   {metadata(method data for {method} {0x00000206001eae68} 'defineClass' '(ZLjava/lang/Object;)Ljava/lang/Class;' in 'java/lang/invoke/MethodHandles$Lookup$ClassDefiner')}
  0x000002065854d99c: 49b8 a8cd | 9a6c 0602 | 0000 49c7 | c1e0 0300 | 0074 0749 | c7c1 f003 | 0000 4b8b | 1c08 488d 
  0x000002065854d9bc: 5b01 4b89 | 1c08 0f84 | 2b01 0000 | e9bd 0000 | 0048 8b94 | 2498 0000 | 0049 8b87 | 0005 0000 
  0x000002065854d9dc: 4d33 d24d | 8997 0005 | 0000 4d33 | d24d 8997 | 0805 0000 | 8b72 1c48 | 3b06 4c8b 

  0x000002065854d9f8: ;   {metadata(method data for {method} {0x00000206001eae68} 'defineClass' '(ZLjava/lang/Object;)Ljava/lang/Class;' in 'java/lang/invoke/MethodHandles$Lookup$ClassDefiner')}
  0x000002065854d9f8: c649 b9a8 | cd9a 6c06 | 0200 0049 | 8381 8804 | 0000 0144 | 0fbe 460c | 4183 e001 

  0x000002065854da14: ;   {metadata(method data for {method} {0x00000206001eae68} 'defineClass' '(ZLjava/lang/Object;)Ljava/lang/Class;' in 'java/lang/invoke/MethodHandles$Lookup$ClassDefiner')}
  0x000002065854da14: 4585 c049 | b8a8 cd9a | 6c06 0200 | 0049 c7c1 | c004 0000 | 7407 49c7 | c1d0 0400 | 004b 8b3c 
  0x000002065854da34: 0848 8d7f | 014b 893c | 080f 8441 | 0100 004c 

  0x000002065854da44: ;   {metadata(method data for {method} {0x00000206001eae68} 'defineClass' '(ZLjava/lang/Object;)Ljava/lang/Class;' in 'java/lang/invoke/MethodHandles$Lookup$ClassDefiner')}
  0x000002065854da44: 8bc2 49b9 | a8cd 9a6c | 0602 0000 

  0x000002065854da50: ;   {metadata('java/lang/invoke/MethodHandles$Lookup$ClassDefiner')}
  0x000002065854da50: 49ba 28ac | 1e00 0602 | 0000 4d89 | 91f0 0400 | 0049 8381 | f804 0000 | 018b 7a14 

  0x000002065854da6c: ;   {metadata(method data for {method} {0x00000206001eae68} 'defineClass' '(ZLjava/lang/Object;)Ljava/lang/Class;' in 'java/lang/invoke/MethodHandles$Lookup$ClassDefiner')}
  0x000002065854da6c: 49b8 a8cd | 9a6c 0602 | 0000 41ff | 8018 0500 | 0048 8984 | 24c8 0000 | 00e9 c000 | 0000 8b52 
  0x000002065854da8c: 184c 8bc6 

  0x000002065854da90: ;   {metadata(method data for {method} {0x00000206001eae68} 'defineClass' '(ZLjava/lang/Object;)Ljava/lang/Class;' in 'java/lang/invoke/MethodHandles$Lookup$ClassDefiner')}
  0x000002065854da90: 49b9 a8cd | 9a6c 0602 | 0000 4983 | 8100 0400 | 0001 4c8b | c74c 8bc8 | 488b fa48 | 8bd6 4889 
  0x000002065854dab0: 8424 c000 

  0x000002065854dab4: ;   {optimized virtual_call}
  0x000002065854dab4: 0000 90e8 

  0x000002065854dab8: ; ImmutableOopMap {[192]=Oop }
                      ;*invokevirtual dumpClass {reexecute=0 rethrow=0 return_oop=0}
                      ; - java.lang.invoke.MethodHandles$Lookup$ClassDefiner::defineClass@134
  0x000002065854dab8: c40f f806 

  0x000002065854dabc: ;   {other}
  0x000002065854dabc: 0f1f 8400 | ac09 0002 

  0x000002065854dac4: ;   {metadata(method data for {method} {0x00000206001eae68} 'defineClass' '(ZLjava/lang/Object;)Ljava/lang/Class;' in 'java/lang/invoke/MethodHandles$Lookup$ClassDefiner')}
  0x000002065854dac4: 49b8 a8cd | 9a6c 0602 | 0000 41ff | 8038 0400 | 0048 8b84 | 24c0 0000 | 0048 81c4 | e000 0000 
  0x000002065854dae4: ;   {poll_return}
  0x000002065854dae4: 5d49 3ba7 | 5004 0000 | 0f87 be02 | 0000 c348 | 8984 24c0 | 0000 0044 | 8b4a 184c 

  0x000002065854db00: ;   {metadata(method data for {method} {0x00000206001eae68} 'defineClass' '(ZLjava/lang/Object;)Ljava/lang/Class;' in 'java/lang/invoke/MethodHandles$Lookup$ClassDefiner')}
  0x000002065854db00: 8bc6 48ba | a8cd 9a6c | 0602 0000 | 4883 8250 | 0400 0001 | 4c8b c748 | 8bd6 0f1f 

  0x000002065854db1c: ;   {optimized virtual_call}
  0x000002065854db1c: 4400 00e8 

  0x000002065854db20: ; ImmutableOopMap {[192]=Oop }
                      ;*invokevirtual dumpFailedClass {reexecute=0 rethrow=0 return_oop=0}
                      ; - java.lang.invoke.MethodHandles$Lookup$ClassDefiner::defineClass@150
  0x000002065854db20: 5c0f f806 

  0x000002065854db24: ;   {other}
  0x000002065854db24: 0f1f 8400 | 140a 0003 | 488b 8424 | c000 0000 | 4881 c4e0 | 0000 005d 

  0x000002065854db3c: ;   {poll_return}
  0x000002065854db3c: 493b a750 | 0400 000f | 877d 0200 | 00c3 448b | 4a18 4c8b 

  0x000002065854db50: ;   {metadata(method data for {method} {0x00000206001eae68} 'defineClass' '(ZLjava/lang/Object;)Ljava/lang/Class;' in 'java/lang/invoke/MethodHandles$Lookup$ClassDefiner')}
  0x000002065854db50: c648 baa8 | cd9a 6c06 | 0200 0048 | 8382 8805 | 0000 014c | 8bc7 488b | d666 0f1f 

  0x000002065854db6c: ;   {optimized virtual_call}
  0x000002065854db6c: 4400 00e8 

  0x000002065854db70: ; ImmutableOopMap {[200]=Oop }
                      ;*invokevirtual dumpFailedClass {reexecute=0 rethrow=0 return_oop=0}
                      ; - java.lang.invoke.MethodHandles$Lookup$ClassDefiner::defineClass@207
  0x000002065854db70: 0c0f f806 

  0x000002065854db74: ;   {other}
  0x000002065854db74: 0f1f 8400 | 640a 0004 | 488b 8424 | c800 0000 | e970 0200 

  0x000002065854db88: ;   {metadata({method} {0x00000206001eae68} 'defineClass' '(ZLjava/lang/Object;)Ljava/lang/Class;' in 'java/lang/invoke/MethodHandles$Lookup$ClassDefiner')}
  0x000002065854db88: 0049 ba60 | ae1e 0006 | 0200 004c | 8954 2408 | 48c7 0424 | ffff ffff 

  0x000002065854dba0: ;   {runtime_call counter_overflow Runtime1 stub}
  0x000002065854dba0: e85b 8b04 

  0x000002065854dba4: ; ImmutableOopMap {rdx=Oop r9=Oop [152]=Oop [184]=Oop }
                      ;*synchronization entry
                      ; - java.lang.invoke.MethodHandles$Lookup$ClassDefiner::defineClass@-1
  0x000002065854dba4: 07e9 74f8 

  0x000002065854dba8: ;   {runtime_call throw_null_pointer_exception Runtime1 stub}
  0x000002065854dba8: ffff e851 

  0x000002065854dbac: ; ImmutableOopMap {rdx=Oop r9=Oop rsi=Oop [144]=Oop [152]=Oop [184]=Oop }
                      ;*invokevirtual lookupClass {reexecute=0 rethrow=0 return_oop=0}
                      ; - java.lang.invoke.MethodHandles$Lookup$ClassDefiner::defineClass@4
                      ;   {runtime_call throw_null_pointer_exception Runtime1 stub}
  0x000002065854dbac: 63fb 06e8 

  0x000002065854dbb0: ; ImmutableOopMap {rdx=Oop r9=Oop rsi=Oop rdi=Oop [144]=Oop [152]=Oop [168]=Oop [184]=Oop }
                      ;*invokevirtual getClassLoader {reexecute=0 rethrow=0 return_oop=0}
                      ; - java.lang.invoke.MethodHandles$Lookup$ClassDefiner::defineClass@9
  0x000002065854dbb0: 4c63 fb06 

  0x000002065854dbb4: ;   {metadata({method} {0x0000020600468e60} 'getClassLoader' '()Ljava/lang/ClassLoader;' in 'java/lang/Class')}
  0x000002065854dbb4: 49ba 588e | 4600 0602 | 0000 4c89 | 5424 0848 | c704 24ff 

  0x000002065854dbc8: ;   {runtime_call counter_overflow Runtime1 stub}
  0x000002065854dbc8: ffff ffe8 

  0x000002065854dbcc: ; ImmutableOopMap {rdx=Oop r9=Oop rsi=Oop rdi=Oop [144]=Oop [152]=Oop [168]=Oop [184]=Oop }
                      ;*synchronization entry
                      ; - java.lang.Class::getClassLoader@-1
                      ; - java.lang.invoke.MethodHandles$Lookup$ClassDefiner::defineClass@9
  0x000002065854dbcc: 308b 0407 | e9b5 f8ff 

  0x000002065854dbd4: ;   {metadata({method} {0x000002060001b1d0} 'getSecurityManager' '()Ljava/lang/SecurityManager;' in 'java/lang/System')}
  0x000002065854dbd4: ff49 bac8 | b101 0006 | 0200 004c | 8954 2408 | 48c7 0424 | ffff ffff 

  0x000002065854dbec: ;   {runtime_call counter_overflow Runtime1 stub}
  0x000002065854dbec: e80f 8b04 

  0x000002065854dbf0: ; ImmutableOopMap {rdx=Oop r9=Oop rsi=Oop rdi=Oop rbx=Oop [144]=Oop [152]=Oop [168]=Oop [184]=Oop }
                      ;*synchronization entry
                      ; - java.lang.System::getSecurityManager@-1
                      ; - java.lang.Class::getClassLoader@11
                      ; - java.lang.invoke.MethodHandles$Lookup$ClassDefiner::defineClass@9
  0x000002065854dbf0: 07e9 0ef9 

  0x000002065854dbf4: ;   {metadata({method} {0x000002060001b2e8} 'allowSecurityManager' '()Z' in 'java/lang/System')}
  0x000002065854dbf4: ffff 49ba | e0b2 0100 | 0602 0000 | 4c89 5424 | 0848 c704 | 24ff ffff 

  0x000002065854dc0c: ;   {runtime_call counter_overflow Runtime1 stub}
  0x000002065854dc0c: ffe8 ee8a 

  0x000002065854dc10: ; ImmutableOopMap {rdx=Oop r9=Oop rsi=Oop rdi=Oop rbx=Oop [144]=Oop [152]=Oop [168]=Oop [184]=Oop }
                      ;*synchronization entry
                      ; - java.lang.System::allowSecurityManager@-1
                      ; - java.lang.System::getSecurityManager@0
                      ; - java.lang.Class::getClassLoader@11
                      ; - java.lang.invoke.MethodHandles$Lookup$ClassDefiner::defineClass@9
  0x000002065854dc10: 0407 e926 

  0x000002065854dc14: ;   {metadata({method} {0x00000206003e0578} 'lookupClassProtectionDomain' '()Ljava/security/ProtectionDomain;' in 'java/lang/invoke/MethodHandles$Lookup')}
  0x000002065854dc14: f9ff ff49 | ba70 053e | 0006 0200 | 004c 8954 | 2408 48c7 | 0424 ffff 

  0x000002065854dc2c: ;   {runtime_call counter_overflow Runtime1 stub}
  0x000002065854dc2c: ffff e8cd 

  0x000002065854dc30: ; ImmutableOopMap {rdx=Oop r9=Oop rsi=Oop rdi=Oop rbx=Oop [144]=Oop [152]=Oop [168]=Oop [184]=Oop }
                      ;*synchronization entry
                      ; - java.lang.invoke.MethodHandles$Lookup::lookupClassProtectionDomain@-1
                      ; - java.lang.invoke.MethodHandles$Lookup$ClassDefiner::defineClass@23
  0x000002065854dc30: 8a04 07e9 | a0f9 ffff 

  0x000002065854dc38: ;   {metadata({method} {0x0000020600473b88} 'getJavaLangAccess' '()Ljdk/internal/access/JavaLangAccess;' in 'jdk/internal/access/SharedSecrets')}
  0x000002065854dc38: 49ba 803b | 4700 0602 | 0000 4c89 | 5424 0848 | c704 24ff 

  0x000002065854dc4c: ;   {runtime_call counter_overflow Runtime1 stub}
  0x000002065854dc4c: ffff ffe8 

  0x000002065854dc50: ; ImmutableOopMap {rsi=Oop [144]=Oop [152]=Oop [160]=Oop [168]=Oop [184]=Oop }
                      ;*synchronization entry
                      ; - jdk.internal.access.SharedSecrets::getJavaLangAccess@-1
                      ; - java.lang.invoke.MethodHandles$Lookup::lookupClassProtectionDomain@10
                      ; - java.lang.invoke.MethodHandles$Lookup$ClassDefiner::defineClass@23
  0x000002065854dc50: ac8a 0407 | e9f2 f9ff 

  0x000002065854dc58: ;   {runtime_call throw_incompatible_class_change_error Runtime1 stub}
  0x000002065854dc58: ffe8 227b 

  0x000002065854dc5c: ; ImmutableOopMap {rax=Oop rcx=Oop [144]=Oop [152]=Oop [160]=Oop [168]=Oop [184]=Oop }
                      ;*invokeinterface protectionDomain {reexecute=0 rethrow=0 return_oop=0}
                      ; - java.lang.invoke.MethodHandles$Lookup::lookupClassProtectionDomain@17
                      ; - java.lang.invoke.MethodHandles$Lookup$ClassDefiner::defineClass@23
                      ;   {runtime_call throw_null_pointer_exception Runtime1 stub}
  0x000002065854dc5c: 0407 e89d 

  0x000002065854dc60: ; ImmutableOopMap {rax=Oop rcx=Oop [144]=Oop [152]=Oop [160]=Oop [168]=Oop [184]=Oop }
                      ;*invokeinterface protectionDomain {reexecute=0 rethrow=0 return_oop=0}
                      ; - java.lang.invoke.MethodHandles$Lookup::lookupClassProtectionDomain@17
                      ; - java.lang.invoke.MethodHandles$Lookup$ClassDefiner::defineClass@23
                      ;   {metadata({method} {0x00000206000192c8} 'protectionDomain' '(Ljava/lang/Class;)Ljava/security/ProtectionDomain;' in 'java/lang/System$2')}
  0x000002065854dc60: 62fb 0649 | bac0 9201 | 0006 0200 | 004c 8954 | 2408 48c7 | 0424 ffff 

  0x000002065854dc78: ;   {runtime_call counter_overflow Runtime1 stub}
  0x000002065854dc78: ffff e881 

  0x000002065854dc7c: ; ImmutableOopMap {rcx=Oop [144]=Oop [152]=Oop [160]=Oop [168]=Oop [184]=Oop }
                      ;*synchronization entry
                      ; - java.lang.System$2::protectionDomain@-1
                      ; - java.lang.invoke.MethodHandles$Lookup::lookupClassProtectionDomain@17
                      ; - java.lang.invoke.MethodHandles$Lookup$ClassDefiner::defineClass@23
  0x000002065854dc7c: 8a04 07e9 | 59fa ffff 

  0x000002065854dc84: ;   {runtime_call throw_null_pointer_exception Runtime1 stub}
  0x000002065854dc84: e877 62fb 

  0x000002065854dc88: ; ImmutableOopMap {rcx=Oop [144]=Oop [152]=Oop [160]=Oop [168]=Oop [184]=Oop }
                      ;*invokevirtual protectionDomain {reexecute=0 rethrow=0 return_oop=0}
                      ; - java.lang.System$2::protectionDomain@1
                      ; - java.lang.invoke.MethodHandles$Lookup::lookupClassProtectionDomain@17
                      ; - java.lang.invoke.MethodHandles$Lookup$ClassDefiner::defineClass@23
                      ;   {metadata({method} {0x0000020600467bb8} 'protectionDomain' '()Ljava/security/ProtectionDomain;' in 'java/lang/Class')}
  0x000002065854dc88: 0649 bab0 | 7b46 0006 | 0200 004c | 8954 2408 | 48c7 0424 | ffff ffff 

  0x000002065854dca0: ;   {runtime_call counter_overflow Runtime1 stub}
  0x000002065854dca0: e85b 8a04 

  0x000002065854dca4: ; ImmutableOopMap {rcx=Oop [144]=Oop [152]=Oop [160]=Oop [168]=Oop [184]=Oop }
                      ;*synchronization entry
                      ; - java.lang.Class::protectionDomain@-1
                      ; - java.lang.System$2::protectionDomain@1
                      ; - java.lang.invoke.MethodHandles$Lookup::lookupClassProtectionDomain@17
                      ; - java.lang.invoke.MethodHandles$Lookup$ClassDefiner::defineClass@23
  0x000002065854dca4: 07e9 71fa 

  0x000002065854dca8: ;   {oop(nullptr)}
  0x000002065854dca8: ffff 49b8 | 0000 0000 | 0000 0000 | 5053 498b | 5810 5756 | 5251 4150 | 4151 4152 | 4153 4883 
  0x000002065854dcc8: ec20 40f6 | c40f 0f84 | 1900 0000 | 4883 ec08 

  0x000002065854dcd8: ;   {runtime_call}
  0x000002065854dcd8: 48b8 a0a0 | 2f00 fa7f | 0000 ffd0 | 4883 c408 | e90c 0000 

  0x000002065854dcec: ;   {runtime_call}
  0x000002065854dcec: 0048 b8a0 | a02f 00fa | 7f00 00ff | d048 83c4 | 2041 5b41 | 5a41 5941 | 5859 5a5e | 5f48 3b83 
  0x000002065854dd0c: 3801 0000 | 5b58 0f85 | 0a00 0000 | e965 faff | ffb8 0078 

  0x000002065854dd20: ;   {runtime_call load_mirror_patching Runtime1 stub}
  0x000002065854dd20: 6e0a e859 

  0x000002065854dd24: ; ImmutableOopMap {[144]=Oop [152]=Oop [160]=Oop [168]=Oop [184]=Oop }
                      ;*getstatic allPermDomain {reexecute=1 rethrow=0 return_oop=0}
                      ; - (reexecute) java.lang.Class::protectionDomain@9
                      ; - java.lang.System$2::protectionDomain@1
                      ; - java.lang.invoke.MethodHandles$Lookup::lookupClassProtectionDomain@17
                      ; - java.lang.invoke.MethodHandles$Lookup$ClassDefiner::defineClass@23
  0x000002065854dd24: 9404 07e9 | 4cfa ffff 

  0x000002065854dd2c: ;   {runtime_call throw_null_pointer_exception Runtime1 stub}
  0x000002065854dd2c: e8cf 61fb 

  0x000002065854dd30: ; ImmutableOopMap {r8=Oop [144]=Oop [152]=Oop [160]=Oop [168]=Oop [184]=Oop }
                      ;*getstatic allPermDomain {reexecute=1 rethrow=0 return_oop=0}
                      ; - (reexecute) java.lang.Class::protectionDomain@9
                      ; - java.lang.System$2::protectionDomain@1
                      ; - java.lang.invoke.MethodHandles$Lookup::lookupClassProtectionDomain@17
                      ; - java.lang.invoke.MethodHandles$Lookup$ClassDefiner::defineClass@23
  0x000002065854dd30: 0645 8b80 | 0000 0000 | b800 0c05 

  0x000002065854dd3c: ;   {runtime_call access_field_patching Runtime1 stub}
  0x000002065854dd3c: 07e8 3e9d 

  0x000002065854dd40: ; ImmutableOopMap {r8=Oop [144]=Oop [152]=Oop [160]=Oop [168]=Oop [184]=Oop }
                      ;*getstatic allPermDomain {reexecute=1 rethrow=0 return_oop=0}
                      ; - (reexecute) java.lang.Class::protectionDomain@9
                      ; - java.lang.System$2::protectionDomain@1
                      ; - java.lang.invoke.MethodHandles$Lookup::lookupClassProtectionDomain@17
                      ; - java.lang.invoke.MethodHandles$Lookup$ClassDefiner::defineClass@23
  0x000002065854dd40: 0407 e941 | faff ff44 | 8b4e 1849 | 83f9 000f | 8458 faff | ff4c 890c 

  0x000002065854dd58: ;   {runtime_call g1_pre_barrier_slow}
  0x000002065854dd58: 24e8 a2d4 | 0407 e94a | faff ff49 | 83f8 000f | 8461 faff | ff48 8934 

  0x000002065854dd70: ;   {runtime_call g1_post_barrier_slow}
  0x000002065854dd70: 24e8 8ad1 | 0407 e953 

  0x000002065854dd78: ;   {metadata({method} {0x0000020600473b88} 'getJavaLangAccess' '()Ljdk/internal/access/JavaLangAccess;' in 'jdk/internal/access/SharedSecrets')}
  0x000002065854dd78: faff ff49 | ba80 3b47 | 0006 0200 | 004c 8954 | 2408 48c7 | 0424 ffff 

  0x000002065854dd90: ;   {runtime_call counter_overflow Runtime1 stub}
  0x000002065854dd90: ffff e869 

  0x000002065854dd94: ; ImmutableOopMap {rax=Oop rdi=Oop rbx=Oop rdx=Oop [152]=Oop [168]=Oop [184]=Oop }
                      ;*synchronization entry
                      ; - jdk.internal.access.SharedSecrets::getJavaLangAccess@-1
                      ; - java.lang.invoke.MethodHandles$Lookup$ClassDefiner::defineClass@35
  0x000002065854dd94: 8904 07e9 | b3fa ffff 

  0x000002065854dd9c: ;   {runtime_call throw_incompatible_class_change_error Runtime1 stub}
  0x000002065854dd9c: e8df 7904 

  0x000002065854dda0: ; ImmutableOopMap {rax=Oop rdi=Oop rbx=Oop r14=Oop rsi=Oop rcx=Oop [152]=Oop [168]=Oop [184]=Oop }
                      ;*invokeinterface defineClass {reexecute=0 rethrow=0 return_oop=0}
                      ; - java.lang.invoke.MethodHandles$Lookup$ClassDefiner::defineClass@57
                      ;   {runtime_call throw_null_pointer_exception Runtime1 stub}
  0x000002065854dda0: 07e8 5a61 

  0x000002065854dda4: ; ImmutableOopMap {rax=Oop rdi=Oop rbx=Oop r14=Oop rsi=Oop rcx=Oop [152]=Oop [168]=Oop [184]=Oop }
                      ;*invokeinterface defineClass {reexecute=0 rethrow=0 return_oop=0}
                      ; - java.lang.invoke.MethodHandles$Lookup$ClassDefiner::defineClass@57
                      ;   {runtime_call throw_null_pointer_exception Runtime1 stub}
  0x000002065854dda4: fb06 e855 

  0x000002065854dda8: ; ImmutableOopMap {rax=Oop rdx=Oop rsi=Oop [152]=Oop }
                      ;*invokevirtual isEnabled {reexecute=0 rethrow=0 return_oop=0}
                      ; - java.lang.invoke.MethodHandles$Lookup$ClassDefiner::defineClass@105
                      ;   {runtime_call throw_null_pointer_exception Runtime1 stub}
  0x000002065854dda8: 61fb 06e8 

  0x000002065854ddac: ; ImmutableOopMap {rdx=Oop rax=Oop rsi=Oop [152]=Oop }
                      ;*invokevirtual isEnabled {reexecute=0 rethrow=0 return_oop=0}
                      ; - java.lang.invoke.MethodHandles$Lookup$ClassDefiner::defineClass@162
  0x000002065854ddac: 5061 fb06 

  0x000002065854ddb0: ;   {internal_word}
  0x000002065854ddb0: 49ba e5da | 5458 0602 | 0000 4d89 | 9768 0400 

  0x000002065854ddc0: ;   {runtime_call SafepointBlob}
  0x000002065854ddc0: 00e9 ba76 

  0x000002065854ddc4: ;   {internal_word}
  0x000002065854ddc4: f806 49ba | 3cdb 5458 | 0602 0000 | 4d89 9768 

  0x000002065854ddd4: ;   {runtime_call SafepointBlob}
  0x000002065854ddd4: 0400 00e9 | a476 f806 | 498b 8700 | 0500 0049 | c787 0005 | 0000 0000 | 0000 49c7 | 8708 0500 
  0x000002065854ddf4: 0000 0000 | 0048 81c4 | e000 0000 

  0x000002065854de00: ;   {runtime_call unwind_exception Runtime1 stub}
  0x000002065854de00: 5de9 fa6f | fb06 f4f4 
[Stub Code]
  0x000002065854de08: ;   {no_reloc}
  0x000002065854de08: 0f1f 4400 

  0x000002065854de0c: ;   {static_stub}
  0x000002065854de0c: 0048 bb00 | 0000 0000 

  0x000002065854de14: ;   {runtime_call nmethod}
  0x000002065854de14: 0000 00e9 | fbff ffff 

  0x000002065854de1c: ;   {static_stub}
  0x000002065854de1c: 48bb 487b | 4600 0602 

  0x000002065854de24: ;   {runtime_call I2C/C2I adapters}
  0x000002065854de24: 0000 e938 

  0x000002065854de28: ;   {static_stub}
  0x000002065854de28: 56f8 0648 | bb00 0000 | 0000 0000 

  0x000002065854de34: ;   {runtime_call nmethod}
  0x000002065854de34: 00e9 fbff 

  0x000002065854de38: ;   {static_stub}
  0x000002065854de38: ffff 48bb | 0000 0000 | 0000 0000 

  0x000002065854de44: ;   {runtime_call nmethod}
  0x000002065854de44: e9fb ffff 

  0x000002065854de48: ;   {runtime_call handle_exception_from_callee Runtime1 stub}
  0x000002065854de48: ffe8 3281 

  0x000002065854de4c: ;   {external_word}
  0x000002065854de4c: fb06 48b9 | 5063 cf00 | fa7f 0000 | 4883 e4f0 

  0x000002065854de5c: ;   {runtime_call}
  0x000002065854de5c: 48b8 c0c9 | 9100 fa7f | 0000 ffd0 

  0x000002065854de68: ;   {section_word}
  0x000002065854de68: f449 ba69 | de54 5806 | 0200 0041 

  0x000002065854de74: ;   {runtime_call DeoptimizationBlob}
  0x000002065854de74: 52e9 a668 | f806 f4f4 | f4f4 f4f4 
[/MachCode]


---------------  P R O C E S S  ---------------

Threads class SMR info:
_java_thread_list=0x0000020671cda610, length=38, elements={
0x0000020654e323d0, 0x000002066b2a3a60, 0x000002066b2a84e0, 0x000002066b2a8f40,
0x000002066b2a99a0, 0x000002066b2aa400, 0x000002066b2aae60, 0x000002066b2b3c20,
0x000002066b2c46d0, 0x000002066b4c4c70, 0x000002066b586570, 0x0000020671132450,
0x0000020671554630, 0x00000206704573f0, 0x0000020670f82700, 0x000002066b385580,
0x00000206706d3190, 0x00000206714cf820, 0x00000206706cc850, 0x00000206706cdc00,
0x00000206706cd570, 0x00000206706cb4a0, 0x00000206706cbb30, 0x00000206706cc1c0,
0x00000206706ccee0, 0x00000206729772e0, 0x0000020672975f30, 0x00000206729758a0,
0x00000206729765c0, 0x0000020672977970, 0x0000020672978000, 0x0000020672978690,
0x0000020672975210, 0x0000020671296440, 0x0000020671296ad0, 0x0000020671295090,
0x0000020671297e80, 0x0000020671297160
}

Java Threads: ( => current thread )
  0x0000020654e323d0 JavaThread "main"                              [_thread_blocked, id=32156, stack(0x000000ed3d100000,0x000000ed3d200000) (1024K)]
  0x000002066b2a3a60 JavaThread "Reference Handler"          daemon [_thread_blocked, id=32492, stack(0x000000ed3d900000,0x000000ed3da00000) (1024K)]
  0x000002066b2a84e0 JavaThread "Finalizer"                  daemon [_thread_blocked, id=32496, stack(0x000000ed3da00000,0x000000ed3db00000) (1024K)]
  0x000002066b2a8f40 JavaThread "Signal Dispatcher"          daemon [_thread_blocked, id=32500, stack(0x000000ed3db00000,0x000000ed3dc00000) (1024K)]
  0x000002066b2a99a0 JavaThread "Attach Listener"            daemon [_thread_blocked, id=32504, stack(0x000000ed3dc00000,0x000000ed3dd00000) (1024K)]
  0x000002066b2aa400 JavaThread "Service Thread"             daemon [_thread_blocked, id=32508, stack(0x000000ed3dd00000,0x000000ed3de00000) (1024K)]
  0x000002066b2aae60 JavaThread "Monitor Deflation Thread"   daemon [_thread_blocked, id=32512, stack(0x000000ed3de00000,0x000000ed3df00000) (1024K)]
  0x000002066b2b3c20 JavaThread "C2 CompilerThread0"         daemon [_thread_blocked, id=32516, stack(0x000000ed3df00000,0x000000ed3e000000) (1024K)]
  0x000002066b2c46d0 JavaThread "C1 CompilerThread0"         daemon [_thread_blocked, id=32520, stack(0x000000ed3e000000,0x000000ed3e100000) (1024K)]
  0x000002066b4c4c70 JavaThread "Common-Cleaner"             daemon [_thread_blocked, id=32764, stack(0x000000ed3e400000,0x000000ed3e500000) (1024K)]
  0x000002066b586570 JavaThread "Notification Thread"        daemon [_thread_blocked, id=10116, stack(0x000000ed3e500000,0x000000ed3e600000) (1024K)]
  0x0000020671132450 JavaThread "Daemon health stats"               [_thread_blocked, id=37316, stack(0x000000ed3e900000,0x000000ed3ea00000) (1024K)]
  0x0000020671554630 JavaThread "Incoming local TCP Connector on port 57298"        [_thread_in_native, id=36764, stack(0x000000ed3cf00000,0x000000ed3d000000) (1024K)]
  0x00000206704573f0 JavaThread "Daemon periodic checks"            [_thread_blocked, id=12940, stack(0x000000ed3d000000,0x000000ed3d100000) (1024K)]
  0x0000020670f82700 JavaThread "Daemon"                            [_thread_blocked, id=38544, stack(0x000000ed3ec00000,0x000000ed3ed00000) (1024K)]
  0x000002066b385580 JavaThread "Handler for socket connection from /127.0.0.1:57298 to /127.0.0.1:64633"        [_thread_in_native, id=39696, stack(0x000000ed3ed00000,0x000000ed3ee00000) (1024K)]
  0x00000206706d3190 JavaThread "Cancel handler"                    [_thread_blocked, id=37264, stack(0x000000ed3ee00000,0x000000ed3ef00000) (1024K)]
=>0x00000206714cf820 JavaThread "Daemon worker"                     [_thread_in_vm, id=30408, stack(0x000000ed3ef00000,0x000000ed3f000000) (1024K)]
  0x00000206706cc850 JavaThread "Asynchronous log dispatcher for DefaultDaemonConnection: socket connection from /127.0.0.1:57298 to /127.0.0.1:64633"        [_thread_blocked, id=31920, stack(0x000000ed3f000000,0x000000ed3f100000) (1024K)]
  0x00000206706cdc00 JavaThread "Stdin handler"                     [_thread_blocked, id=38068, stack(0x000000ed3f100000,0x000000ed3f200000) (1024K)]
  0x00000206706cd570 JavaThread "Daemon client event forwarder"        [_thread_blocked, id=34184, stack(0x000000ed3f200000,0x000000ed3f300000) (1024K)]
  0x00000206706cb4a0 JavaThread "Cache worker for journal cache (C:\Users\chae0\.gradle\caches\journal-1)"        [_thread_blocked, id=39508, stack(0x000000ed3fa00000,0x000000ed3fb00000) (1024K)]
  0x00000206706cbb30 JavaThread "File lock request listener"        [_thread_in_native, id=36680, stack(0x000000ed3fb00000,0x000000ed3fc00000) (1024K)]
  0x00000206706cc1c0 JavaThread "Cache worker for file hash cache (C:\Users\chae0\.gradle\caches\9.4.1\fileHashes)"        [_thread_blocked, id=38628, stack(0x000000ed3fc00000,0x000000ed3fd00000) (1024K)]
  0x00000206706ccee0 JavaThread "File lock release action executor"        [_thread_blocked, id=24828, stack(0x000000ed3fe00000,0x000000ed3ff00000) (1024K)]
  0x00000206729772e0 JavaThread "Cache worker for file hash cache (C:\qring-backend\.gradle\9.4.1\fileHashes)"        [_thread_blocked, id=38664, stack(0x000000ed3ea00000,0x000000ed3eb00000) (1024K)]
  0x0000020672975f30 JavaThread "Cache worker for Build Output Cleanup Cache (C:\qring-backend\.gradle\buildOutputCleanup)"        [_thread_blocked, id=37640, stack(0x000000ed3fd00000,0x000000ed3fe00000) (1024K)]
  0x00000206729758a0 JavaThread "File watcher server"        daemon [_thread_in_native, id=30812, stack(0x000000ed40100000,0x000000ed40200000) (1024K)]
  0x00000206729765c0 JavaThread "File watcher consumer"      daemon [_thread_blocked, id=34104, stack(0x000000ed40200000,0x000000ed40300000) (1024K)]
  0x0000020672977970 JavaThread "Cache worker for file content cache (C:\Users\chae0\.gradle\caches\9.4.1\fileContent)"        [_thread_blocked, id=33876, stack(0x000000ed40300000,0x000000ed40400000) (1024K)]
  0x0000020672978000 JavaThread "Cache worker for checksums cache (C:\qring-backend\.gradle\9.4.1\checksums)"        [_thread_blocked, id=34148, stack(0x000000ed40400000,0x000000ed40500000) (1024K)]
  0x0000020672978690 JavaThread "Cache worker for cache directory md-supplier (C:\Users\chae0\.gradle\caches\9.4.1\md-supplier)"        [_thread_blocked, id=37660, stack(0x000000ed40500000,0x000000ed40600000) (1024K)]
  0x0000020672975210 JavaThread "Cache worker for cache directory md-rule (C:\Users\chae0\.gradle\caches\9.4.1\md-rule)"        [_thread_blocked, id=4668, stack(0x000000ed40600000,0x000000ed40700000) (1024K)]
  0x0000020671296440 JavaThread "jar transforms"                    [_thread_blocked, id=33272, stack(0x000000ed40700000,0x000000ed40800000) (1024K)]
  0x0000020671296ad0 JavaThread "jar transforms Thread 2"           [_thread_blocked, id=30796, stack(0x000000ed40800000,0x000000ed40900000) (1024K)]
  0x0000020671295090 JavaThread "jar transforms Thread 3"           [_thread_blocked, id=39148, stack(0x000000ed3e800000,0x000000ed3e900000) (1024K)]
  0x0000020671297e80 JavaThread "jar transforms Thread 4"           [_thread_blocked, id=21512, stack(0x000000ed3eb00000,0x000000ed3ec00000) (1024K)]
  0x0000020671297160 JavaThread "jar transforms Thread 5"           [_thread_blocked, id=34064, stack(0x000000ed40900000,0x000000ed40a00000) (1024K)]
Total: 38

Other Threads:
  0x000002066b288da0 VMThread "VM Thread"                           [id=32396, stack(0x000000ed3d800000,0x000000ed3d900000) (1024K)] _threads_hazard_ptr=0x0000020671cda610
  0x000002066b27ade0 WatcherThread "VM Periodic Task Thread"        [id=32384, stack(0x000000ed3d700000,0x000000ed3d800000) (1024K)]
  0x0000020654e5f150 WorkerThread "GC Thread#0"                     [id=32296, stack(0x000000ed3d200000,0x000000ed3d300000) (1024K)]
  0x000002066b5394e0 WorkerThread "GC Thread#1"                     [id=36572, stack(0x000000ed3e100000,0x000000ed3e200000) (1024K)]
  0x000002066b539890 WorkerThread "GC Thread#2"                     [id=36552, stack(0x000000ed3e200000,0x000000ed3e300000) (1024K)]
  0x000002066b53a050 WorkerThread "GC Thread#3"                     [id=36576, stack(0x000000ed3e300000,0x000000ed3e400000) (1024K)]
  0x000002066b480dc0 WorkerThread "GC Thread#4"                     [id=23248, stack(0x000000ed3e600000,0x000000ed3e700000) (1024K)]
  0x000002066b481980 WorkerThread "GC Thread#5"                     [id=31352, stack(0x000000ed3e700000,0x000000ed3e800000) (1024K)]
  0x00000206712ea800 WorkerThread "GC Thread#6"                     [id=36704, stack(0x000000ed3f300000,0x000000ed3f400000) (1024K)]
  0x00000206712eb6c0 WorkerThread "GC Thread#7"                     [id=38036, stack(0x000000ed3f400000,0x000000ed3f500000) (1024K)]
  0x00000206712ec1d0 WorkerThread "GC Thread#8"                     [id=38568, stack(0x000000ed3f500000,0x000000ed3f600000) (1024K)]
  0x00000206712eaf60 WorkerThread "GC Thread#9"                     [id=38116, stack(0x000000ed3f600000,0x000000ed3f700000) (1024K)]
  0x00000206712ebe20 WorkerThread "GC Thread#10"                    [id=24944, stack(0x000000ed3f700000,0x000000ed3f800000) (1024K)]
  0x00000206712eb310 WorkerThread "GC Thread#11"                    [id=32292, stack(0x000000ed3f800000,0x000000ed3f900000) (1024K)]
  0x000002067134b2f0 WorkerThread "GC Thread#12"                    [id=39280, stack(0x000000ed3f900000,0x000000ed3fa00000) (1024K)]
  0x0000020654e640d0 ConcurrentGCThread "G1 Main Marker"            [id=32300, stack(0x000000ed3d300000,0x000000ed3d400000) (1024K)]
  0x0000020654e64af0 WorkerThread "G1 Conc#0"                       [id=32304, stack(0x000000ed3d400000,0x000000ed3d500000) (1024K)]
  0x000002067134c910 WorkerThread "G1 Conc#1"                       [id=37552, stack(0x000000ed3ff00000,0x000000ed40000000) (1024K)]
  0x000002067134d7d0 WorkerThread "G1 Conc#2"                       [id=10840, stack(0x000000ed40000000,0x000000ed40100000) (1024K)]
  0x0000020654eee530 ConcurrentGCThread "G1 Refine#0"               [id=32320, stack(0x000000ed3d500000,0x000000ed3d600000) (1024K)]
  0x000002066b141670 ConcurrentGCThread "G1 Service"                [id=32324, stack(0x000000ed3d600000,0x000000ed3d700000) (1024K)]
Total: 21

Threads with active compile tasks:
Total: 0

VM state: synchronizing (normal execution)

VM Mutex/Monitor currently owned by a thread:  ([mutex/lock_event])
[0x00007ffa00fad530] Metaspace_lock - owner thread: 0x00000206714cf820
[0x00007ffa00faf5b0] Threads_lock - owner thread: 0x000002066b288da0

Heap address: 0x00000000e0000000, size: 512 MB, Compressed Oops mode: 32-bit

CDS archive(s) mapped at: [0x0000020600000000-0x0000020600ba0000-0x0000020600ba0000), size 12189696, SharedBaseAddress: 0x0000020600000000, ArchiveRelocationMode: 1.
Compressed class space mapped at: 0x0000020601000000-0x0000020615000000, reserved size: 335544320
Narrow klass base: 0x0000020600000000, Narrow klass shift: 0, Narrow klass range: 0x100000000

GC Precious Log:
 CardTable entry size: 512
 Card Set container configuration: InlinePtr #cards 5 size 8 Array Of Cards #cards 12 size 40 Howl #buckets 4 coarsen threshold 1843 Howl Bitmap #cards 512 size 80 coarsen threshold 460 Card regions per heap region 1 cards per card region 2048
 CPUs: 16 total, 16 available
 Memory: 16066M
 Large Page Support: Disabled
 NUMA Support: Disabled
 Compressed Oops: Enabled (32-bit)
 Heap Region Size: 1M
 Heap Min Capacity: 256M
 Heap Initial Capacity: 256M
 Heap Max Capacity: 512M
 Pre-touch: Disabled
 Parallel Workers: 13
 Concurrent Workers: 3
 Concurrent Refinement Workers: 13
 Periodic GC: Disabled

Heap:
 garbage-first heap   total 262144K, used 127771K [0x00000000e0000000, 0x0000000100000000)
  region size 1024K, 105 young (107520K), 9 survivors (9216K)
 Metaspace       used 46061K, committed 47808K, reserved 393216K
  class space    used 6837K, committed 7680K, reserved 327680K

Heap Regions: E=young(eden), S=young(survivor), O=old, HS=humongous(starts), HC=humongous(continues), CS=collection set, F=free, TAMS=top-at-mark-start, PB=parsable bottom
|   0|0x00000000e0000000, 0x00000000e0100000, 0x00000000e0100000|100%|HS|  |TAMS 0x00000000e0000000| PB 0x00000000e0000000| Complete 
|   1|0x00000000e0100000, 0x00000000e0200000, 0x00000000e0200000|100%|HC|  |TAMS 0x00000000e0100000| PB 0x00000000e0100000| Complete 
|   2|0x00000000e0200000, 0x00000000e0300000, 0x00000000e0300000|100%|HC|  |TAMS 0x00000000e0200000| PB 0x00000000e0200000| Complete 
|   3|0x00000000e0300000, 0x00000000e0400000, 0x00000000e0400000|100%|HC|  |TAMS 0x00000000e0300000| PB 0x00000000e0300000| Complete 
|   4|0x00000000e0400000, 0x00000000e0500000, 0x00000000e0500000|100%| O|  |TAMS 0x00000000e0400000| PB 0x00000000e0400000| Untracked 
|   5|0x00000000e0500000, 0x00000000e0600000, 0x00000000e0600000|100%| O|  |TAMS 0x00000000e0500000| PB 0x00000000e0500000| Untracked 
|   6|0x00000000e0600000, 0x00000000e0700000, 0x00000000e0700000|100%| O|  |TAMS 0x00000000e0600000| PB 0x00000000e0600000| Untracked 
|   7|0x00000000e0700000, 0x00000000e0800000, 0x00000000e0800000|100%| O|  |TAMS 0x00000000e0700000| PB 0x00000000e0700000| Untracked 
|   8|0x00000000e0800000, 0x00000000e0900000, 0x00000000e0900000|100%|HS|  |TAMS 0x00000000e0800000| PB 0x00000000e0800000| Complete 
|   9|0x00000000e0900000, 0x00000000e0a00000, 0x00000000e0a00000|100%| O|  |TAMS 0x00000000e0900000| PB 0x00000000e0900000| Untracked 
|  10|0x00000000e0a00000, 0x00000000e0b00000, 0x00000000e0b00000|100%| O|  |TAMS 0x00000000e0a00000| PB 0x00000000e0a00000| Untracked 
|  11|0x00000000e0b00000, 0x00000000e0c00000, 0x00000000e0c00000|100%| O|  |TAMS 0x00000000e0b00000| PB 0x00000000e0b00000| Untracked 
|  12|0x00000000e0c00000, 0x00000000e0c00000, 0x00000000e0d00000|  0%| F|  |TAMS 0x00000000e0c00000| PB 0x00000000e0c00000| Untracked 
|  13|0x00000000e0d00000, 0x00000000e0d3ee70, 0x00000000e0e00000| 24%| O|  |TAMS 0x00000000e0d00000| PB 0x00000000e0d00000| Untracked 
|  14|0x00000000e0e00000, 0x00000000e0e00000, 0x00000000e0f00000|  0%| F|  |TAMS 0x00000000e0e00000| PB 0x00000000e0e00000| Untracked 
|  15|0x00000000e0f00000, 0x00000000e1000000, 0x00000000e1000000|100%| O|  |TAMS 0x00000000e0f00000| PB 0x00000000e0f00000| Untracked 
|  16|0x00000000e1000000, 0x00000000e1100000, 0x00000000e1100000|100%| O|  |TAMS 0x00000000e1000000| PB 0x00000000e1000000| Untracked 
|  17|0x00000000e1100000, 0x00000000e1200000, 0x00000000e1200000|100%| O|  |TAMS 0x00000000e1100000| PB 0x00000000e1100000| Untracked 
|  18|0x00000000e1200000, 0x00000000e1300000, 0x00000000e1300000|100%| O|  |TAMS 0x00000000e1200000| PB 0x00000000e1200000| Untracked 
|  19|0x00000000e1300000, 0x00000000e1400000, 0x00000000e1400000|100%| O|  |TAMS 0x00000000e1300000| PB 0x00000000e1300000| Untracked 
|  20|0x00000000e1400000, 0x00000000e1500000, 0x00000000e1500000|100%| O|  |TAMS 0x00000000e1400000| PB 0x00000000e1400000| Untracked 
|  21|0x00000000e1500000, 0x00000000e1600000, 0x00000000e1600000|100%| O|  |TAMS 0x00000000e1500000| PB 0x00000000e1500000| Untracked 
|  22|0x00000000e1600000, 0x00000000e1700000, 0x00000000e1700000|100%| O|  |TAMS 0x00000000e1600000| PB 0x00000000e1600000| Untracked 
|  23|0x00000000e1700000, 0x00000000e1800000, 0x00000000e1800000|100%| O|Cm|TAMS 0x00000000e1700000| PB 0x00000000e1700000| Complete 
|  24|0x00000000e1800000, 0x00000000e1800000, 0x00000000e1900000|  0%| F|  |TAMS 0x00000000e1800000| PB 0x00000000e1800000| Untracked 
|  25|0x00000000e1900000, 0x00000000e1900000, 0x00000000e1a00000|  0%| F|  |TAMS 0x00000000e1900000| PB 0x00000000e1900000| Untracked 
|  26|0x00000000e1a00000, 0x00000000e1a00000, 0x00000000e1b00000|  0%| F|  |TAMS 0x00000000e1a00000| PB 0x00000000e1a00000| Untracked 
|  27|0x00000000e1b00000, 0x00000000e1b00000, 0x00000000e1c00000|  0%| F|  |TAMS 0x00000000e1b00000| PB 0x00000000e1b00000| Untracked 
|  28|0x00000000e1c00000, 0x00000000e1c00000, 0x00000000e1d00000|  0%| F|  |TAMS 0x00000000e1c00000| PB 0x00000000e1c00000| Untracked 
|  29|0x00000000e1d00000, 0x00000000e1d00000, 0x00000000e1e00000|  0%| F|  |TAMS 0x00000000e1d00000| PB 0x00000000e1d00000| Untracked 
|  30|0x00000000e1e00000, 0x00000000e1e00000, 0x00000000e1f00000|  0%| F|  |TAMS 0x00000000e1e00000| PB 0x00000000e1e00000| Untracked 
|  31|0x00000000e1f00000, 0x00000000e1f00000, 0x00000000e2000000|  0%| F|  |TAMS 0x00000000e1f00000| PB 0x00000000e1f00000| Untracked 
|  32|0x00000000e2000000, 0x00000000e2000000, 0x00000000e2100000|  0%| F|  |TAMS 0x00000000e2000000| PB 0x00000000e2000000| Untracked 
|  33|0x00000000e2100000, 0x00000000e2100000, 0x00000000e2200000|  0%| F|  |TAMS 0x00000000e2100000| PB 0x00000000e2100000| Untracked 
|  34|0x00000000e2200000, 0x00000000e2200000, 0x00000000e2300000|  0%| F|  |TAMS 0x00000000e2200000| PB 0x00000000e2200000| Untracked 
|  35|0x00000000e2300000, 0x00000000e2300000, 0x00000000e2400000|  0%| F|  |TAMS 0x00000000e2300000| PB 0x00000000e2300000| Untracked 
|  36|0x00000000e2400000, 0x00000000e2400000, 0x00000000e2500000|  0%| F|  |TAMS 0x00000000e2400000| PB 0x00000000e2400000| Untracked 
|  37|0x00000000e2500000, 0x00000000e2500000, 0x00000000e2600000|  0%| F|  |TAMS 0x00000000e2500000| PB 0x00000000e2500000| Untracked 
|  38|0x00000000e2600000, 0x00000000e2600000, 0x00000000e2700000|  0%| F|  |TAMS 0x00000000e2600000| PB 0x00000000e2600000| Untracked 
|  39|0x00000000e2700000, 0x00000000e2700000, 0x00000000e2800000|  0%| F|  |TAMS 0x00000000e2700000| PB 0x00000000e2700000| Untracked 
|  40|0x00000000e2800000, 0x00000000e2800000, 0x00000000e2900000|  0%| F|  |TAMS 0x00000000e2800000| PB 0x00000000e2800000| Untracked 
|  41|0x00000000e2900000, 0x00000000e2900000, 0x00000000e2a00000|  0%| F|  |TAMS 0x00000000e2900000| PB 0x00000000e2900000| Untracked 
|  42|0x00000000e2a00000, 0x00000000e2a00000, 0x00000000e2b00000|  0%| F|  |TAMS 0x00000000e2a00000| PB 0x00000000e2a00000| Untracked 
|  43|0x00000000e2b00000, 0x00000000e2b00000, 0x00000000e2c00000|  0%| F|  |TAMS 0x00000000e2b00000| PB 0x00000000e2b00000| Untracked 
|  44|0x00000000e2c00000, 0x00000000e2c00000, 0x00000000e2d00000|  0%| F|  |TAMS 0x00000000e2c00000| PB 0x00000000e2c00000| Untracked 
|  45|0x00000000e2d00000, 0x00000000e2d00000, 0x00000000e2e00000|  0%| F|  |TAMS 0x00000000e2d00000| PB 0x00000000e2d00000| Untracked 
|  46|0x00000000e2e00000, 0x00000000e2e00000, 0x00000000e2f00000|  0%| F|  |TAMS 0x00000000e2e00000| PB 0x00000000e2e00000| Untracked 
|  47|0x00000000e2f00000, 0x00000000e2f00000, 0x00000000e3000000|  0%| F|  |TAMS 0x00000000e2f00000| PB 0x00000000e2f00000| Untracked 
|  48|0x00000000e3000000, 0x00000000e3000000, 0x00000000e3100000|  0%| F|  |TAMS 0x00000000e3000000| PB 0x00000000e3000000| Untracked 
|  49|0x00000000e3100000, 0x00000000e3100000, 0x00000000e3200000|  0%| F|  |TAMS 0x00000000e3100000| PB 0x00000000e3100000| Untracked 
|  50|0x00000000e3200000, 0x00000000e3200000, 0x00000000e3300000|  0%| F|  |TAMS 0x00000000e3200000| PB 0x00000000e3200000| Untracked 
|  51|0x00000000e3300000, 0x00000000e3300000, 0x00000000e3400000|  0%| F|  |TAMS 0x00000000e3300000| PB 0x00000000e3300000| Untracked 
|  52|0x00000000e3400000, 0x00000000e3400000, 0x00000000e3500000|  0%| F|  |TAMS 0x00000000e3400000| PB 0x00000000e3400000| Untracked 
|  53|0x00000000e3500000, 0x00000000e3500000, 0x00000000e3600000|  0%| F|  |TAMS 0x00000000e3500000| PB 0x00000000e3500000| Untracked 
|  54|0x00000000e3600000, 0x00000000e3600000, 0x00000000e3700000|  0%| F|  |TAMS 0x00000000e3600000| PB 0x00000000e3600000| Untracked 
|  55|0x00000000e3700000, 0x00000000e3700000, 0x00000000e3800000|  0%| F|  |TAMS 0x00000000e3700000| PB 0x00000000e3700000| Untracked 
|  56|0x00000000e3800000, 0x00000000e3800000, 0x00000000e3900000|  0%| F|  |TAMS 0x00000000e3800000| PB 0x00000000e3800000| Untracked 
|  57|0x00000000e3900000, 0x00000000e3900000, 0x00000000e3a00000|  0%| F|  |TAMS 0x00000000e3900000| PB 0x00000000e3900000| Untracked 
|  58|0x00000000e3a00000, 0x00000000e3a00000, 0x00000000e3b00000|  0%| F|  |TAMS 0x00000000e3a00000| PB 0x00000000e3a00000| Untracked 
|  59|0x00000000e3b00000, 0x00000000e3b00000, 0x00000000e3c00000|  0%| F|  |TAMS 0x00000000e3b00000| PB 0x00000000e3b00000| Untracked 
|  60|0x00000000e3c00000, 0x00000000e3c00000, 0x00000000e3d00000|  0%| F|  |TAMS 0x00000000e3c00000| PB 0x00000000e3c00000| Untracked 
|  61|0x00000000e3d00000, 0x00000000e3d00000, 0x00000000e3e00000|  0%| F|  |TAMS 0x00000000e3d00000| PB 0x00000000e3d00000| Untracked 
|  62|0x00000000e3e00000, 0x00000000e3e00000, 0x00000000e3f00000|  0%| F|  |TAMS 0x00000000e3e00000| PB 0x00000000e3e00000| Untracked 
|  63|0x00000000e3f00000, 0x00000000e3f00000, 0x00000000e4000000|  0%| F|  |TAMS 0x00000000e3f00000| PB 0x00000000e3f00000| Untracked 
|  64|0x00000000e4000000, 0x00000000e4000000, 0x00000000e4100000|  0%| F|  |TAMS 0x00000000e4000000| PB 0x00000000e4000000| Untracked 
|  65|0x00000000e4100000, 0x00000000e4100000, 0x00000000e4200000|  0%| F|  |TAMS 0x00000000e4100000| PB 0x00000000e4100000| Untracked 
|  66|0x00000000e4200000, 0x00000000e4200000, 0x00000000e4300000|  0%| F|  |TAMS 0x00000000e4200000| PB 0x00000000e4200000| Untracked 
|  67|0x00000000e4300000, 0x00000000e4300000, 0x00000000e4400000|  0%| F|  |TAMS 0x00000000e4300000| PB 0x00000000e4300000| Untracked 
|  68|0x00000000e4400000, 0x00000000e4400000, 0x00000000e4500000|  0%| F|  |TAMS 0x00000000e4400000| PB 0x00000000e4400000| Untracked 
|  69|0x00000000e4500000, 0x00000000e4500000, 0x00000000e4600000|  0%| F|  |TAMS 0x00000000e4500000| PB 0x00000000e4500000| Untracked 
|  70|0x00000000e4600000, 0x00000000e4600000, 0x00000000e4700000|  0%| F|  |TAMS 0x00000000e4600000| PB 0x00000000e4600000| Untracked 
|  71|0x00000000e4700000, 0x00000000e4700000, 0x00000000e4800000|  0%| F|  |TAMS 0x00000000e4700000| PB 0x00000000e4700000| Untracked 
|  72|0x00000000e4800000, 0x00000000e4800000, 0x00000000e4900000|  0%| F|  |TAMS 0x00000000e4800000| PB 0x00000000e4800000| Untracked 
|  73|0x00000000e4900000, 0x00000000e4900000, 0x00000000e4a00000|  0%| F|  |TAMS 0x00000000e4900000| PB 0x00000000e4900000| Untracked 
|  74|0x00000000e4a00000, 0x00000000e4a00000, 0x00000000e4b00000|  0%| F|  |TAMS 0x00000000e4a00000| PB 0x00000000e4a00000| Untracked 
|  75|0x00000000e4b00000, 0x00000000e4b00000, 0x00000000e4c00000|  0%| F|  |TAMS 0x00000000e4b00000| PB 0x00000000e4b00000| Untracked 
|  76|0x00000000e4c00000, 0x00000000e4c00000, 0x00000000e4d00000|  0%| F|  |TAMS 0x00000000e4c00000| PB 0x00000000e4c00000| Untracked 
|  77|0x00000000e4d00000, 0x00000000e4d00000, 0x00000000e4e00000|  0%| F|  |TAMS 0x00000000e4d00000| PB 0x00000000e4d00000| Untracked 
|  78|0x00000000e4e00000, 0x00000000e4e00000, 0x00000000e4f00000|  0%| F|  |TAMS 0x00000000e4e00000| PB 0x00000000e4e00000| Untracked 
|  79|0x00000000e4f00000, 0x00000000e4f00000, 0x00000000e5000000|  0%| F|  |TAMS 0x00000000e4f00000| PB 0x00000000e4f00000| Untracked 
|  80|0x00000000e5000000, 0x00000000e5000000, 0x00000000e5100000|  0%| F|  |TAMS 0x00000000e5000000| PB 0x00000000e5000000| Untracked 
|  81|0x00000000e5100000, 0x00000000e5100000, 0x00000000e5200000|  0%| F|  |TAMS 0x00000000e5100000| PB 0x00000000e5100000| Untracked 
|  82|0x00000000e5200000, 0x00000000e5200000, 0x00000000e5300000|  0%| F|  |TAMS 0x00000000e5200000| PB 0x00000000e5200000| Untracked 
|  83|0x00000000e5300000, 0x00000000e5300000, 0x00000000e5400000|  0%| F|  |TAMS 0x00000000e5300000| PB 0x00000000e5300000| Untracked 
|  84|0x00000000e5400000, 0x00000000e5400000, 0x00000000e5500000|  0%| F|  |TAMS 0x00000000e5400000| PB 0x00000000e5400000| Untracked 
|  85|0x00000000e5500000, 0x00000000e5500000, 0x00000000e5600000|  0%| F|  |TAMS 0x00000000e5500000| PB 0x00000000e5500000| Untracked 
|  86|0x00000000e5600000, 0x00000000e5600000, 0x00000000e5700000|  0%| F|  |TAMS 0x00000000e5600000| PB 0x00000000e5600000| Untracked 
|  87|0x00000000e5700000, 0x00000000e5700000, 0x00000000e5800000|  0%| F|  |TAMS 0x00000000e5700000| PB 0x00000000e5700000| Untracked 
|  88|0x00000000e5800000, 0x00000000e5800000, 0x00000000e5900000|  0%| F|  |TAMS 0x00000000e5800000| PB 0x00000000e5800000| Untracked 
|  89|0x00000000e5900000, 0x00000000e5900000, 0x00000000e5a00000|  0%| F|  |TAMS 0x00000000e5900000| PB 0x00000000e5900000| Untracked 
|  90|0x00000000e5a00000, 0x00000000e5a00000, 0x00000000e5b00000|  0%| F|  |TAMS 0x00000000e5a00000| PB 0x00000000e5a00000| Untracked 
|  91|0x00000000e5b00000, 0x00000000e5b00000, 0x00000000e5c00000|  0%| F|  |TAMS 0x00000000e5b00000| PB 0x00000000e5b00000| Untracked 
|  92|0x00000000e5c00000, 0x00000000e5c00000, 0x00000000e5d00000|  0%| F|  |TAMS 0x00000000e5c00000| PB 0x00000000e5c00000| Untracked 
|  93|0x00000000e5d00000, 0x00000000e5d00000, 0x00000000e5e00000|  0%| F|  |TAMS 0x00000000e5d00000| PB 0x00000000e5d00000| Untracked 
|  94|0x00000000e5e00000, 0x00000000e5e00000, 0x00000000e5f00000|  0%| F|  |TAMS 0x00000000e5e00000| PB 0x00000000e5e00000| Untracked 
|  95|0x00000000e5f00000, 0x00000000e5f00000, 0x00000000e6000000|  0%| F|  |TAMS 0x00000000e5f00000| PB 0x00000000e5f00000| Untracked 
|  96|0x00000000e6000000, 0x00000000e6000000, 0x00000000e6100000|  0%| F|  |TAMS 0x00000000e6000000| PB 0x00000000e6000000| Untracked 
|  97|0x00000000e6100000, 0x00000000e6100000, 0x00000000e6200000|  0%| F|  |TAMS 0x00000000e6100000| PB 0x00000000e6100000| Untracked 
|  98|0x00000000e6200000, 0x00000000e6200000, 0x00000000e6300000|  0%| F|  |TAMS 0x00000000e6200000| PB 0x00000000e6200000| Untracked 
|  99|0x00000000e6300000, 0x00000000e6300000, 0x00000000e6400000|  0%| F|  |TAMS 0x00000000e6300000| PB 0x00000000e6300000| Untracked 
| 100|0x00000000e6400000, 0x00000000e6400000, 0x00000000e6500000|  0%| F|  |TAMS 0x00000000e6400000| PB 0x00000000e6400000| Untracked 
| 101|0x00000000e6500000, 0x00000000e6500000, 0x00000000e6600000|  0%| F|  |TAMS 0x00000000e6500000| PB 0x00000000e6500000| Untracked 
| 102|0x00000000e6600000, 0x00000000e6600000, 0x00000000e6700000|  0%| F|  |TAMS 0x00000000e6600000| PB 0x00000000e6600000| Untracked 
| 103|0x00000000e6700000, 0x00000000e6700000, 0x00000000e6800000|  0%| F|  |TAMS 0x00000000e6700000| PB 0x00000000e6700000| Untracked 
| 104|0x00000000e6800000, 0x00000000e6800000, 0x00000000e6900000|  0%| F|  |TAMS 0x00000000e6800000| PB 0x00000000e6800000| Untracked 
| 105|0x00000000e6900000, 0x00000000e6900000, 0x00000000e6a00000|  0%| F|  |TAMS 0x00000000e6900000| PB 0x00000000e6900000| Untracked 
| 106|0x00000000e6a00000, 0x00000000e6a00000, 0x00000000e6b00000|  0%| F|  |TAMS 0x00000000e6a00000| PB 0x00000000e6a00000| Untracked 
| 107|0x00000000e6b00000, 0x00000000e6b00000, 0x00000000e6c00000|  0%| F|  |TAMS 0x00000000e6b00000| PB 0x00000000e6b00000| Untracked 
| 108|0x00000000e6c00000, 0x00000000e6c00000, 0x00000000e6d00000|  0%| F|  |TAMS 0x00000000e6c00000| PB 0x00000000e6c00000| Untracked 
| 109|0x00000000e6d00000, 0x00000000e6d00000, 0x00000000e6e00000|  0%| F|  |TAMS 0x00000000e6d00000| PB 0x00000000e6d00000| Untracked 
| 110|0x00000000e6e00000, 0x00000000e6e00000, 0x00000000e6f00000|  0%| F|  |TAMS 0x00000000e6e00000| PB 0x00000000e6e00000| Untracked 
| 111|0x00000000e6f00000, 0x00000000e6f00000, 0x00000000e7000000|  0%| F|  |TAMS 0x00000000e6f00000| PB 0x00000000e6f00000| Untracked 
| 112|0x00000000e7000000, 0x00000000e7000000, 0x00000000e7100000|  0%| F|  |TAMS 0x00000000e7000000| PB 0x00000000e7000000| Untracked 
| 113|0x00000000e7100000, 0x00000000e7100000, 0x00000000e7200000|  0%| F|  |TAMS 0x00000000e7100000| PB 0x00000000e7100000| Untracked 
| 114|0x00000000e7200000, 0x00000000e7200000, 0x00000000e7300000|  0%| F|  |TAMS 0x00000000e7200000| PB 0x00000000e7200000| Untracked 
| 115|0x00000000e7300000, 0x00000000e7300000, 0x00000000e7400000|  0%| F|  |TAMS 0x00000000e7300000| PB 0x00000000e7300000| Untracked 
| 116|0x00000000e7400000, 0x00000000e7400000, 0x00000000e7500000|  0%| F|  |TAMS 0x00000000e7400000| PB 0x00000000e7400000| Untracked 
| 117|0x00000000e7500000, 0x00000000e7500000, 0x00000000e7600000|  0%| F|  |TAMS 0x00000000e7500000| PB 0x00000000e7500000| Untracked 
| 118|0x00000000e7600000, 0x00000000e7600000, 0x00000000e7700000|  0%| F|  |TAMS 0x00000000e7600000| PB 0x00000000e7600000| Untracked 
| 119|0x00000000e7700000, 0x00000000e7700000, 0x00000000e7800000|  0%| F|  |TAMS 0x00000000e7700000| PB 0x00000000e7700000| Untracked 
| 120|0x00000000e7800000, 0x00000000e7800000, 0x00000000e7900000|  0%| F|  |TAMS 0x00000000e7800000| PB 0x00000000e7800000| Untracked 
| 121|0x00000000e7900000, 0x00000000e7900000, 0x00000000e7a00000|  0%| F|  |TAMS 0x00000000e7900000| PB 0x00000000e7900000| Untracked 
| 122|0x00000000e7a00000, 0x00000000e7a00000, 0x00000000e7b00000|  0%| F|  |TAMS 0x00000000e7a00000| PB 0x00000000e7a00000| Untracked 
| 123|0x00000000e7b00000, 0x00000000e7b00000, 0x00000000e7c00000|  0%| F|  |TAMS 0x00000000e7b00000| PB 0x00000000e7b00000| Untracked 
| 124|0x00000000e7c00000, 0x00000000e7c00000, 0x00000000e7d00000|  0%| F|  |TAMS 0x00000000e7c00000| PB 0x00000000e7c00000| Untracked 
| 125|0x00000000e7d00000, 0x00000000e7d00000, 0x00000000e7e00000|  0%| F|  |TAMS 0x00000000e7d00000| PB 0x00000000e7d00000| Untracked 
| 126|0x00000000e7e00000, 0x00000000e7e00000, 0x00000000e7f00000|  0%| F|  |TAMS 0x00000000e7e00000| PB 0x00000000e7e00000| Untracked 
| 127|0x00000000e7f00000, 0x00000000e7f00000, 0x00000000e8000000|  0%| F|  |TAMS 0x00000000e7f00000| PB 0x00000000e7f00000| Untracked 
| 128|0x00000000e8000000, 0x00000000e8000000, 0x00000000e8100000|  0%| F|  |TAMS 0x00000000e8000000| PB 0x00000000e8000000| Untracked 
| 129|0x00000000e8100000, 0x00000000e8100000, 0x00000000e8200000|  0%| F|  |TAMS 0x00000000e8100000| PB 0x00000000e8100000| Untracked 
| 130|0x00000000e8200000, 0x00000000e8200000, 0x00000000e8300000|  0%| F|  |TAMS 0x00000000e8200000| PB 0x00000000e8200000| Untracked 
| 131|0x00000000e8300000, 0x00000000e8300000, 0x00000000e8400000|  0%| F|  |TAMS 0x00000000e8300000| PB 0x00000000e8300000| Untracked 
| 132|0x00000000e8400000, 0x00000000e8400000, 0x00000000e8500000|  0%| F|  |TAMS 0x00000000e8400000| PB 0x00000000e8400000| Untracked 
| 133|0x00000000e8500000, 0x00000000e8500000, 0x00000000e8600000|  0%| F|  |TAMS 0x00000000e8500000| PB 0x00000000e8500000| Untracked 
| 134|0x00000000e8600000, 0x00000000e8600000, 0x00000000e8700000|  0%| F|  |TAMS 0x00000000e8600000| PB 0x00000000e8600000| Untracked 
| 135|0x00000000e8700000, 0x00000000e8700000, 0x00000000e8800000|  0%| F|  |TAMS 0x00000000e8700000| PB 0x00000000e8700000| Untracked 
| 136|0x00000000e8800000, 0x00000000e8800000, 0x00000000e8900000|  0%| F|  |TAMS 0x00000000e8800000| PB 0x00000000e8800000| Untracked 
| 137|0x00000000e8900000, 0x00000000e8900000, 0x00000000e8a00000|  0%| F|  |TAMS 0x00000000e8900000| PB 0x00000000e8900000| Untracked 
| 138|0x00000000e8a00000, 0x00000000e8a00000, 0x00000000e8b00000|  0%| F|  |TAMS 0x00000000e8a00000| PB 0x00000000e8a00000| Untracked 
| 139|0x00000000e8b00000, 0x00000000e8b00000, 0x00000000e8c00000|  0%| F|  |TAMS 0x00000000e8b00000| PB 0x00000000e8b00000| Untracked 
| 140|0x00000000e8c00000, 0x00000000e8c00000, 0x00000000e8d00000|  0%| F|  |TAMS 0x00000000e8c00000| PB 0x00000000e8c00000| Untracked 
| 141|0x00000000e8d00000, 0x00000000e8d00000, 0x00000000e8e00000|  0%| F|  |TAMS 0x00000000e8d00000| PB 0x00000000e8d00000| Untracked 
| 142|0x00000000e8e00000, 0x00000000e8e00000, 0x00000000e8f00000|  0%| F|  |TAMS 0x00000000e8e00000| PB 0x00000000e8e00000| Untracked 
| 143|0x00000000e8f00000, 0x00000000e8f00000, 0x00000000e9000000|  0%| F|  |TAMS 0x00000000e8f00000| PB 0x00000000e8f00000| Untracked 
| 144|0x00000000e9000000, 0x00000000e9000000, 0x00000000e9100000|  0%| F|  |TAMS 0x00000000e9000000| PB 0x00000000e9000000| Untracked 
| 145|0x00000000e9100000, 0x00000000e9100000, 0x00000000e9200000|  0%| F|  |TAMS 0x00000000e9100000| PB 0x00000000e9100000| Untracked 
| 146|0x00000000e9200000, 0x00000000e9200000, 0x00000000e9300000|  0%| F|  |TAMS 0x00000000e9200000| PB 0x00000000e9200000| Untracked 
| 147|0x00000000e9300000, 0x00000000e9300000, 0x00000000e9400000|  0%| F|  |TAMS 0x00000000e9300000| PB 0x00000000e9300000| Untracked 
| 148|0x00000000e9400000, 0x00000000e9400000, 0x00000000e9500000|  0%| F|  |TAMS 0x00000000e9400000| PB 0x00000000e9400000| Untracked 
| 149|0x00000000e9500000, 0x00000000e9500000, 0x00000000e9600000|  0%| F|  |TAMS 0x00000000e9500000| PB 0x00000000e9500000| Untracked 
| 150|0x00000000e9600000, 0x00000000e9600000, 0x00000000e9700000|  0%| F|  |TAMS 0x00000000e9600000| PB 0x00000000e9600000| Untracked 
| 151|0x00000000e9700000, 0x00000000e9780000, 0x00000000e9800000| 50%| E|  |TAMS 0x00000000e9700000| PB 0x00000000e9700000| Complete 
| 152|0x00000000e9800000, 0x00000000e9900000, 0x00000000e9900000|100%| E|CS|TAMS 0x00000000e9800000| PB 0x00000000e9800000| Complete 
| 153|0x00000000e9900000, 0x00000000e9a00000, 0x00000000e9a00000|100%| E|CS|TAMS 0x00000000e9900000| PB 0x00000000e9900000| Complete 
| 154|0x00000000e9a00000, 0x00000000e9b00000, 0x00000000e9b00000|100%| E|CS|TAMS 0x00000000e9a00000| PB 0x00000000e9a00000| Complete 
| 155|0x00000000e9b00000, 0x00000000e9c00000, 0x00000000e9c00000|100%| E|CS|TAMS 0x00000000e9b00000| PB 0x00000000e9b00000| Complete 
| 156|0x00000000e9c00000, 0x00000000e9d00000, 0x00000000e9d00000|100%| E|CS|TAMS 0x00000000e9c00000| PB 0x00000000e9c00000| Complete 
| 157|0x00000000e9d00000, 0x00000000e9e00000, 0x00000000e9e00000|100%| E|CS|TAMS 0x00000000e9d00000| PB 0x00000000e9d00000| Complete 
| 158|0x00000000e9e00000, 0x00000000e9f00000, 0x00000000e9f00000|100%| E|CS|TAMS 0x00000000e9e00000| PB 0x00000000e9e00000| Complete 
| 159|0x00000000e9f00000, 0x00000000ea000000, 0x00000000ea000000|100%| E|CS|TAMS 0x00000000e9f00000| PB 0x00000000e9f00000| Complete 
| 160|0x00000000ea000000, 0x00000000ea100000, 0x00000000ea100000|100%| E|CS|TAMS 0x00000000ea000000| PB 0x00000000ea000000| Complete 
| 161|0x00000000ea100000, 0x00000000ea200000, 0x00000000ea200000|100%| E|CS|TAMS 0x00000000ea100000| PB 0x00000000ea100000| Complete 
| 162|0x00000000ea200000, 0x00000000ea300000, 0x00000000ea300000|100%| E|CS|TAMS 0x00000000ea200000| PB 0x00000000ea200000| Complete 
| 163|0x00000000ea300000, 0x00000000ea400000, 0x00000000ea400000|100%| E|CS|TAMS 0x00000000ea300000| PB 0x00000000ea300000| Complete 
| 164|0x00000000ea400000, 0x00000000ea500000, 0x00000000ea500000|100%| E|CS|TAMS 0x00000000ea400000| PB 0x00000000ea400000| Complete 
| 165|0x00000000ea500000, 0x00000000ea600000, 0x00000000ea600000|100%| E|CS|TAMS 0x00000000ea500000| PB 0x00000000ea500000| Complete 
| 166|0x00000000ea600000, 0x00000000ea700000, 0x00000000ea700000|100%| E|CS|TAMS 0x00000000ea600000| PB 0x00000000ea600000| Complete 
| 167|0x00000000ea700000, 0x00000000ea800000, 0x00000000ea800000|100%| E|CS|TAMS 0x00000000ea700000| PB 0x00000000ea700000| Complete 
| 168|0x00000000ea800000, 0x00000000ea900000, 0x00000000ea900000|100%| E|CS|TAMS 0x00000000ea800000| PB 0x00000000ea800000| Complete 
| 169|0x00000000ea900000, 0x00000000eaa00000, 0x00000000eaa00000|100%| E|CS|TAMS 0x00000000ea900000| PB 0x00000000ea900000| Complete 
| 170|0x00000000eaa00000, 0x00000000eab00000, 0x00000000eab00000|100%| E|CS|TAMS 0x00000000eaa00000| PB 0x00000000eaa00000| Complete 
| 171|0x00000000eab00000, 0x00000000eac00000, 0x00000000eac00000|100%| E|CS|TAMS 0x00000000eab00000| PB 0x00000000eab00000| Complete 
| 172|0x00000000eac00000, 0x00000000ead00000, 0x00000000ead00000|100%| E|CS|TAMS 0x00000000eac00000| PB 0x00000000eac00000| Complete 
| 173|0x00000000ead00000, 0x00000000eae00000, 0x00000000eae00000|100%| E|CS|TAMS 0x00000000ead00000| PB 0x00000000ead00000| Complete 
| 174|0x00000000eae00000, 0x00000000eaf00000, 0x00000000eaf00000|100%| E|CS|TAMS 0x00000000eae00000| PB 0x00000000eae00000| Complete 
| 175|0x00000000eaf00000, 0x00000000eb000000, 0x00000000eb000000|100%| E|CS|TAMS 0x00000000eaf00000| PB 0x00000000eaf00000| Complete 
| 176|0x00000000eb000000, 0x00000000eb100000, 0x00000000eb100000|100%| E|CS|TAMS 0x00000000eb000000| PB 0x00000000eb000000| Complete 
| 177|0x00000000eb100000, 0x00000000eb200000, 0x00000000eb200000|100%| E|CS|TAMS 0x00000000eb100000| PB 0x00000000eb100000| Complete 
| 178|0x00000000eb200000, 0x00000000eb300000, 0x00000000eb300000|100%| E|CS|TAMS 0x00000000eb200000| PB 0x00000000eb200000| Complete 
| 179|0x00000000eb300000, 0x00000000eb400000, 0x00000000eb400000|100%| E|CS|TAMS 0x00000000eb300000| PB 0x00000000eb300000| Complete 
| 180|0x00000000eb400000, 0x00000000eb500000, 0x00000000eb500000|100%| E|CS|TAMS 0x00000000eb400000| PB 0x00000000eb400000| Complete 
| 181|0x00000000eb500000, 0x00000000eb600000, 0x00000000eb600000|100%| E|CS|TAMS 0x00000000eb500000| PB 0x00000000eb500000| Complete 
| 182|0x00000000eb600000, 0x00000000eb700000, 0x00000000eb700000|100%| E|CS|TAMS 0x00000000eb600000| PB 0x00000000eb600000| Complete 
| 183|0x00000000eb700000, 0x00000000eb800000, 0x00000000eb800000|100%| E|CS|TAMS 0x00000000eb700000| PB 0x00000000eb700000| Complete 
| 184|0x00000000eb800000, 0x00000000eb900000, 0x00000000eb900000|100%| E|CS|TAMS 0x00000000eb800000| PB 0x00000000eb800000| Complete 
| 185|0x00000000eb900000, 0x00000000eba00000, 0x00000000eba00000|100%| E|CS|TAMS 0x00000000eb900000| PB 0x00000000eb900000| Complete 
| 186|0x00000000eba00000, 0x00000000ebb00000, 0x00000000ebb00000|100%| E|CS|TAMS 0x00000000eba00000| PB 0x00000000eba00000| Complete 
| 187|0x00000000ebb00000, 0x00000000ebc00000, 0x00000000ebc00000|100%| E|CS|TAMS 0x00000000ebb00000| PB 0x00000000ebb00000| Complete 
| 188|0x00000000ebc00000, 0x00000000ebd00000, 0x00000000ebd00000|100%| E|CS|TAMS 0x00000000ebc00000| PB 0x00000000ebc00000| Complete 
| 189|0x00000000ebd00000, 0x00000000ebe00000, 0x00000000ebe00000|100%| E|CS|TAMS 0x00000000ebd00000| PB 0x00000000ebd00000| Complete 
| 190|0x00000000ebe00000, 0x00000000ebf00000, 0x00000000ebf00000|100%| E|CS|TAMS 0x00000000ebe00000| PB 0x00000000ebe00000| Complete 
| 191|0x00000000ebf00000, 0x00000000ec000000, 0x00000000ec000000|100%| E|CS|TAMS 0x00000000ebf00000| PB 0x00000000ebf00000| Complete 
| 192|0x00000000ec000000, 0x00000000ec100000, 0x00000000ec100000|100%| E|CS|TAMS 0x00000000ec000000| PB 0x00000000ec000000| Complete 
| 193|0x00000000ec100000, 0x00000000ec200000, 0x00000000ec200000|100%| E|CS|TAMS 0x00000000ec100000| PB 0x00000000ec100000| Complete 
| 194|0x00000000ec200000, 0x00000000ec300000, 0x00000000ec300000|100%| E|CS|TAMS 0x00000000ec200000| PB 0x00000000ec200000| Complete 
| 195|0x00000000ec300000, 0x00000000ec400000, 0x00000000ec400000|100%| E|CS|TAMS 0x00000000ec300000| PB 0x00000000ec300000| Complete 
| 196|0x00000000ec400000, 0x00000000ec500000, 0x00000000ec500000|100%| E|CS|TAMS 0x00000000ec400000| PB 0x00000000ec400000| Complete 
| 197|0x00000000ec500000, 0x00000000ec600000, 0x00000000ec600000|100%| E|CS|TAMS 0x00000000ec500000| PB 0x00000000ec500000| Complete 
| 198|0x00000000ec600000, 0x00000000ec700000, 0x00000000ec700000|100%| E|CS|TAMS 0x00000000ec600000| PB 0x00000000ec600000| Complete 
| 199|0x00000000ec700000, 0x00000000ec800000, 0x00000000ec800000|100%| E|CS|TAMS 0x00000000ec700000| PB 0x00000000ec700000| Complete 
| 200|0x00000000ec800000, 0x00000000ec900000, 0x00000000ec900000|100%| E|CS|TAMS 0x00000000ec800000| PB 0x00000000ec800000| Complete 
| 201|0x00000000ec900000, 0x00000000eca00000, 0x00000000eca00000|100%| E|CS|TAMS 0x00000000ec900000| PB 0x00000000ec900000| Complete 
| 202|0x00000000eca00000, 0x00000000ecb00000, 0x00000000ecb00000|100%| E|CS|TAMS 0x00000000eca00000| PB 0x00000000eca00000| Complete 
| 203|0x00000000ecb00000, 0x00000000ecc00000, 0x00000000ecc00000|100%| E|CS|TAMS 0x00000000ecb00000| PB 0x00000000ecb00000| Complete 
| 204|0x00000000ecc00000, 0x00000000ecd00000, 0x00000000ecd00000|100%| E|CS|TAMS 0x00000000ecc00000| PB 0x00000000ecc00000| Complete 
| 205|0x00000000ecd00000, 0x00000000ece00000, 0x00000000ece00000|100%| E|CS|TAMS 0x00000000ecd00000| PB 0x00000000ecd00000| Complete 
| 206|0x00000000ece00000, 0x00000000ecf00000, 0x00000000ecf00000|100%| E|CS|TAMS 0x00000000ece00000| PB 0x00000000ece00000| Complete 
| 207|0x00000000ecf00000, 0x00000000ed000000, 0x00000000ed000000|100%| E|CS|TAMS 0x00000000ecf00000| PB 0x00000000ecf00000| Complete 
| 208|0x00000000ed000000, 0x00000000ed100000, 0x00000000ed100000|100%| E|CS|TAMS 0x00000000ed000000| PB 0x00000000ed000000| Complete 
| 209|0x00000000ed100000, 0x00000000ed200000, 0x00000000ed200000|100%| E|CS|TAMS 0x00000000ed100000| PB 0x00000000ed100000| Complete 
| 210|0x00000000ed200000, 0x00000000ed300000, 0x00000000ed300000|100%| E|CS|TAMS 0x00000000ed200000| PB 0x00000000ed200000| Complete 
| 211|0x00000000ed300000, 0x00000000ed400000, 0x00000000ed400000|100%| E|CS|TAMS 0x00000000ed300000| PB 0x00000000ed300000| Complete 
| 212|0x00000000ed400000, 0x00000000ed500000, 0x00000000ed500000|100%| E|CS|TAMS 0x00000000ed400000| PB 0x00000000ed400000| Complete 
| 213|0x00000000ed500000, 0x00000000ed600000, 0x00000000ed600000|100%| E|CS|TAMS 0x00000000ed500000| PB 0x00000000ed500000| Complete 
| 214|0x00000000ed600000, 0x00000000ed700000, 0x00000000ed700000|100%| E|CS|TAMS 0x00000000ed600000| PB 0x00000000ed600000| Complete 
| 215|0x00000000ed700000, 0x00000000ed800000, 0x00000000ed800000|100%| E|CS|TAMS 0x00000000ed700000| PB 0x00000000ed700000| Complete 
| 216|0x00000000ed800000, 0x00000000ed900000, 0x00000000ed900000|100%| E|CS|TAMS 0x00000000ed800000| PB 0x00000000ed800000| Complete 
| 217|0x00000000ed900000, 0x00000000eda00000, 0x00000000eda00000|100%| E|CS|TAMS 0x00000000ed900000| PB 0x00000000ed900000| Complete 
| 218|0x00000000eda00000, 0x00000000edb00000, 0x00000000edb00000|100%| E|CS|TAMS 0x00000000eda00000| PB 0x00000000eda00000| Complete 
| 219|0x00000000edb00000, 0x00000000edc00000, 0x00000000edc00000|100%| E|CS|TAMS 0x00000000edb00000| PB 0x00000000edb00000| Complete 
| 220|0x00000000edc00000, 0x00000000edd00000, 0x00000000edd00000|100%| E|CS|TAMS 0x00000000edc00000| PB 0x00000000edc00000| Complete 
| 221|0x00000000edd00000, 0x00000000ede00000, 0x00000000ede00000|100%| E|CS|TAMS 0x00000000edd00000| PB 0x00000000edd00000| Complete 
| 222|0x00000000ede00000, 0x00000000edf00000, 0x00000000edf00000|100%| E|CS|TAMS 0x00000000ede00000| PB 0x00000000ede00000| Complete 
| 223|0x00000000edf00000, 0x00000000ee000000, 0x00000000ee000000|100%| E|CS|TAMS 0x00000000edf00000| PB 0x00000000edf00000| Complete 
| 224|0x00000000ee000000, 0x00000000ee100000, 0x00000000ee100000|100%| E|CS|TAMS 0x00000000ee000000| PB 0x00000000ee000000| Complete 
| 225|0x00000000ee100000, 0x00000000ee200000, 0x00000000ee200000|100%| E|CS|TAMS 0x00000000ee100000| PB 0x00000000ee100000| Complete 
| 226|0x00000000ee200000, 0x00000000ee300000, 0x00000000ee300000|100%| E|CS|TAMS 0x00000000ee200000| PB 0x00000000ee200000| Complete 
| 227|0x00000000ee300000, 0x00000000ee400000, 0x00000000ee400000|100%| E|CS|TAMS 0x00000000ee300000| PB 0x00000000ee300000| Complete 
| 228|0x00000000ee400000, 0x00000000ee500000, 0x00000000ee500000|100%| E|CS|TAMS 0x00000000ee400000| PB 0x00000000ee400000| Complete 
| 229|0x00000000ee500000, 0x00000000ee600000, 0x00000000ee600000|100%| E|CS|TAMS 0x00000000ee500000| PB 0x00000000ee500000| Complete 
| 230|0x00000000ee600000, 0x00000000ee700000, 0x00000000ee700000|100%| E|CS|TAMS 0x00000000ee600000| PB 0x00000000ee600000| Complete 
| 231|0x00000000ee700000, 0x00000000ee800000, 0x00000000ee800000|100%| E|CS|TAMS 0x00000000ee700000| PB 0x00000000ee700000| Complete 
| 232|0x00000000ee800000, 0x00000000ee900000, 0x00000000ee900000|100%| E|CS|TAMS 0x00000000ee800000| PB 0x00000000ee800000| Complete 
| 233|0x00000000ee900000, 0x00000000eea00000, 0x00000000eea00000|100%| E|CS|TAMS 0x00000000ee900000| PB 0x00000000ee900000| Complete 
| 234|0x00000000eea00000, 0x00000000eeb00000, 0x00000000eeb00000|100%| E|CS|TAMS 0x00000000eea00000| PB 0x00000000eea00000| Complete 
| 235|0x00000000eeb00000, 0x00000000eeb880b8, 0x00000000eec00000| 53%| S|CS|TAMS 0x00000000eeb00000| PB 0x00000000eeb00000| Complete 
| 236|0x00000000eec00000, 0x00000000eed00000, 0x00000000eed00000|100%| S|CS|TAMS 0x00000000eec00000| PB 0x00000000eec00000| Complete 
| 237|0x00000000eed00000, 0x00000000eee00000, 0x00000000eee00000|100%| S|CS|TAMS 0x00000000eed00000| PB 0x00000000eed00000| Complete 
| 238|0x00000000eee00000, 0x00000000eef00000, 0x00000000eef00000|100%| S|CS|TAMS 0x00000000eee00000| PB 0x00000000eee00000| Complete 
| 239|0x00000000eef00000, 0x00000000ef000000, 0x00000000ef000000|100%| S|CS|TAMS 0x00000000eef00000| PB 0x00000000eef00000| Complete 
| 240|0x00000000ef000000, 0x00000000ef100000, 0x00000000ef100000|100%| S|CS|TAMS 0x00000000ef000000| PB 0x00000000ef000000| Complete 
| 241|0x00000000ef100000, 0x00000000ef200000, 0x00000000ef200000|100%| S|CS|TAMS 0x00000000ef100000| PB 0x00000000ef100000| Complete 
| 242|0x00000000ef200000, 0x00000000ef300000, 0x00000000ef300000|100%| S|CS|TAMS 0x00000000ef200000| PB 0x00000000ef200000| Complete 
| 243|0x00000000ef300000, 0x00000000ef400000, 0x00000000ef400000|100%| E|CS|TAMS 0x00000000ef300000| PB 0x00000000ef300000| Complete 
| 244|0x00000000ef400000, 0x00000000ef500000, 0x00000000ef500000|100%| E|CS|TAMS 0x00000000ef400000| PB 0x00000000ef400000| Complete 
| 245|0x00000000ef500000, 0x00000000ef600000, 0x00000000ef600000|100%| E|CS|TAMS 0x00000000ef500000| PB 0x00000000ef500000| Complete 
| 246|0x00000000ef600000, 0x00000000ef700000, 0x00000000ef700000|100%| E|CS|TAMS 0x00000000ef600000| PB 0x00000000ef600000| Complete 
| 247|0x00000000ef700000, 0x00000000ef800000, 0x00000000ef800000|100%| E|CS|TAMS 0x00000000ef700000| PB 0x00000000ef700000| Complete 
| 248|0x00000000ef800000, 0x00000000ef900000, 0x00000000ef900000|100%| E|CS|TAMS 0x00000000ef800000| PB 0x00000000ef800000| Complete 
| 249|0x00000000ef900000, 0x00000000efa00000, 0x00000000efa00000|100%| E|CS|TAMS 0x00000000ef900000| PB 0x00000000ef900000| Complete 
| 250|0x00000000efa00000, 0x00000000efb00000, 0x00000000efb00000|100%| E|CS|TAMS 0x00000000efa00000| PB 0x00000000efa00000| Complete 
| 251|0x00000000efb00000, 0x00000000efc00000, 0x00000000efc00000|100%| E|CS|TAMS 0x00000000efb00000| PB 0x00000000efb00000| Complete 
| 252|0x00000000efc00000, 0x00000000efd00000, 0x00000000efd00000|100%| S|CS|TAMS 0x00000000efc00000| PB 0x00000000efc00000| Complete 
| 253|0x00000000efd00000, 0x00000000efe00000, 0x00000000efe00000|100%| E|CS|TAMS 0x00000000efd00000| PB 0x00000000efd00000| Complete 
| 254|0x00000000efe00000, 0x00000000eff00000, 0x00000000eff00000|100%| E|CS|TAMS 0x00000000efe00000| PB 0x00000000efe00000| Complete 
| 255|0x00000000eff00000, 0x00000000f0000000, 0x00000000f0000000|100%| E|CS|TAMS 0x00000000eff00000| PB 0x00000000eff00000| Complete 

Card table byte_map: [0x00000206679c0000,0x0000020667ac0000] _byte_map_base: 0x00000206672c0000

Marking Bits: (CMBitMap*) 0x0000020654e5f770
 Bits: [0x0000020667ac0000, 0x00000206682c0000)

Polling page: 0x0000020652d90000

Metaspace:

Usage:
  Non-class:     38.30 MB used.
      Class:      6.68 MB used.
       Both:     44.98 MB used.

Virtual space:
  Non-class space:       64.00 MB reserved,      39.19 MB ( 61%) committed,  1 nodes.
      Class space:      320.00 MB reserved,       7.50 MB (  2%) committed,  1 nodes.
             Both:      384.00 MB reserved,      46.69 MB ( 12%) committed. 

Chunk freelists:
   Non-Class:  8.45 MB
       Class:  8.44 MB
        Both:  16.89 MB

MaxMetaspaceSize: 384.00 MB
CompressedClassSpaceSize: 320.00 MB
Initial GC threshold: 21.00 MB
Current GC threshold: 59.38 MB
CDS: on
 - commit_granule_bytes: 65536.
 - commit_granule_words: 8192.
 - virtual_space_node_default_size: 8388608.
 - enlarge_chunks_in_place: 1.
 - use_allocation_guard: 0.


Internal statistics:

num_allocs_failed_limit: 9.
num_arena_births: 3238.
num_arena_deaths: 0.
num_vsnodes_births: 2.
num_vsnodes_deaths: 0.
num_space_committed: 747.
num_space_uncommitted: 0.
num_chunks_returned_to_freelist: 9.
num_chunks_taken_from_freelist: 5507.
num_chunk_merges: 9.
num_chunk_splits: 3568.
num_chunks_enlarged: 2146.
num_inconsistent_stats: 0.

CodeHeap 'non-profiled nmethods': size=119168Kb used=2817Kb max_used=2817Kb free=116350Kb
 bounds [0x000002065fbd0000, 0x000002065fea0000, 0x0000020667030000]
CodeHeap 'profiled nmethods': size=119104Kb used=9591Kb max_used=9591Kb free=109512Kb
 bounds [0x0000020658030000, 0x0000020658990000, 0x000002065f480000]
CodeHeap 'non-nmethods': size=7488Kb used=1881Kb max_used=3044Kb free=5606Kb
 bounds [0x000002065f480000, 0x000002065f880000, 0x000002065fbd0000]
CodeCache: size=245760Kb, used=14289Kb, max_used=15452Kb, free=231468Kb
 total_blobs=5652, nmethods=4900, adapters=655, full_count=0
Compilation: enabled, stopped_count=0, restarted_count=0

Compilation events (20 events):
Event: 135.318 Thread 0x000002066b2b3c20 5344       4       sun.nio.ch.FileKey::hashCode (42 bytes)
Event: 135.319 Thread 0x000002066b2b3c20 nmethod 5344 0x000002065fe8bb90 code [0x000002065fe8bd20, 0x000002065fe8bdd8]
Event: 135.353 Thread 0x000002066b2c46d0 5345       1       org.gradle.cache.internal.filelock.DefaultLockStateSerializer::getVersion (2 bytes)
Event: 135.353 Thread 0x000002066b2c46d0 nmethod 5345 0x000002065fe8be90 code [0x000002065fe8c020, 0x000002065fe8c0e8]
Event: 135.387 Thread 0x000002066b2c46d0 5346       1       org.gradle.cache.internal.btree.BlockPayload::setBlock (6 bytes)
Event: 135.388 Thread 0x000002066b2c46d0 nmethod 5346 0x000002065fe8c190 code [0x000002065fe8c320, 0x000002065fe8c430]
Event: 135.388 Thread 0x000002066b2c46d0 5347       1       com.google.common.io.CountingInputStream::getCount (5 bytes)
Event: 135.388 Thread 0x000002066b2c46d0 nmethod 5347 0x000002065fe8c490 code [0x000002065fe8c620, 0x000002065fe8c6e8]
Event: 135.390 Thread 0x000002066b2c46d0 5348       3       java.util.concurrent.atomic.AtomicReference::compareAndSet (10 bytes)
Event: 135.395 Thread 0x000002066b2c46d0 nmethod 5348 0x0000020658984890 code [0x0000020658984b20, 0x0000020658985650]
Event: 135.417 Thread 0x000002066b2b3c20 5349       4       java.lang.Class::getAnnotation (22 bytes)
Event: 135.418 Thread 0x000002066b2c46d0 5353       3       org.gradle.model.internal.asm.ClassVisitorScope::privateSyntheticMethod (12 bytes)
Event: 135.419 Thread 0x000002066b2c46d0 nmethod 5353 0x0000020658985a10 code [0x0000020658985bc0, 0x0000020658985d20]
Event: 135.419 Thread 0x000002066b2c46d0 5354       3       org.gradle.internal.instantiation.generator.AsmBackedClassGenerator$ClassBuilderImpl::access$5800 (4 bytes)
Event: 135.420 Thread 0x000002066b2c46d0 nmethod 5354 0x0000020658985e10 code [0x0000020658985fa0, 0x0000020658986098]
Event: 135.433 Thread 0x000002066b2b3c20 nmethod 5349 0x000002065fe8c790 code [0x000002065fe8c980, 0x000002065fe8ce70]
Event: 135.433 Thread 0x000002066b2b3c20 5352       4       org.gradle.internal.reflect.PropertyAccessorType::of (99 bytes)
Event: 135.452 Thread 0x000002066b2c46d0 5355       3       org.gradle.internal.instantiation.generator.AbstractClassGenerator::inspectType (602 bytes)
Event: 135.453 Thread 0x000002066b2b3c20 nmethod 5352 0x000002065fe8d210 code [0x000002065fe8d400, 0x000002065fe8d8d8]
Event: 135.454 Thread 0x000002066b2b3c20 5350       4       org.gradle.internal.instantiation.generator.AbstractClassGenerator$InjectionAnnotationValidator::validateMethod (166 bytes)

GC Heap History (14 events):
Event: 16.974 GC heap before
{Heap before GC invocations=0 (full 0):
 garbage-first heap   total 262144K, used 26624K [0x00000000e0000000, 0x0000000100000000)
  region size 1024K, 23 young (23552K), 0 survivors (0K)
 Metaspace       used 2869K, committed 3008K, reserved 393216K
  class space    used 336K, committed 384K, reserved 327680K
}
Event: 17.008 GC heap after
{Heap after GC invocations=1 (full 0):
 garbage-first heap   total 262144K, used 10733K [0x00000000e0000000, 0x0000000100000000)
  region size 1024K, 3 young (3072K), 3 survivors (3072K)
 Metaspace       used 2869K, committed 3008K, reserved 393216K
  class space    used 336K, committed 384K, reserved 327680K
}
Event: 52.743 GC heap before
{Heap before GC invocations=1 (full 0):
 garbage-first heap   total 262144K, used 41453K [0x00000000e0000000, 0x0000000100000000)
  region size 1024K, 31 young (31744K), 3 survivors (3072K)
 Metaspace       used 4729K, committed 4928K, reserved 393216K
  class space    used 596K, committed 704K, reserved 327680K
}
Event: 52.751 GC heap after
{Heap after GC invocations=2 (full 0):
 garbage-first heap   total 262144K, used 15509K [0x00000000e0000000, 0x0000000100000000)
  region size 1024K, 4 young (4096K), 4 survivors (4096K)
 Metaspace       used 4729K, committed 4928K, reserved 393216K
  class space    used 596K, committed 704K, reserved 327680K
}
Event: 91.332 GC heap before
{Heap before GC invocations=2 (full 0):
 garbage-first heap   total 262144K, used 82069K [0x00000000e0000000, 0x0000000100000000)
  region size 1024K, 70 young (71680K), 4 survivors (4096K)
 Metaspace       used 15093K, committed 15488K, reserved 393216K
  class space    used 2080K, committed 2240K, reserved 327680K
}
Event: 91.350 GC heap after
{Heap after GC invocations=3 (full 0):
 garbage-first heap   total 262144K, used 21801K [0x00000000e0000000, 0x0000000100000000)
  region size 1024K, 9 young (9216K), 9 survivors (9216K)
 Metaspace       used 15093K, committed 15488K, reserved 393216K
  class space    used 2080K, committed 2240K, reserved 327680K
}
Event: 94.893 GC heap before
{Heap before GC invocations=3 (full 0):
 garbage-first heap   total 262144K, used 58665K [0x00000000e0000000, 0x0000000100000000)
  region size 1024K, 45 young (46080K), 9 survivors (9216K)
 Metaspace       used 20844K, committed 21504K, reserved 393216K
  class space    used 2855K, committed 3200K, reserved 327680K
}
Event: 94.905 GC heap after
{Heap after GC invocations=4 (full 0):
 garbage-first heap   total 262144K, used 25692K [0x00000000e0000000, 0x0000000100000000)
  region size 1024K, 3 young (3072K), 3 survivors (3072K)
 Metaspace       used 20844K, committed 21504K, reserved 393216K
  class space    used 2855K, committed 3200K, reserved 327680K
}
Event: 113.327 GC heap before
{Heap before GC invocations=5 (full 0):
 garbage-first heap   total 262144K, used 123996K [0x00000000e0000000, 0x0000000100000000)
  region size 1024K, 100 young (102400K), 3 survivors (3072K)
 Metaspace       used 34064K, committed 35392K, reserved 393216K
  class space    used 5064K, committed 5696K, reserved 327680K
}
Event: 113.342 GC heap after
{Heap after GC invocations=6 (full 0):
 garbage-first heap   total 262144K, used 30087K [0x00000000e0000000, 0x0000000100000000)
  region size 1024K, 9 young (9216K), 9 survivors (9216K)
 Metaspace       used 34064K, committed 35392K, reserved 393216K
  class space    used 5064K, committed 5696K, reserved 327680K
}
Event: 113.707 GC heap before
{Heap before GC invocations=6 (full 0):
 garbage-first heap   total 262144K, used 32135K [0x00000000e0000000, 0x0000000100000000)
  region size 1024K, 13 young (13312K), 9 survivors (9216K)
 Metaspace       used 34746K, committed 36096K, reserved 393216K
  class space    used 5092K, committed 5760K, reserved 327680K
}
Event: 113.717 GC heap after
{Heap after GC invocations=7 (full 0):
 garbage-first heap   total 262144K, used 30138K [0x00000000e0000000, 0x0000000100000000)
  region size 1024K, 9 young (9216K), 9 survivors (9216K)
 Metaspace       used 34746K, committed 36096K, reserved 393216K
  class space    used 5092K, committed 5760K, reserved 327680K
}
Event: 114.041 GC heap before
{Heap before GC invocations=7 (full 0):
 garbage-first heap   total 262144K, used 32186K [0x00000000e0000000, 0x0000000100000000)
  region size 1024K, 12 young (12288K), 9 survivors (9216K)
 Metaspace       used 35086K, committed 36416K, reserved 393216K
  class space    used 5115K, committed 5760K, reserved 327680K
}
Event: 114.050 GC heap after
{Heap after GC invocations=8 (full 0):
 garbage-first heap   total 262144K, used 30491K [0x00000000e0000000, 0x0000000100000000)
  region size 1024K, 9 young (9216K), 9 survivors (9216K)
 Metaspace       used 35086K, committed 36416K, reserved 393216K
  class space    used 5115K, committed 5760K, reserved 327680K
}

Dll operation events (20 events):
Event: 0.751 Attempting to load shared library C:\Users\chae0\.vscode\extensions\redhat.java-1.56.0-win32-x64\jre\21.0.12.1-win32-x86_64\bin\nio.dll
Event: 0.759 Loaded shared library C:\Users\chae0\.vscode\extensions\redhat.java-1.56.0-win32-x64\jre\21.0.12.1-win32-x86_64\bin\nio.dll
Event: 0.783 Attempting to load shared library C:\Users\chae0\.vscode\extensions\redhat.java-1.56.0-win32-x64\jre\21.0.12.1-win32-x86_64\bin\zip.dll
Event: 0.783 Loaded shared library C:\Users\chae0\.vscode\extensions\redhat.java-1.56.0-win32-x64\jre\21.0.12.1-win32-x86_64\bin\zip.dll
Event: 7.148 Attempting to load shared library C:\Users\chae0\.vscode\extensions\redhat.java-1.56.0-win32-x64\jre\21.0.12.1-win32-x86_64\bin\jimage.dll
Event: 7.148 Loaded shared library C:\Users\chae0\.vscode\extensions\redhat.java-1.56.0-win32-x64\jre\21.0.12.1-win32-x86_64\bin\jimage.dll
Event: 14.731 Attempting to load shared library C:\Users\chae0\.vscode\extensions\redhat.java-1.56.0-win32-x64\jre\21.0.12.1-win32-x86_64\bin\verify.dll
Event: 14.752 Loaded shared library C:\Users\chae0\.vscode\extensions\redhat.java-1.56.0-win32-x64\jre\21.0.12.1-win32-x86_64\bin\verify.dll
Event: 15.613 Attempting to load shared library C:\Users\chae0\.gradle\native\660c5614fbf4a5f2a75b1949f50a0caf5cd603558e7d8a26e50b933a0cfb79d1\windows-amd64\native-platform.dll
Event: 15.625 Loaded shared library C:\Users\chae0\.gradle\native\660c5614fbf4a5f2a75b1949f50a0caf5cd603558e7d8a26e50b933a0cfb79d1\windows-amd64\native-platform.dll
Event: 15.917 Attempting to load shared library C:\Users\chae0\.gradle\native\0.2.8\x86_64-windows-gnu\gradle-fileevents.dll
Event: 15.939 Loaded shared library C:\Users\chae0\.gradle\native\0.2.8\x86_64-windows-gnu\gradle-fileevents.dll
Event: 62.616 Attempting to load shared library C:\Users\chae0\.vscode\extensions\redhat.java-1.56.0-win32-x64\jre\21.0.12.1-win32-x86_64\bin\management.dll
Event: 62.657 Loaded shared library C:\Users\chae0\.vscode\extensions\redhat.java-1.56.0-win32-x64\jre\21.0.12.1-win32-x86_64\bin\management.dll
Event: 62.839 Attempting to load shared library C:\Users\chae0\.vscode\extensions\redhat.java-1.56.0-win32-x64\jre\21.0.12.1-win32-x86_64\bin\management_ext.dll
Event: 62.884 Loaded shared library C:\Users\chae0\.vscode\extensions\redhat.java-1.56.0-win32-x64\jre\21.0.12.1-win32-x86_64\bin\management_ext.dll
Event: 65.008 Attempting to load shared library C:\Users\chae0\.vscode\extensions\redhat.java-1.56.0-win32-x64\jre\21.0.12.1-win32-x86_64\bin\extnet.dll
Event: 65.057 Loaded shared library C:\Users\chae0\.vscode\extensions\redhat.java-1.56.0-win32-x64\jre\21.0.12.1-win32-x86_64\bin\extnet.dll
Event: 88.967 Attempting to load shared library C:\Users\chae0\.vscode\extensions\redhat.java-1.56.0-win32-x64\jre\21.0.12.1-win32-x86_64\bin\sunmscapi.dll
Event: 89.005 Loaded shared library C:\Users\chae0\.vscode\extensions\redhat.java-1.56.0-win32-x64\jre\21.0.12.1-win32-x86_64\bin\sunmscapi.dll

Deoptimization events (20 events):
Event: 130.970 Thread 0x00000206714cf820 Uncommon trap: trap_request=0xffffffc6 fr.pc=0x000002065fd91fdc relative=0x00000000000002fc
Event: 130.970 Thread 0x00000206714cf820 Uncommon trap: reason=bimorphic_or_optimized_type_check action=maybe_recompile pc=0x000002065fd91fdc method=com.google.common.base.CharMatcher.indexIn(Ljava/lang/CharSequence;I)I @ 31 c2
Event: 130.970 Thread 0x00000206714cf820 DEOPT PACKING pc=0x000002065fd91fdc sp=0x000000ed3eff8ce0
Event: 130.970 Thread 0x00000206714cf820 DEOPT UNPACKING pc=0x000002065f4d4422 sp=0x000000ed3eff8c88 mode 2
Event: 131.796 Thread 0x00000206714cf820 Uncommon trap: trap_request=0xffffff45 fr.pc=0x000002065fc59eb8 relative=0x0000000000000218
Event: 131.796 Thread 0x00000206714cf820 Uncommon trap: reason=unstable_if action=reinterpret pc=0x000002065fc59eb8 method=java.net.URI$Parser.scan(IILjava/lang/String;)I @ 26 c2
Event: 131.796 Thread 0x00000206714cf820 DEOPT PACKING pc=0x000002065fc59eb8 sp=0x000000ed3eff7e90
Event: 131.796 Thread 0x00000206714cf820 DEOPT UNPACKING pc=0x000002065f4d4422 sp=0x000000ed3eff7e10 mode 2
Event: 131.796 Thread 0x00000206714cf820 Uncommon trap: trap_request=0xffffff45 fr.pc=0x000002065fc587f0 relative=0x0000000000000250
Event: 131.796 Thread 0x00000206714cf820 Uncommon trap: reason=unstable_if action=reinterpret pc=0x000002065fc587f0 method=java.net.URI.match(CJJ)Z @ 45 c2
Event: 131.796 Thread 0x00000206714cf820 DEOPT PACKING pc=0x000002065fc587f0 sp=0x000000ed3eff7bf0
Event: 131.796 Thread 0x00000206714cf820 DEOPT UNPACKING pc=0x000002065f4d4422 sp=0x000000ed3eff7b18 mode 2
Event: 131.796 Thread 0x00000206714cf820 Uncommon trap: trap_request=0xffffff45 fr.pc=0x000002065fbfb978 relative=0x0000000000000058
Event: 131.796 Thread 0x00000206714cf820 Uncommon trap: reason=unstable_if action=reinterpret pc=0x000002065fbfb978 method=java.net.URI.match(CJJ)Z @ 19 c2
Event: 131.796 Thread 0x00000206714cf820 DEOPT PACKING pc=0x000002065fbfb978 sp=0x000000ed3eff7c00
Event: 131.796 Thread 0x00000206714cf820 DEOPT UNPACKING pc=0x000002065f4d4422 sp=0x000000ed3eff7b90 mode 2
Event: 134.605 Thread 0x00000206714cf820 Uncommon trap: trap_request=0xffffffde fr.pc=0x000002065fd39510 relative=0x00000000000002d0
Event: 134.605 Thread 0x00000206714cf820 Uncommon trap: reason=class_check action=maybe_recompile pc=0x000002065fd39510 method=java.util.Collections$SetFromMap.remove(Ljava/lang/Object;)Z @ 5 c2
Event: 134.605 Thread 0x00000206714cf820 DEOPT PACKING pc=0x000002065fd39510 sp=0x000000ed3eff8540
Event: 134.605 Thread 0x00000206714cf820 DEOPT UNPACKING pc=0x000002065f4d4422 sp=0x000000ed3eff8528 mode 2

Classes loaded (20 events):
Event: 132.591 Loading class javax/net/ssl/HostnameVerifier
Event: 132.591 Loading class javax/net/ssl/HostnameVerifier done
Event: 132.608 Loading class javax/net/ssl/TrustManager
Event: 132.608 Loading class javax/net/ssl/TrustManager done
Event: 132.609 Loading class javax/net/ssl/X509TrustManager
Event: 132.609 Loading class javax/net/ssl/X509TrustManager done
Event: 132.614 Loading class javax/net/ssl/SSLException
Event: 132.614 Loading class javax/net/ssl/SSLException done
Event: 132.614 Loading class javax/net/ssl/SSLPeerUnverifiedException
Event: 132.614 Loading class javax/net/ssl/SSLPeerUnverifiedException done
Event: 132.614 Loading class java/security/cert/CertificateParsingException
Event: 132.614 Loading class java/security/cert/CertificateException
Event: 132.614 Loading class java/security/cert/CertificateException done
Event: 132.614 Loading class java/security/cert/CertificateParsingException done
Event: 132.615 Loading class javax/naming/NamingException
Event: 132.615 Loading class javax/naming/NamingException done
Event: 132.615 Loading class javax/naming/InvalidNameException
Event: 132.615 Loading class javax/naming/InvalidNameException done
Event: 133.677 Loading class java/nio/file/Path$1
Event: 133.677 Loading class java/nio/file/Path$1 done

Classes unloaded (0 events):
No events

Classes redefined (0 events):
No events

Internal exceptions (20 events):
Event: 130.541 Thread 0x00000206714cf820 Exception <a 'java/lang/ClassNotFoundException'{0x00000000eb91bd30}: org/gradle/plugin/use/internal/PluginRequestCollector$PluginDependenciesSpecImplCustomizer> (0x00000000eb91bd30) 
thrown [s\src\hotspot\share\classfile\systemDictionary.cpp, line 313]
Event: 130.544 Thread 0x00000206714cf820 Exception <a 'java/lang/NoSuchMethodError'{0x00000000eb92a4f8}: 'java.lang.Object java.lang.invoke.DirectMethodHandle$Holder.invokeVirtual(java.lang.Object, java.lang.Object, java.lang.Object, int)'> (0x00000000eb92a4f8) 
thrown [s\src\hotspot\share\interpreter\linkResolver.cpp, line 773]
Event: 130.626 Thread 0x00000206714cf820 Exception <a 'java/lang/ClassNotFoundException'{0x00000000eb97dff0}: org/gradle/plugin/use/internal/PluginRequestCollector$PluginDependencySpecImplBeanInfo> (0x00000000eb97dff0) 
thrown [s\src\hotspot\share\classfile\systemDictionary.cpp, line 313]
Event: 130.629 Thread 0x00000206714cf820 Exception <a 'java/lang/ClassNotFoundException'{0x00000000eb990400}: org/gradle/plugin/use/internal/PluginRequestCollector$PluginDependencySpecImplCustomizer> (0x00000000eb990400) 
thrown [s\src\hotspot\share\classfile\systemDictionary.cpp, line 313]
Event: 130.653 Thread 0x00000206714cf820 Exception <a 'java/lang/NoSuchMethodError'{0x00000000eb9b47f0}: 'void java.lang.invoke.DirectMethodHandle$Holder.invokeStatic(java.lang.Object, java.lang.Object, java.lang.Object, java.lang.Object, java.lang.Object, java.lang.Object)'> (0x00000000eb9b47f0) 
thrown [s\src\hotspot\share\interpreter\linkResolver.cpp, line 773]
Event: 130.866 Thread 0x00000206714cf820 Exception <a 'java/lang/NoSuchMethodError'{0x00000000eb6d3590}: 'java.lang.Object java.lang.invoke.DirectMethodHandle$Holder.newInvokeSpecial(java.lang.Object, java.lang.Object, java.lang.Object, java.lang.Object, int)'> (0x00000000eb6d3590) 
thrown [s\src\hotspot\share\interpreter\linkResolver.cpp, line 773]
Event: 130.867 Thread 0x00000206714cf820 Exception <a 'java/lang/NoSuchMethodError'{0x00000000eb6d7d10}: 'java.lang.Object java.lang.invoke.Invokers$Holder.linkToTargetMethod(java.lang.Object, java.lang.Object, java.lang.Object, int, java.lang.Object)'> (0x00000000eb6d7d10) 
thrown [s\src\hotspot\share\interpreter\linkResolver.cpp, line 773]
Event: 130.901 Thread 0x00000206714cf820 Exception <a 'java/lang/NoSuchMethodError'{0x00000000eb5040d0}: 'java.lang.Object java.lang.invoke.DirectMethodHandle$Holder.newInvokeSpecial(java.lang.Object, java.lang.Object, java.lang.Object, java.lang.Object, java.lang.Object, java.lang.Object, java.lang.Object, java.lang.Object, java.lang.Object, java.lang.Object, java.lang.Object, java.lang.Object, java.lang.Object, java.lang.Object, java.lang.Object, java.lang.Object, java.lang.Object, java.lang.Object, java.lang.Object)'> (0x00000000eb5040d0) 
thr
Event: 130.901 Thread 0x00000206714cf820 Exception <a 'java/lang/NoSuchMethodError'{0x00000000eb50ad50}: 'java.lang.Object java.lang.invoke.DirectMethodHandle$Holder.invokeSpecial(java.lang.Object, java.lang.Object, java.lang.Object, java.lang.Object, java.lang.Object, java.lang.Object, java.lang.Object, java.lang.Object, java.lang.Object, java.lang.Object, java.lang.Object, java.lang.Object, java.lang.Object, java.lang.Object, java.lang.Object, java.lang.Object, java.lang.Object, java.lang.Object, java.lang.Object, java.lang.Object)'> (0x0000000
Event: 130.903 Thread 0x00000206714cf820 Exception <a 'java/lang/NoSuchMethodError'{0x00000000eb5105a0}: 'java.lang.Object java.lang.invoke.DelegatingMethodHandle$Holder.reinvoke_L(java.lang.Object, java.lang.Object, java.lang.Object, java.lang.Object, java.lang.Object, java.lang.Object, java.lang.Object, java.lang.Object, java.lang.Object, java.lang.Object, java.lang.Object, java.lang.Object, java.lang.Object, java.lang.Object, java.lang.Object, java.lang.Object, java.lang.Object, java.lang.Object, java.lang.Object)'> (0x00000000eb5105a0) 
throw
Event: 131.397 Thread 0x00000206714cf820 Exception <a 'java/lang/NoSuchMethodError'{0x00000000eb0448a0}: 'java.lang.Object java.lang.invoke.DelegatingMethodHandle$Holder.reinvoke_L(java.lang.Object, java.lang.Object, java.lang.Object, java.lang.Object, int, java.lang.Object, java.lang.Object, java.lang.Object, java.lang.Object, java.lang.Object, java.lang.Object, java.lang.Object, java.lang.Object)'> (0x00000000eb0448a0) 
thrown [s\src\hotspot\share\interpreter\linkResolver.cpp, line 773]
Event: 131.738 Thread 0x00000206714cf820 Exception <a 'java/lang/NoSuchMethodError'{0x00000000eaebb450}: 'java.lang.Object java.lang.invoke.DirectMethodHandle$Holder.newInvokeSpecial(java.lang.Object, java.lang.Object, java.lang.Object, int, java.lang.Object)'> (0x00000000eaebb450) 
thrown [s\src\hotspot\share\interpreter\linkResolver.cpp, line 773]
Event: 131.738 Thread 0x00000206714cf820 Exception <a 'java/lang/NoSuchMethodError'{0x00000000eaebf8f8}: 'java.lang.Object java.lang.invoke.Invokers$Holder.linkToTargetMethod(java.lang.Object, java.lang.Object, int, java.lang.Object, java.lang.Object)'> (0x00000000eaebf8f8) 
thrown [s\src\hotspot\share\interpreter\linkResolver.cpp, line 773]
Event: 131.999 Thread 0x00000206714cf820 Exception <a 'java/lang/NoSuchMethodError'{0x00000000eab0dcc0}: 'java.lang.Object java.lang.invoke.DirectMethodHandle$Holder.newInvokeSpecial(java.lang.Object, int, java.lang.Object)'> (0x00000000eab0dcc0) 
thrown [s\src\hotspot\share\interpreter\linkResolver.cpp, line 773]
Event: 133.062 Thread 0x00000206714cf820 Exception <a 'java/lang/NoSuchMethodError'{0x00000000ea3741b0}: 'java.lang.Object java.lang.invoke.DirectMethodHandle$Holder.newInvokeSpecial(java.lang.Object, java.lang.Object, java.lang.Object, int)'> (0x00000000ea3741b0) 
thrown [s\src\hotspot\share\interpreter\linkResolver.cpp, line 773]
Event: 133.063 Thread 0x00000206714cf820 Exception <a 'java/lang/NoSuchMethodError'{0x00000000ea378a80}: 'java.lang.Object java.lang.invoke.Invokers$Holder.linkToTargetMethod(java.lang.Object, java.lang.Object, int, java.lang.Object)'> (0x00000000ea378a80) 
thrown [s\src\hotspot\share\interpreter\linkResolver.cpp, line 773]
Event: 133.668 Thread 0x00000206714cf820 Exception <a 'java/lang/NoSuchMethodError'{0x00000000ea1e2660}: 'int java.lang.invoke.DirectMethodHandle$Holder.invokeSpecialIFC(java.lang.Object, java.lang.Object, java.lang.Object)'> (0x00000000ea1e2660) 
thrown [s\src\hotspot\share\interpreter\linkResolver.cpp, line 773]
Event: 134.375 Thread 0x00000206714cf820 Exception <a 'java/lang/NoSuchMethodError'{0x00000000e9c90688}: 'void java.lang.invoke.DirectMethodHandle$Holder.invokeStatic(java.lang.Object, java.lang.Object, java.lang.Object, int, java.lang.Object)'> (0x00000000e9c90688) 
thrown [s\src\hotspot\share\interpreter\linkResolver.cpp, line 773]
Event: 134.627 Thread 0x00000206714cf820 Exception <a 'java/lang/NoSuchMethodError'{0x00000000e9a291d8}: 'int java.lang.invoke.DirectMethodHandle$Holder.invokeInterface(java.lang.Object, java.lang.Object, java.lang.Object, java.lang.Object, java.lang.Object)'> (0x00000000e9a291d8) 
thrown [s\src\hotspot\share\interpreter\linkResolver.cpp, line 773]
Event: 135.458 Thread 0x00000206714cf820 Exception <a 'java/lang/NoSuchMethodError'{0x00000000e97102c0}: 'java.lang.Object java.lang.invoke.DirectMethodHandle$Holder.newInvokeSpecial(java.lang.Object, java.lang.Object, java.lang.Object, java.lang.Object, java.lang.Object, java.lang.Object, java.lang.Object, java.lang.Object, java.lang.Object, java.lang.Object, java.lang.Object, java.lang.Object, java.lang.Object)'> (0x00000000e97102c0) 
thrown [s\src\hotspot\share\interpreter\linkResolver.cpp, line 773]

ZGC Phase Switch (0 events):
No events

VM Operations (20 events):
Event: 126.559 Executing safepoint VM operation: Cleanup
Event: 126.559 Executing safepoint VM operation: Cleanup done
Event: 127.569 Executing safepoint VM operation: Cleanup
Event: 127.569 Executing safepoint VM operation: Cleanup done
Event: 127.772 Executing non-safepoint VM operation: HandshakeAllThreads (Deoptimize)
Event: 127.773 Executing non-safepoint VM operation: HandshakeAllThreads (Deoptimize) done
Event: 128.785 Executing safepoint VM operation: Cleanup
Event: 128.785 Executing safepoint VM operation: Cleanup done
Event: 129.798 Executing safepoint VM operation: Cleanup
Event: 129.798 Executing safepoint VM operation: Cleanup done
Event: 130.812 Executing safepoint VM operation: Cleanup
Event: 130.813 Executing safepoint VM operation: Cleanup done
Event: 131.823 Executing safepoint VM operation: Cleanup
Event: 131.823 Executing safepoint VM operation: Cleanup done
Event: 132.833 Executing safepoint VM operation: Cleanup
Event: 132.833 Executing safepoint VM operation: Cleanup done
Event: 133.704 Executing non-safepoint VM operation: HandshakeAllThreads (Deoptimize)
Event: 133.704 Executing non-safepoint VM operation: HandshakeAllThreads (Deoptimize) done
Event: 134.717 Executing safepoint VM operation: Cleanup
Event: 134.717 Executing safepoint VM operation: Cleanup done

Memory protections (0 events):
No events

Nmethod flushes (20 events):
Event: 114.106 Thread 0x000002066b288da0 flushing  nmethod 0x00000206583da690
Event: 114.106 Thread 0x000002066b288da0 flushing  nmethod 0x00000206583dac10
Event: 114.106 Thread 0x000002066b288da0 flushing  nmethod 0x00000206583de490
Event: 114.106 Thread 0x000002066b288da0 flushing  nmethod 0x00000206583df090
Event: 114.106 Thread 0x000002066b288da0 flushing  nmethod 0x00000206583e2190
Event: 114.106 Thread 0x000002066b288da0 flushing  nmethod 0x000002065849d990
Event: 114.106 Thread 0x000002066b288da0 flushing  nmethod 0x0000020658507190
Event: 114.106 Thread 0x000002066b288da0 flushing  nmethod 0x0000020658507710
Event: 114.106 Thread 0x000002066b288da0 flushing  nmethod 0x0000020658507c10
Event: 114.106 Thread 0x000002066b288da0 flushing  nmethod 0x0000020658267d10
Event: 114.106 Thread 0x000002066b288da0 flushing  nmethod 0x0000020658268610
Event: 114.106 Thread 0x000002066b288da0 flushing  nmethod 0x0000020658268a90
Event: 114.106 Thread 0x000002066b288da0 flushing  nmethod 0x00000206582f0a90
Event: 114.106 Thread 0x000002066b288da0 flushing  nmethod 0x00000206582f6310
Event: 114.106 Thread 0x000002066b288da0 flushing  nmethod 0x0000020658391310
Event: 114.106 Thread 0x000002066b288da0 flushing  nmethod 0x0000020658392090
Event: 114.106 Thread 0x000002066b288da0 flushing  nmethod 0x0000020658395090
Event: 114.106 Thread 0x000002066b288da0 flushing  nmethod 0x00000206583ca090
Event: 114.106 Thread 0x000002066b288da0 flushing  nmethod 0x00000206583cae10
Event: 114.106 Thread 0x000002066b288da0 flushing  nmethod 0x00000206583cbd90

Events (20 events):
Event: 102.629 Thread 0x00000206714cf820 Thread added: 0x0000020672977970
Event: 103.154 Thread 0x00000206714cf820 Thread added: 0x0000020672978000
Event: 105.945 Thread 0x00000206714cf820 Thread added: 0x0000020672978690
Event: 106.371 Thread 0x00000206714cf820 Thread added: 0x0000020672975210
Event: 109.745 Thread 0x00000206714cf820 Thread added: 0x0000020671296440
Event: 110.674 Thread 0x00000206714cf820 Thread added: 0x0000020671296ad0
Event: 111.696 Thread 0x00000206712d8f30 Thread added: 0x0000020671b4bf50
Event: 112.591 Thread 0x000002066b2b3c20 Thread added: 0x00000206732b2990
Event: 113.644 Thread 0x00000206712d8f30 Thread exited: 0x00000206712d8f30
Event: 114.066 Thread 0x00000206732b2990 Thread exited: 0x00000206732b2990
Event: 114.075 Thread 0x000002066b2c46d0 Thread added: 0x00000206732b2990
Event: 114.489 Thread 0x0000020671b4bf50 Thread exited: 0x0000020671b4bf50
Event: 116.780 Thread 0x00000206732b2990 Thread exited: 0x00000206732b2990
Event: 117.708 Thread 0x000002066b2c46d0 Thread added: 0x00000206700037c0
Event: 121.047 Thread 0x00000206714cf820 Thread added: 0x0000020671295090
Event: 123.065 Thread 0x00000206714cf820 Thread added: 0x0000020671297e80
Event: 125.848 Thread 0x00000206700037c0 Thread exited: 0x00000206700037c0
Event: 126.784 Thread 0x000002066b2c46d0 Thread added: 0x0000020670884440
Event: 129.741 Thread 0x00000206714cf820 Thread added: 0x0000020671297160
Event: 132.523 Thread 0x0000020670884440 Thread exited: 0x0000020670884440


Dynamic libraries:
0x00007ff72abc0000 - 0x00007ff72abce000 	C:\Users\chae0\.vscode\extensions\redhat.java-1.56.0-win32-x64\jre\21.0.12.1-win32-x86_64\bin\java.exe
0x00007ffad4800000 - 0x00007ffad4a66000 	C:\WINDOWS\SYSTEM32\ntdll.dll
0x00007ffad31a0000 - 0x00007ffad3269000 	C:\WINDOWS\System32\KERNEL32.DLL
0x00007ffad2030000 - 0x00007ffad242f000 	C:\WINDOWS\System32\KERNELBASE.dll
0x00007ffad1e40000 - 0x00007ffad1f8c000 	C:\WINDOWS\System32\ucrtbase.dll
0x00007ffa98630000 - 0x00007ffa98648000 	C:\Users\chae0\.vscode\extensions\redhat.java-1.56.0-win32-x64\jre\21.0.12.1-win32-x86_64\bin\jli.dll
0x00007ffa98610000 - 0x00007ffa9862e000 	C:\Users\chae0\.vscode\extensions\redhat.java-1.56.0-win32-x64\jre\21.0.12.1-win32-x86_64\bin\VCRUNTIME140.dll
0x00007ffad45f0000 - 0x00007ffad47b6000 	C:\WINDOWS\System32\USER32.dll
0x00007ffad2440000 - 0x00007ffad2467000 	C:\WINDOWS\System32\win32u.dll
0x00007ffad27d0000 - 0x00007ffad27fb000 	C:\WINDOWS\System32\GDI32.dll
0x00007ffad1b80000 - 0x00007ffad1ca9000 	C:\WINDOWS\System32\gdi32full.dll
0x00007ffad1ad0000 - 0x00007ffad1b73000 	C:\WINDOWS\System32\msvcp_win.dll
0x00007ffaba140000 - 0x00007ffaba3d1000 	C:\WINDOWS\WinSxS\amd64_microsoft.windows.common-controls_6595b64144ccf1df_6.0.26100.8972_none_3e0da176e32f9d4b\COMCTL32.dll
0x00007ffad2cc0000 - 0x00007ffad2d69000 	C:\WINDOWS\System32\msvcrt.dll
0x00007ffad2d70000 - 0x00007ffad2da2000 	C:\WINDOWS\System32\IMM32.DLL
0x00007ffacb160000 - 0x00007ffacb16c000 	C:\Users\chae0\.vscode\extensions\redhat.java-1.56.0-win32-x64\jre\21.0.12.1-win32-x86_64\bin\vcruntime140_1.dll
0x00007ffa5d7a0000 - 0x00007ffa5d82d000 	C:\Users\chae0\.vscode\extensions\redhat.java-1.56.0-win32-x64\jre\21.0.12.1-win32-x86_64\bin\msvcp140.dll
0x00007ffa002f0000 - 0x00007ffa01092000 	C:\Users\chae0\.vscode\extensions\redhat.java-1.56.0-win32-x64\jre\21.0.12.1-win32-x86_64\bin\server\jvm.dll
0x00007ffad2dc0000 - 0x00007ffad2e7c000 	C:\WINDOWS\System32\ADVAPI32.dll
0x00007ffad2530000 - 0x00007ffad25da000 	C:\WINDOWS\System32\sechost.dll
0x00007ffad36f0000 - 0x00007ffad3808000 	C:\WINDOWS\System32\RPCRT4.dll
0x00007ffad4560000 - 0x00007ffad45e2000 	C:\WINDOWS\System32\WS2_32.dll
0x00007ffad1870000 - 0x00007ffad18ce000 	C:\WINDOWS\SYSTEM32\POWRPROF.dll
0x00007ffabfd70000 - 0x00007ffabfd7b000 	C:\WINDOWS\SYSTEM32\VERSION.dll
0x00007ffac6c70000 - 0x00007ffac6ca6000 	C:\WINDOWS\SYSTEM32\WINMM.dll
0x00007ffad1850000 - 0x00007ffad1865000 	C:\WINDOWS\SYSTEM32\UMPDC.dll
0x00007ffad0700000 - 0x00007ffad071b000 	C:\WINDOWS\SYSTEM32\kernel.appcore.dll
0x00007ffa9c830000 - 0x00007ffa9c83a000 	C:\Users\chae0\.vscode\extensions\redhat.java-1.56.0-win32-x64\jre\21.0.12.1-win32-x86_64\bin\jimage.dll
0x00007ffacf080000 - 0x00007ffacf2c2000 	C:\WINDOWS\SYSTEM32\DBGHELP.DLL
0x00007ffad28e0000 - 0x00007ffad2c65000 	C:\WINDOWS\System32\combase.dll
0x00007ffad2800000 - 0x00007ffad28d9000 	C:\WINDOWS\System32\OLEAUT32.dll
0x00007ffab73f0000 - 0x00007ffab742b000 	C:\WINDOWS\SYSTEM32\dbgcore.DLL
0x00007ffad1a10000 - 0x00007ffad1abc000 	C:\WINDOWS\System32\bcryptPrimitives.dll
0x00007ffaa7e70000 - 0x00007ffaa7e7f000 	C:\Users\chae0\.vscode\extensions\redhat.java-1.56.0-win32-x64\jre\21.0.12.1-win32-x86_64\bin\instrument.dll
0x00007ffa97df0000 - 0x00007ffa97e10000 	C:\Users\chae0\.vscode\extensions\redhat.java-1.56.0-win32-x64\jre\21.0.12.1-win32-x86_64\bin\java.dll
0x00007ffad3ca0000 - 0x00007ffad4428000 	C:\WINDOWS\System32\SHELL32.dll
0x00007ffacf4e0000 - 0x00007ffacfd7b000 	C:\WINDOWS\SYSTEM32\windows.storage.dll
0x00007ffad2e90000 - 0x00007ffad2f89000 	C:\WINDOWS\System32\SHCORE.dll
0x00007ffad2760000 - 0x00007ffad27c6000 	C:\WINDOWS\System32\shlwapi.dll
0x00007ffad1930000 - 0x00007ffad1959000 	C:\WINDOWS\SYSTEM32\profapi.dll
0x00007ffa56a20000 - 0x00007ffa56a38000 	C:\Users\chae0\.vscode\extensions\redhat.java-1.56.0-win32-x64\jre\21.0.12.1-win32-x86_64\bin\zip.dll
0x00007ffa9c4c0000 - 0x00007ffa9c4d0000 	C:\Users\chae0\.vscode\extensions\redhat.java-1.56.0-win32-x64\jre\21.0.12.1-win32-x86_64\bin\net.dll
0x00007ffaca820000 - 0x00007ffaca948000 	C:\WINDOWS\SYSTEM32\WINHTTP.dll
0x00007ffad0cb0000 - 0x00007ffad0d1c000 	C:\WINDOWS\system32\mswsock.dll
0x00007ffa56a00000 - 0x00007ffa56a16000 	C:\Users\chae0\.vscode\extensions\redhat.java-1.56.0-win32-x64\jre\21.0.12.1-win32-x86_64\bin\nio.dll
0x00007ffaa7a80000 - 0x00007ffaa7a90000 	C:\Users\chae0\.vscode\extensions\redhat.java-1.56.0-win32-x64\jre\21.0.12.1-win32-x86_64\bin\verify.dll
0x00007ffa9bc00000 - 0x00007ffa9bc27000 	C:\Users\chae0\.gradle\native\660c5614fbf4a5f2a75b1949f50a0caf5cd603558e7d8a26e50b933a0cfb79d1\windows-amd64\native-platform.dll
0x00007ffa81b10000 - 0x00007ffa81b87000 	C:\Users\chae0\.gradle\native\0.2.8\x86_64-windows-gnu\gradle-fileevents.dll
0x00007ffaa4ac0000 - 0x00007ffaa4aca000 	C:\Users\chae0\.vscode\extensions\redhat.java-1.56.0-win32-x64\jre\21.0.12.1-win32-x86_64\bin\management.dll
0x00007ffaa3520000 - 0x00007ffaa352c000 	C:\Users\chae0\.vscode\extensions\redhat.java-1.56.0-win32-x64\jre\21.0.12.1-win32-x86_64\bin\management_ext.dll
0x00007ffad2750000 - 0x00007ffad2758000 	C:\WINDOWS\System32\PSAPI.DLL
0x00007ffad0120000 - 0x00007ffad0153000 	C:\WINDOWS\SYSTEM32\IPHLPAPI.DLL
0x00007ffad3450000 - 0x00007ffad345a000 	C:\WINDOWS\System32\NSI.dll
0x00007ffacd950000 - 0x00007ffacd959000 	C:\Users\chae0\.vscode\extensions\redhat.java-1.56.0-win32-x64\jre\21.0.12.1-win32-x86_64\bin\extnet.dll
0x00007ffad0fa0000 - 0x00007ffad0fbb000 	C:\WINDOWS\SYSTEM32\CRYPTSP.dll
0x00007ffad0660000 - 0x00007ffad0699000 	C:\WINDOWS\system32\rsaenh.dll
0x00007ffad0d60000 - 0x00007ffad0d92000 	C:\WINDOWS\SYSTEM32\USERENV.dll
0x00007ffad1900000 - 0x00007ffad192a000 	C:\WINDOWS\SYSTEM32\bcrypt.dll
0x00007ffad0fc0000 - 0x00007ffad0fcc000 	C:\WINDOWS\SYSTEM32\CRYPTBASE.dll
0x00007ffacd960000 - 0x00007ffacd96e000 	C:\Users\chae0\.vscode\extensions\redhat.java-1.56.0-win32-x64\jre\21.0.12.1-win32-x86_64\bin\sunmscapi.dll
0x00007ffad1cb0000 - 0x00007ffad1e2e000 	C:\WINDOWS\System32\CRYPT32.dll
0x00007ffad11e0000 - 0x00007ffad1210000 	C:\WINDOWS\SYSTEM32\ncrypt.dll
0x00007ffad1190000 - 0x00007ffad11cf000 	C:\WINDOWS\SYSTEM32\NTASN1.dll
0x00007ffa885b0000 - 0x00007ffa885b8000 	C:\WINDOWS\system32\wshunix.dll

JVMTI agents:
C:\Users\chae0\.gradle\wrapper\dists\gradle-9.4.1-bin\arn2x92ynaizyzdaamcbpbhtj\gradle-9.4.1\lib\agents\gradle-instrumentation-agent-9.4.1.jar path:C:\Users\chae0\.vscode\extensions\redhat.java-1.56.0-win32-x64\jre\21.0.12.1-win32-x86_64\bin\instrument.dll, loaded, initialized, instrumentlib options:none

dbghelp: loaded successfully - version: 4.0.5 - missing functions: none
symbol engine: initialized successfully - sym options: 0x614 - pdb path: .;C:\Users\chae0\.vscode\extensions\redhat.java-1.56.0-win32-x64\jre\21.0.12.1-win32-x86_64\bin;C:\WINDOWS\SYSTEM32;C:\WINDOWS\WinSxS\amd64_microsoft.windows.common-controls_6595b64144ccf1df_6.0.26100.8972_none_3e0da176e32f9d4b;C:\Users\chae0\.vscode\extensions\redhat.java-1.56.0-win32-x64\jre\21.0.12.1-win32-x86_64\bin\server;C:\Users\chae0\.gradle\native\660c5614fbf4a5f2a75b1949f50a0caf5cd603558e7d8a26e50b933a0cfb79d1\windows-amd64;C:\Users\chae0\.gradle\native\0.2.8\x86_64-windows-gnu

VM Arguments:
jvm_args: --add-opens=java.base/java.lang=ALL-UNNAMED --add-opens=java.base/java.lang.invoke=ALL-UNNAMED --add-opens=java.base/java.util=ALL-UNNAMED --add-opens=java.prefs/java.util.prefs=ALL-UNNAMED --add-exports=jdk.compiler/com.sun.tools.javac.api=ALL-UNNAMED --add-exports=jdk.compiler/com.sun.tools.javac.util=ALL-UNNAMED --add-opens=java.base/java.util=ALL-UNNAMED --add-opens=java.prefs/java.util.prefs=ALL-UNNAMED --add-opens=java.base/java.nio.charset=ALL-UNNAMED --add-opens=java.base/java.net=ALL-UNNAMED --add-opens=java.base/java.util.concurrent=ALL-UNNAMED --add-opens=java.base/java.util.concurrent.atomic=ALL-UNNAMED --add-opens=java.xml/javax.xml.namespace=ALL-UNNAMED --add-opens=java.base/java.time=ALL-UNNAMED -XX:MaxMetaspaceSize=384m -XX:+HeapDumpOnOutOfMemoryError -Xms256m -Xmx512m -Dfile.encoding=UTF-8 -Duser.country=KR -Duser.language=ko -Duser.variant -javaagent:C:\Users\chae0\.gradle\wrapper\dists\gradle-9.4.1-bin\arn2x92ynaizyzdaamcbpbhtj\gradle-9.4.1\lib\agents\gradle-instrumentation-agent-9.4.1.jar 
java_command: org.gradle.launcher.daemon.bootstrap.GradleDaemon 9.4.1
java_class_path (initial): C:\Users\chae0\.gradle\wrapper\dists\gradle-9.4.1-bin\arn2x92ynaizyzdaamcbpbhtj\gradle-9.4.1\lib\gradle-daemon-main-9.4.1.jar
Launcher Type: SUN_STANDARD

[Global flags]
     intx CICompilerCount                          = 12                                        {product} {ergonomic}
   size_t CompressedClassSpaceSize                 = 335544320                                 {product} {ergonomic}
     uint ConcGCThreads                            = 3                                         {product} {ergonomic}
     uint G1ConcRefinementThreads                  = 13                                        {product} {ergonomic}
   size_t G1HeapRegionSize                         = 1048576                                   {product} {ergonomic}
    uintx GCDrainStackTargetSize                   = 64                                        {product} {ergonomic}
     bool HeapDumpOnOutOfMemoryError               = true                                   {manageable} {command line}
   size_t InitialHeapSize                          = 268435456                                 {product} {command line}
   size_t MarkStackSize                            = 4194304                                   {product} {ergonomic}
   size_t MaxHeapSize                              = 536870912                                 {product} {command line}
   size_t MaxMetaspaceSize                         = 402653184                                 {product} {command line}
   size_t MaxNewSize                               = 321912832                                 {product} {ergonomic}
   size_t MinHeapDeltaBytes                        = 1048576                                   {product} {ergonomic}
   size_t MinHeapSize                              = 268435456                                 {product} {command line}
    uintx NonNMethodCodeHeapSize                   = 7602480                                {pd product} {ergonomic}
    uintx NonProfiledCodeHeapSize                  = 122027880                              {pd product} {ergonomic}
    uintx ProfiledCodeHeapSize                     = 122027880                              {pd product} {ergonomic}
    uintx ReservedCodeCacheSize                    = 251658240                              {pd product} {ergonomic}
     bool SegmentedCodeCache                       = true                                      {product} {ergonomic}
   size_t SoftMaxHeapSize                          = 536870912                              {manageable} {ergonomic}
     bool UseCompressedOops                        = true                           {product lp64_product} {ergonomic}
     bool UseG1GC                                  = true                                      {product} {ergonomic}
     bool UseLargePagesIndividualAllocation        = false                                  {pd product} {ergonomic}

Logging:
Log output configuration:
 #0: stdout all=warning uptime,level,tags foldmultilines=false
 #1: stderr all=off uptime,level,tags foldmultilines=false

Release file:
JAVA_VERSION="21.0.12.1" 
MODULES="java.base java.compiler java.datatransfer java.xml java.prefs java.desktop java.instrument java.logging java.management java.security.sasl java.naming java.rmi java.management.rmi java.net.http java.scripting java.security.jgss java.transaction.xa java.sql java.sql.rowset java.xml.crypto java.se java.smartcardio jdk.accessibility jdk.internal.jvmstat jdk.attach jdk.charsets jdk.internal.opt jdk.zipfs jdk.compiler jdk.crypto.ec jdk.crypto.cryptoki jdk.crypto.mscapi jdk.dynalink jdk.internal.ed jdk.editpad jdk.hotspot.agent jdk.httpserver jdk.internal.le jdk.internal.vm.ci jdk.internal.vm.compiler jdk.internal.vm.compiler.management jdk.jartool jdk.javadoc jdk.jcmd jdk.management jdk.management.agent jdk.jconsole jdk.jdeps jdk.jdwp.agent jdk.jdi jdk.jfr jdk.jshell jdk.jsobject jdk.jstatd jdk.localedata jdk.management.jfr jdk.naming.dns jdk.naming.rmi jdk.net jdk.nio.mapmode jdk.random jdk.sctp jdk.security.auth jdk.security.jgss jdk.unsupported jdk.unsupported.desktop jdk.xml.dom" 

Environment Variables:
JAVA_HOME=C:\Program Files\Java\jdk-21
PATH=C:\Python314\Scripts\;C:\Python314\;C:\Program Files (x86)\VMware\VMware Workstation\bin\;C:\Program Files\Common Files\Oracle\Java\javapath;C:\WINDOWS\system32;C:\WINDOWS;C:\WINDOWS\System32\Wbem;C:\WINDOWS\System32\WindowsPowerShell\v1.0\;C:\WINDOWS\System32\OpenSSH\;C:\Program Files\Java\jdk-21\bin\;C:\Program Files\Java\jdk-21bin;C:\Program Files\Microsoft SQL Server\Client SDK\ODBC\170\Tools\Binn\;C:\Program Files (x86)\Microsoft SQL Server\150\Tools\Binn\;C:\Program Files\Microsoft SQL Server\150\Tools\Binn\;C:\Program Files\Microsoft SQL Server\150\DTS\Binn\;C:\Program Files (x86)\Microsoft SQL Server\150\DTS\Binn\;C:\Program Files\Azure Data Studio\bin;C:\Program Files\Java\jdk-21BIN;C:\Users\chae0\Downloads\node-v22.13.1-win-x64\;D:\Git\cmd;C:\Users\chae0\AppData\Local\Android\Sdk\platform-tools;C:\Program Files\dotnet\;C:\Program Files (x86)\Windows Kits\10\Windows Performance Toolkit\;C:\Program Files\nodejs\;C:\ProgramData\chocolatey\bin;C:\Users\chae0\AppData\Local\Android\Sdk\platform-tools;C:\Program Files\MySQL\MySQL Server 8.0\bin;C:\Users\chae0\AppData\Local\Programs\Python\Launcher\;C:\Users\chae0\AppData\Local\Microsoft\WindowsApps;C:\Program Files\Java\jdk-21\bin;C:\Program Files\Azure Data Studio\bin;C:\Users\chae0\AppData\Local\Programs\Microsoft VS Code\bin;C:\Users\chae0\.dotnet\tools;D:\downloads\flutter_windows_3.35.5-stable\flutter\bin;C:\Users\chae0\AppData\Roaming\npm
USERNAME=chae0
OS=Windows_NT
PROCESSOR_IDENTIFIER=Intel64 Family 6 Model 154 Stepping 3, GenuineIntel
TMP=C:\Users\chae0\AppData\Local\Temp
TEMP=C:\Users\chae0\AppData\Local\Temp




Periodic native trim disabled

---------------  S Y S T E M  ---------------

OS:
 Windows 11 , 64 bit Build 26100 (10.0.26100.9168)
OS uptime: 0 days 3:44 hours

CPU: total 16 (initial active 16) (8 cores per cpu, 2 threads per core) family 6 model 154 stepping 3 microcode 0x421, cx8, cmov, fxsr, ht, mmx, 3dnowpref, sse, sse2, sse3, ssse3, sse4.1, sse4.2, popcnt, lzcnt, tsc, tscinvbit, avx, avx2, aes, erms, clmul, bmi1, bmi2, adx, sha, fma, vzeroupper, clflush, clflushopt, clwb, serialize, rdtscp, rdpid, fsrm, f16c, pku, cet_ibt, cet_ss
Processor Information for processor 0
  Max Mhz: 1700, Current Mhz: 1700, Mhz Limit: 1700
Processor Information for processor 1
  Max Mhz: 1700, Current Mhz: 1457, Mhz Limit: 1700
Processor Information for processor 2
  Max Mhz: 1700, Current Mhz: 1700, Mhz Limit: 1700
Processor Information for processor 3
  Max Mhz: 1700, Current Mhz: 1457, Mhz Limit: 1700
Processor Information for processor 4
  Max Mhz: 1700, Current Mhz: 1457, Mhz Limit: 1700
Processor Information for processor 5
  Max Mhz: 1700, Current Mhz: 1457, Mhz Limit: 1700
Processor Information for processor 6
  Max Mhz: 1700, Current Mhz: 1700, Mhz Limit: 1700
Processor Information for processor 7
  Max Mhz: 1700, Current Mhz: 1457, Mhz Limit: 1700
Processor Information for processor 8
  Max Mhz: 1700, Current Mhz: 1558, Mhz Limit: 1700
Processor Information for processor 9
  Max Mhz: 1700, Current Mhz: 1558, Mhz Limit: 1700
Processor Information for processor 10
  Max Mhz: 1700, Current Mhz: 1558, Mhz Limit: 1700
Processor Information for processor 11
  Max Mhz: 1700, Current Mhz: 1558, Mhz Limit: 1700
Processor Information for processor 12
  Max Mhz: 1700, Current Mhz: 1558, Mhz Limit: 1700
Processor Information for processor 13
  Max Mhz: 1700, Current Mhz: 1558, Mhz Limit: 1700
Processor Information for processor 14
  Max Mhz: 1700, Current Mhz: 1558, Mhz Limit: 1700
Processor Information for processor 15
  Max Mhz: 1700, Current Mhz: 1558, Mhz Limit: 1700

Memory: 4k page, system-wide physical 16066M (805M free)
TotalPageFile size 39008M (AvailPageFile size 5426M)
current process WorkingSet (physical memory assigned to process): 287M, peak: 310M
current process commit charge ("private bytes"): 471M, peak: 493M

vm_info: OpenJDK 64-Bit Server VM (21.0.12.1+1-LTS) for windows-amd64 JRE (21.0.12.1+1-LTS), built on 2026-08-18T00:00:00Z by "admin" with MS VC++ 17.12 (VS2022)

END.
