#
# There is insufficient memory for the Java Runtime Environment to continue.
# Native memory allocation (mmap) failed to map 65536 bytes. Error detail: Failed to commit metaspace.
# Possible reasons:
#   The system is out of physical RAM or swap space
#   This process is running with CompressedOops enabled, and the Java Heap may be blocking the growth of the native heap
# Possible solutions:
#   Reduce memory load on the system
#   Increase physical memory or swap space
#   Check if swap backing store is full
#   Decrease Java heap size (-Xmx/-Xms)
#   Decrease number of Java threads
#   Decrease Java thread stack sizes (-Xss)
#   Set larger code cache with -XX:ReservedCodeCacheSize=
#   JVM is running with Unscaled Compressed Oops mode in which the Java heap is
#     placed in the first 4GB address space. The Java Heap base address is the
#     maximum limit for the native heap growth. Please use -XX:HeapBaseMinAddress
#     to set the Java Heap base and to place the Java Heap above 4GB virtual address.
# This output file may be truncated or incomplete.
#
#  Out of Memory Error (virtualSpaceNode.cpp:113), pid=31400, tid=34768
#
# JRE version: OpenJDK Runtime Environment Temurin-21.0.12.1+1 (21.0.12.1+1) (build 21.0.12.1+1-LTS)
# Java VM: OpenJDK 64-Bit Server VM Temurin-21.0.12.1+1 (21.0.12.1+1-LTS, mixed mode, sharing, tiered, compressed oops, compressed class ptrs, g1 gc, windows-amd64)
# No core dump will be written. Minidumps are not enabled by default on client versions of Windows
#

---------------  S U M M A R Y ------------

Command Line: --add-opens=java.base/java.lang=ALL-UNNAMED --add-opens=java.base/java.lang.invoke=ALL-UNNAMED --add-opens=java.base/java.util=ALL-UNNAMED --add-opens=java.prefs/java.util.prefs=ALL-UNNAMED --add-exports=jdk.compiler/com.sun.tools.javac.api=ALL-UNNAMED --add-exports=jdk.compiler/com.sun.tools.javac.util=ALL-UNNAMED --add-opens=java.base/java.util=ALL-UNNAMED --add-opens=java.prefs/java.util.prefs=ALL-UNNAMED --add-opens=java.base/java.nio.charset=ALL-UNNAMED --add-opens=java.base/java.net=ALL-UNNAMED --add-opens=java.base/java.util.concurrent=ALL-UNNAMED --add-opens=java.base/java.util.concurrent.atomic=ALL-UNNAMED --add-opens=java.xml/javax.xml.namespace=ALL-UNNAMED --add-opens=java.base/java.time=ALL-UNNAMED -XX:MaxMetaspaceSize=384m -XX:+HeapDumpOnOutOfMemoryError -Xms256m -Xmx512m -Dfile.encoding=UTF-8 -Duser.country=KR -Duser.language=ko -Duser.variant -javaagent:C:\Users\chae0\.gradle\wrapper\dists\gradle-9.4.1-bin\arn2x92ynaizyzdaamcbpbhtj\gradle-9.4.1\lib\agents\gradle-instrumentation-agent-9.4.1.jar org.gradle.launcher.daemon.bootstrap.GradleDaemon 9.4.1

Host: 12th Gen Intel(R) Core(TM) i5-1240P, 16 cores, 15G,  Windows 11 , 64 bit Build 26100 (10.0.26100.9168)
Time: Sat Sep 12 14:54:16 2026 elapsed time: 183.877547 seconds (0d 0h 3m 3s)

---------------  T H R E A D  ---------------

Current thread (0x00000268f8957640):  JavaThread "Daemon worker"        [_thread_in_vm, id=34768, stack(0x00000084b9c00000,0x00000084b9d00000) (1024K)]

Stack: [0x00000084b9c00000,0x00000084b9d00000]
Native frames: (J=compiled Java code, j=interpreted, Vv=VM code, C=native code)
V  [jvm.dll+0x6d83e9]
V  [jvm.dll+0x8b5736]
V  [jvm.dll+0x8b7cee]
V  [jvm.dll+0x8b83d3]
V  [jvm.dll+0x284596]
V  [jvm.dll+0x8b147e]
V  [jvm.dll+0x679ad4]
V  [jvm.dll+0x1e849b]
V  [jvm.dll+0x1e825e]
V  [jvm.dll+0x67c3d2]
V  [jvm.dll+0x67c202]
V  [jvm.dll+0x67a4ae]
V  [jvm.dll+0x26f864]
V  [jvm.dll+0x21a11f]
V  [jvm.dll+0x20f80e]
V  [jvm.dll+0x5b6a7f]
V  [jvm.dll+0x82f606]
V  [jvm.dll+0x4792f8]
V  [jvm.dll+0x47f128]
C  [java.dll+0x17ec]

Java frames: (J=compiled Java code, j=interpreted, Vv=VM code)
J 771  java.lang.ClassLoader.defineClass1(Ljava/lang/ClassLoader;Ljava/lang/String;[BIILjava/security/ProtectionDomain;Ljava/lang/String;)Ljava/lang/Class; java.base@21.0.12.1 (0 bytes) @ 0x00000268d1dadc91 [0x00000268d1dadbc0+0x00000000000000d1]
J 1049 c1 java.lang.ClassLoader.defineClass(Ljava/lang/String;[BIILjava/security/ProtectionDomain;)Ljava/lang/Class; java.base@21.0.12.1 (43 bytes) @ 0x00000268ca384df4 [0x00000268ca384aa0+0x0000000000000354]
J 1062 c1 java.security.SecureClassLoader.defineClass(Ljava/lang/String;[BIILjava/security/CodeSource;)Ljava/lang/Class; java.base@21.0.12.1 (16 bytes) @ 0x00000268ca39281c [0x00000268ca392740+0x00000000000000dc]
J 3348 c2 java.net.URLClassLoader.findClass(Ljava/lang/String;)Ljava/lang/Class; java.base@21.0.12.1 (47 bytes) @ 0x00000268d1ef7d5c [0x00000268d1ef65c0+0x000000000000179c]
j  java.lang.ClassLoader.loadClass(Ljava/lang/String;Z)Ljava/lang/Class;+69 java.base@21.0.12.1
J 785 c1 java.lang.ClassLoader.loadClass(Ljava/lang/String;)Ljava/lang/Class; java.base@21.0.12.1 (7 bytes) @ 0x00000268ca308a54 [0x00000268ca308940+0x0000000000000114]
v  ~StubRoutines::call_stub 0x00000268d161100d
j  org.gradle.internal.problems.failure.DefaultFailureFactory.create(Ljava/lang/Throwable;)Lorg/gradle/internal/problems/failure/Failure;+0
j  org.gradle.internal.problems.DefaultProblemDiagnosticsFactory.locationFromStackTrace(Ljava/lang/Throwable;ZZLorg/gradle/problems/buildtree/ProblemStream$StackTraceTransformer;)Lorg/gradle/problems/ProblemDiagnostics;+57
j  org.gradle.internal.problems.DefaultProblemDiagnosticsFactory.forException(Ljava/lang/Throwable;)Lorg/gradle/problems/ProblemDiagnostics;+7
j  org.gradle.initialization.exception.DefaultExceptionAnalyser.transform(Ljava/lang/Throwable;)Ljava/lang/Throwable;+73
j  org.gradle.initialization.exception.DefaultExceptionAnalyser.collectFailures(Ljava/lang/Throwable;Ljava/util/Collection;)V+154
j  org.gradle.initialization.exception.MultipleBuildFailuresExceptionAnalyser.transform(Ljava/util/List;)Ljava/lang/RuntimeException;+122
j  org.gradle.initialization.exception.StackTraceSanitizingExceptionAnalyser.transform(Ljava/util/List;)Ljava/lang/RuntimeException;+5
j  org.gradle.internal.buildtree.DefaultBuildTreeFinishExecutor.finishBuildTree(Ljava/util/List;)Ljava/lang/RuntimeException;+29
j  org.gradle.composite.internal.OperationFiringBuildTreeFinishExecutor$1.call(Lorg/gradle/internal/operations/BuildOperationContext;)Ljava/lang/RuntimeException;+11
j  org.gradle.composite.internal.OperationFiringBuildTreeFinishExecutor$1.call(Lorg/gradle/internal/operations/BuildOperationContext;)Ljava/lang/Object;+2
j  org.gradle.internal.operations.DefaultBuildOperationRunner$CallableBuildOperationWorker.execute(Lorg/gradle/internal/operations/CallableBuildOperation;Lorg/gradle/internal/operations/BuildOperationContext;)V+3
j  org.gradle.internal.operations.DefaultBuildOperationRunner$CallableBuildOperationWorker.execute(Lorg/gradle/internal/operations/BuildOperation;Lorg/gradle/internal/operations/BuildOperationContext;)V+6
j  org.gradle.internal.operations.DefaultBuildOperationRunner$2.execute(Lorg/gradle/internal/operations/BuildOperationDescriptor;Lorg/gradle/internal/operations/BuildOperationState;Lorg/gradle/internal/operations/BuildOperationState;Lorg/gradle/internal/operations/DefaultBuildOperationRunner$ReadableBuildOperationContext;Lorg/gradle/internal/operations/DefaultBuildOperationRunner$BuildOperationExecutionListener;)Lorg/gradle/internal/operations/BuildOperation;+22
j  org.gradle.internal.operations.DefaultBuildOperationRunner$2.execute(Lorg/gradle/internal/operations/BuildOperationDescriptor;Lorg/gradle/internal/operations/BuildOperationState;Lorg/gradle/internal/operations/BuildOperationState;Lorg/gradle/internal/operations/DefaultBuildOperationRunner$ReadableBuildOperationContext;Lorg/gradle/internal/operations/DefaultBuildOperationRunner$BuildOperationExecutionListener;)Ljava/lang/Object;+8
j  org.gradle.internal.operations.DefaultBuildOperationRunner.execute(Lorg/gradle/internal/operations/BuildOperationDescriptor$Builder;Lorg/gradle/internal/operations/DefaultBuildOperationRunner$BuildOperationExecution;)Ljava/lang/Object;+141
j  org.gradle.internal.operations.DefaultBuildOperationRunner.execute(Lorg/gradle/internal/operations/BuildOperation;Lorg/gradle/internal/operations/BuildOperationWorker;)V+17
j  org.gradle.internal.operations.DefaultBuildOperationRunner.call(Lorg/gradle/internal/operations/CallableBuildOperation;)Ljava/lang/Object;+12
j  org.gradle.composite.internal.OperationFiringBuildTreeFinishExecutor.finishBuildTree(Ljava/util/List;)Ljava/lang/RuntimeException;+13
j  org.gradle.internal.buildtree.DefaultBuildTreeLifecycleController.lambda$runBuild$5(Ljava/util/function/Supplier;)Ljava/lang/Object;+27
j  org.gradle.internal.buildtree.DefaultBuildTreeLifecycleController$$Lambda+0x00000268df460688.get()Ljava/lang/Object;+8
j  org.gradle.internal.model.StateTransitionController.lambda$transition$7(Ljava/util/function/Supplier;)Lorg/gradle/internal/build/ExecutionResult;+1
j  org.gradle.internal.model.StateTransitionController$$Lambda+0x00000268df460ad8.get()Ljava/lang/Object;+4
j  org.gradle.internal.model.StateTransitionController.doTransition(Lorg/gradle/internal/model/StateTransitionController$State;Lorg/gradle/internal/model/StateTransitionController$State;Ljava/util/function/Supplier;)Lorg/gradle/internal/build/ExecutionResult;+24
j  org.gradle.internal.model.StateTransitionController.lambda$transition$8(Lorg/gradle/internal/model/StateTransitionController$State;Lorg/gradle/internal/model/StateTransitionController$State;Ljava/util/function/Supplier;)Ljava/lang/Object;+9
j  org.gradle.internal.model.StateTransitionController$$Lambda+0x00000268df4608b0.create()Ljava/lang/Object;+16
j  org.gradle.internal.work.DefaultSynchronizer.withLock(Lorg/gradle/internal/Factory;)Ljava/lang/Object;+6
j  org.gradle.internal.model.StateTransitionController.transition(Lorg/gradle/internal/model/StateTransitionController$State;Lorg/gradle/internal/model/StateTransitionController$State;Ljava/util/function/Supplier;)Ljava/lang/Object;+13
j  org.gradle.internal.buildtree.DefaultBuildTreeLifecycleController.runBuild(Ljava/util/function/Supplier;)Ljava/lang/Object;+17
j  org.gradle.internal.buildtree.DefaultBuildTreeLifecycleController.scheduleAndRunTasks(Lorg/gradle/execution/EntryTaskSelector;)V+8
j  org.gradle.internal.buildtree.DefaultBuildTreeLifecycleController.scheduleAndRunTasks()V+2
j  org.gradle.tooling.internal.provider.runner.BuildModelActionRunner.run(Lorg/gradle/internal/invocation/BuildAction;Lorg/gradle/internal/buildtree/BuildTreeLifecycleController;)Lorg/gradle/internal/buildtree/BuildActionRunner$Result;+71
j  org.gradle.launcher.exec.ChainingBuildActionRunner.run(Lorg/gradle/internal/invocation/BuildAction;Lorg/gradle/internal/buildtree/BuildTreeLifecycleController;)Lorg/gradle/internal/buildtree/BuildActionRunner$Result;+34
j  org.gradle.internal.buildtree.ProblemReportingBuildActionRunner.run(Lorg/gradle/internal/invocation/BuildAction;Lorg/gradle/internal/buildtree/BuildTreeLifecycleController;)Lorg/gradle/internal/buildtree/BuildActionRunner$Result;+12
j  org.gradle.launcher.exec.BuildOutcomeReportingBuildActionRunner.run(Lorg/gradle/internal/invocation/BuildAction;Lorg/gradle/internal/buildtree/BuildTreeLifecycleController;)Lorg/gradle/internal/buildtree/BuildActionRunner$Result;+69
j  org.gradle.tooling.internal.provider.FileSystemWatchingBuildActionRunner.run(Lorg/gradle/internal/invocation/BuildAction;Lorg/gradle/internal/buildtree/BuildTreeLifecycleController;)Lorg/gradle/internal/buildtree/BuildActionRunner$Result;+317
j  org.gradle.launcher.exec.BuildCompletionNotifyingBuildActionRunner.run(Lorg/gradle/internal/invocation/BuildAction;Lorg/gradle/internal/buildtree/BuildTreeLifecycleController;)Lorg/gradle/internal/buildtree/BuildActionRunner$Result;+6
j  org.gradle.launcher.exec.RootBuildLifecycleBuildActionExecutor.lambda$execute$0(Lorg/gradle/internal/invocation/BuildAction;Lorg/gradle/internal/buildtree/BuildTreeLifecycleController;)Lorg/gradle/internal/buildtree/BuildActionRunner$Result;+6
j  org.gradle.launcher.exec.RootBuildLifecycleBuildActionExecutor$$Lambda+0x00000268df448690.apply(Ljava/lang/Object;)Ljava/lang/Object;+12
j  org.gradle.composite.internal.DefaultRootBuildState.run(Ljava/util/function/Function;)Ljava/lang/Object;+92
j  org.gradle.launcher.exec.RootBuildLifecycleBuildActionExecutor.execute(Lorg/gradle/internal/invocation/BuildAction;)Lorg/gradle/internal/buildtree/BuildActionRunner$Result;+91
j  org.gradle.launcher.exec.BuildTreeLifecycleBuildActionExecutor.runRootBuildAction(Lorg/gradle/internal/invocation/BuildAction;Lorg/gradle/internal/service/ServiceRegistry;Lorg/gradle/internal/buildtree/BuildActionModelRequirements;Lorg/gradle/internal/buildtree/BuildModelParameters;)Lorg/gradle/internal/buildtree/BuildActionRunner$Result;+42
j  org.gradle.launcher.exec.BuildTreeLifecycleBuildActionExecutor.execute(Lorg/gradle/internal/invocation/BuildAction;Lorg/gradle/internal/session/BuildSessionContext;)Lorg/gradle/internal/buildtree/BuildActionRunner$Result;+50
j  org.gradle.launcher.exec.RunAsBuildOperationBuildActionExecutor$2.call(Lorg/gradle/internal/operations/BuildOperationContext;)Lorg/gradle/internal/buildtree/BuildActionRunner$Result;+25
j  org.gradle.launcher.exec.RunAsBuildOperationBuildActionExecutor$2.call(Lorg/gradle/internal/operations/BuildOperationContext;)Ljava/lang/Object;+2
j  org.gradle.internal.operations.DefaultBuildOperationRunner$CallableBuildOperationWorker.execute(Lorg/gradle/internal/operations/CallableBuildOperation;Lorg/gradle/internal/operations/BuildOperationContext;)V+3
j  org.gradle.internal.operations.DefaultBuildOperationRunner$CallableBuildOperationWorker.execute(Lorg/gradle/internal/operations/BuildOperation;Lorg/gradle/internal/operations/BuildOperationContext;)V+6
j  org.gradle.internal.operations.DefaultBuildOperationRunner$2.execute(Lorg/gradle/internal/operations/BuildOperationDescriptor;Lorg/gradle/internal/operations/BuildOperationState;Lorg/gradle/internal/operations/BuildOperationState;Lorg/gradle/internal/operations/DefaultBuildOperationRunner$ReadableBuildOperationContext;Lorg/gradle/internal/operations/DefaultBuildOperationRunner$BuildOperationExecutionListener;)Lorg/gradle/internal/operations/BuildOperation;+22
j  org.gradle.internal.operations.DefaultBuildOperationRunner$2.execute(Lorg/gradle/internal/operations/BuildOperationDescriptor;Lorg/gradle/internal/operations/BuildOperationState;Lorg/gradle/internal/operations/BuildOperationState;Lorg/gradle/internal/operations/DefaultBuildOperationRunner$ReadableBuildOperationContext;Lorg/gradle/internal/operations/DefaultBuildOperationRunner$BuildOperationExecutionListener;)Ljava/lang/Object;+8
j  org.gradle.internal.operations.DefaultBuildOperationRunner.execute(Lorg/gradle/internal/operations/BuildOperationDescriptor$Builder;Lorg/gradle/internal/operations/DefaultBuildOperationRunner$BuildOperationExecution;)Ljava/lang/Object;+141
j  org.gradle.internal.operations.DefaultBuildOperationRunner.execute(Lorg/gradle/internal/operations/BuildOperation;Lorg/gradle/internal/operations/BuildOperationWorker;)V+17
j  org.gradle.internal.operations.DefaultBuildOperationRunner.call(Lorg/gradle/internal/operations/CallableBuildOperation;)Ljava/lang/Object;+12
j  org.gradle.launcher.exec.RunAsBuildOperationBuildActionExecutor.execute(Lorg/gradle/internal/invocation/BuildAction;Lorg/gradle/internal/session/BuildSessionContext;)Lorg/gradle/internal/buildtree/BuildActionRunner$Result;+23
j  org.gradle.launcher.exec.RunAsWorkerThreadBuildActionExecutor.lambda$execute$0(Lorg/gradle/internal/invocation/BuildAction;Lorg/gradle/internal/session/BuildSessionContext;)Lorg/gradle/internal/buildtree/BuildActionRunner$Result;+6
j  org.gradle.launcher.exec.RunAsWorkerThreadBuildActionExecutor$$Lambda+0x00000268df2836b8.create()Ljava/lang/Object;+12
j  org.gradle.internal.work.DefaultWorkerLeaseService.lambda$withLocksAcquired$0(Lorg/gradle/internal/Factory;Ljava/util/Collection;)Ljava/lang/Object;+1
j  org.gradle.internal.work.DefaultWorkerLeaseService$$Lambda+0x00000268df28ec60.create()Ljava/lang/Object;+12
j  org.gradle.internal.work.ResourceLockStatistics$1.measure(Ljava/lang/String;Ljava/lang/Iterable;Lorg/gradle/internal/Factory;)Ljava/lang/Object;+1
j  org.gradle.internal.work.DefaultWorkerLeaseService.withLocksAcquired(Ljava/util/Collection;Lorg/gradle/internal/Factory;)Ljava/lang/Object;+21
j  org.gradle.internal.work.DefaultWorkerLeaseService.withLocks(Ljava/util/Collection;Lorg/gradle/internal/Factory;)Ljava/lang/Object;+25
j  org.gradle.internal.work.DefaultWorkerLeaseService.runAsWorkerThread(Lorg/gradle/internal/Factory;)Ljava/lang/Object;+33
j  org.gradle.launcher.exec.RunAsWorkerThreadBuildActionExecutor.execute(Lorg/gradle/internal/invocation/BuildAction;Lorg/gradle/internal/session/BuildSessionContext;)Lorg/gradle/internal/buildtree/BuildActionRunner$Result;+12
j  org.gradle.tooling.internal.provider.continuous.ContinuousBuildActionExecutor.execute(Lorg/gradle/internal/invocation/BuildAction;Lorg/gradle/internal/session/BuildSessionContext;)Lorg/gradle/internal/buildtree/BuildActionRunner$Result;+58
j  org.gradle.tooling.internal.provider.SubscribableBuildActionExecutor.execute(Lorg/gradle/internal/invocation/BuildAction;Lorg/gradle/internal/session/BuildSessionContext;)Lorg/gradle/internal/buildtree/BuildActionRunner$Result;+30
j  org.gradle.internal.session.DefaultBuildSessionContext.execute(Lorg/gradle/internal/invocation/BuildAction;)Lorg/gradle/internal/buildtree/BuildActionRunner$Result;+64
j  org.gradle.internal.buildprocess.execution.BuildSessionLifecycleBuildActionExecutor$ActionImpl.apply(Lorg/gradle/internal/session/BuildSessionContext;)Lorg/gradle/launcher/exec/BuildActionResult;+6
j  org.gradle.internal.buildprocess.execution.BuildSessionLifecycleBuildActionExecutor$ActionImpl.apply(Ljava/lang/Object;)Ljava/lang/Object;+5
j  org.gradle.internal.session.BuildSessionState.run(Ljava/util/function/Function;)Ljava/lang/Object;+5
j  org.gradle.internal.buildprocess.execution.BuildSessionLifecycleBuildActionExecutor.execute(Lorg/gradle/internal/invocation/BuildAction;Lorg/gradle/launcher/exec/BuildActionParameters;Lorg/gradle/initialization/BuildRequestContext;)Lorg/gradle/launcher/exec/BuildActionResult;+105
j  org.gradle.internal.buildprocess.execution.BuildSessionLifecycleBuildActionExecutor.execute(Lorg/gradle/internal/invocation/BuildAction;Ljava/lang/Object;Ljava/lang/Object;)Lorg/gradle/launcher/exec/BuildActionResult;+10
j  org.gradle.internal.buildprocess.execution.StartParamsValidatingActionExecutor.execute(Lorg/gradle/internal/invocation/BuildAction;Lorg/gradle/launcher/exec/BuildActionParameters;Lorg/gradle/initialization/BuildRequestContext;)Lorg/gradle/launcher/exec/BuildActionResult;+142
j  org.gradle.internal.buildprocess.execution.StartParamsValidatingActionExecutor.execute(Lorg/gradle/internal/invocation/BuildAction;Ljava/lang/Object;Ljava/lang/Object;)Lorg/gradle/launcher/exec/BuildActionResult;+10
j  org.gradle.internal.buildprocess.execution.SessionFailureReportingActionExecutor.execute(Lorg/gradle/internal/invocation/BuildAction;Lorg/gradle/launcher/exec/BuildActionParameters;Lorg/gradle/initialization/BuildRequestContext;)Lorg/gradle/launcher/exec/BuildActionResult;+7
j  org.gradle.internal.buildprocess.execution.SessionFailureReportingActionExecutor.execute(Lorg/gradle/internal/invocation/BuildAction;Ljava/lang/Object;Ljava/lang/Object;)Lorg/gradle/launcher/exec/BuildActionResult;+10
j  org.gradle.internal.buildprocess.execution.SetupLoggingActionExecutor.execute(Lorg/gradle/internal/invocation/BuildAction;Lorg/gradle/launcher/exec/BuildActionParameters;Lorg/gradle/initialization/BuildRequestContext;)Lorg/gradle/launcher/exec/BuildActionResult;+50
j  org.gradle.internal.buildprocess.execution.SetupLoggingActionExecutor.execute(Lorg/gradle/internal/invocation/BuildAction;Ljava/lang/Object;Ljava/lang/Object;)Lorg/gradle/launcher/exec/BuildActionResult;+10
j  org.gradle.launcher.daemon.server.exec.ExecuteBuild.doBuild(Lorg/gradle/launcher/daemon/server/api/DaemonCommandExecution;Lorg/gradle/launcher/daemon/protocol/Build;)V+147
j  org.gradle.launcher.daemon.server.exec.BuildCommandOnly.execute(Lorg/gradle/launcher/daemon/server/api/DaemonCommandExecution;)V+49
j  org.gradle.launcher.daemon.server.api.DaemonCommandExecution.proceed()Z+23
j  org.gradle.launcher.daemon.server.exec.WatchForDisconnection.execute(Lorg/gradle/launcher/daemon/server/api/DaemonCommandExecution;)V+19
j  org.gradle.launcher.daemon.server.api.DaemonCommandExecution.proceed()Z+23
j  org.gradle.launcher.daemon.server.exec.ResetDeprecationLogger.execute(Lorg/gradle/launcher/daemon/server/api/DaemonCommandExecution;)V+7
j  org.gradle.launcher.daemon.server.api.DaemonCommandExecution.proceed()Z+23
j  org.gradle.launcher.daemon.server.exec.RequestStopIfSingleUsedDaemon.execute(Lorg/gradle/launcher/daemon/server/api/DaemonCommandExecution;)V+33
j  org.gradle.launcher.daemon.server.api.DaemonCommandExecution.proceed()Z+23
j  org.gradle.launcher.daemon.server.exec.ForwardClientInput.lambda$execute$0(Lorg/gradle/launcher/daemon/server/api/DaemonCommandExecution;Lorg/gradle/internal/daemon/clientinput/StdinHandler;)Ljava/lang/Object;+11
j  org.gradle.launcher.daemon.server.exec.ForwardClientInput$$Lambda+0x00000268df19c000.apply(Ljava/lang/Object;)Ljava/lang/Object;+8
j  org.gradle.internal.daemon.clientinput.ClientInputForwarder.forwardInput(Ljava/util/function/Function;)Ljava/lang/Object;+46
j  org.gradle.launcher.daemon.server.exec.ForwardClientInput.execute(Lorg/gradle/launcher/daemon/server/api/DaemonCommandExecution;)V+10
j  org.gradle.launcher.daemon.server.api.DaemonCommandExecution.proceed()Z+23
j  org.gradle.launcher.daemon.server.exec.LogAndCheckHealth.execute(Lorg/gradle/launcher/daemon/server/api/DaemonCommandExecution;)V+51
j  org.gradle.launcher.daemon.server.api.DaemonCommandExecution.proceed()Z+23
j  org.gradle.launcher.daemon.server.exec.LogToClient.doBuild(Lorg/gradle/launcher/daemon/server/api/DaemonCommandExecution;Lorg/gradle/launcher/daemon/protocol/Build;)V+87
j  org.gradle.launcher.daemon.server.exec.BuildCommandOnly.execute(Lorg/gradle/launcher/daemon/server/api/DaemonCommandExecution;)V+49
j  org.gradle.launcher.daemon.server.api.DaemonCommandExecution.proceed()Z+23
j  org.gradle.launcher.daemon.server.exec.EstablishBuildEnvironment.doBuild(Lorg/gradle/launcher/daemon/server/api/DaemonCommandExecution;Lorg/gradle/launcher/daemon/protocol/Build;)V+356
j  org.gradle.launcher.daemon.server.exec.BuildCommandOnly.execute(Lorg/gradle/launcher/daemon/server/api/DaemonCommandExecution;)V+49
j  org.gradle.launcher.daemon.server.api.DaemonCommandExecution.proceed()Z+23
j  org.gradle.launcher.daemon.server.exec.StartBuildOrRespondWithBusy$1.run()V+44
j  org.gradle.launcher.daemon.server.DaemonStateCoordinator.lambda$runCommand$0(Ljava/lang/Runnable;)V+1
j  org.gradle.launcher.daemon.server.DaemonStateCoordinator$$Lambda+0x00000268df196d58.run()V+8
j  org.gradle.internal.concurrent.ExecutorPolicy$CatchAndRecordFailures.onExecute(Ljava/lang/Runnable;)V+1
j  org.gradle.internal.concurrent.AbstractManagedExecutor$1.run()V+25
j  java.util.concurrent.ThreadPoolExecutor.runWorker(Ljava/util/concurrent/ThreadPoolExecutor$Worker;)V+92 java.base@21.0.12.1
j  java.util.concurrent.ThreadPoolExecutor$Worker.run()V+5 java.base@21.0.12.1
j  java.lang.Thread.runWith(Ljava/lang/Object;Ljava/lang/Runnable;)V+5 java.base@21.0.12.1
j  java.lang.Thread.run()V+19 java.base@21.0.12.1
v  ~StubRoutines::call_stub 0x00000268d161100d

Compiled method (n/a) 188261  771     n 0       java.lang.ClassLoader::defineClass1 (native)
 total in heap  [0x00000268d1dada10,0x00000268d1dadfa8] = 1432
 relocation     [0x00000268d1dadb70,0x00000268d1dadba8] = 56
 main code      [0x00000268d1dadbc0,0x00000268d1dadfa1] = 993
 stub code      [0x00000268d1dadfa1,0x00000268d1dadfa8] = 7

[Constant Pool (empty)]

[MachCode]
[Entry Point]
  # {method} {0x00000268de434c38} 'defineClass1' '(Ljava/lang/ClassLoader;Ljava/lang/String;[BIILjava/security/ProtectionDomain;Ljava/lang/String;)Ljava/lang/Class;' in 'java/lang/ClassLoader'
  # parm0:    rdx:rdx   = 'java/lang/ClassLoader'
  # parm1:    r8:r8     = 'java/lang/String'
  # parm2:    r9:r9     = '[B'
  # parm3:    rdi       = int
  # parm4:    rsi       = int
  # parm5:    rcx:rcx   = 'java/security/ProtectionDomain'
  # parm6:    [sp+0xa0]   = 'java/lang/String'  (sp of caller)
  0x00000268d1dadbc0: 448b 5208 | 49bb 0000 | 00de 6802 | 0000 4d03 | d349 3bc2 | 0f84 0600 

  0x00000268d1dadbd8: ;   {runtime_call ic_miss_stub}
  0x00000268d1dadbd8: 0000 e9a1 | 0b8b ff90 
[Verified Entry Point]
  0x00000268d1dadbe0: 8984 2400 | 80ff ff55 | 488b ec48 | 81ec 9000 | 0000 6690 | 4181 7f20 | 0300 0000 

  0x00000268d1dadbfc: ;   {runtime_call StubRoutines (final stubs)}
  0x00000268d1dadbfc: 7405 e89d | 8889 ff48 | 837d 1000 | 488d 4510 | 480f 4445 | 1048 8944 | 2440 4889 | 4c24 7048 
  0x00000268d1dadc1c: 83f9 0048 | 8d44 2470 | 480f 4444 | 2470 4889 | 4424 3848 | 8974 2430 | 4889 7c24 | 284c 894c 
  0x00000268d1dadc3c: 2458 4983 | f900 488d | 4424 5848 | 0f44 4424 | 5848 8944 | 2420 4c89 | 4424 5049 | 83f8 004c 
  0x00000268d1dadc5c: 8d4c 2450 | 4c0f 444c | 2450 4889 | 5424 4848 | 83fa 004c | 8d44 2448 | 4c0f 4444 

  0x00000268d1dadc78: ;   {oop(a 'java/lang/Class'{0x00000000e06db290} = 'java/lang/ClassLoader')}
  0x00000268d1dadc78: 2448 49be | 90b2 6de0 | 0000 0000 | 4c89 7424 | 784c 8d74 | 2478 498b | d6c5 f877 

  0x00000268d1dadc94: ;   {internal_word}
  0x00000268d1dadc94: 49ba 91dc | dad1 6802 | 0000 4d89 | 97a8 0300 | 0049 89a7 | a003 0000 

  0x00000268d1dadcac: ;   {external_word}
  0x00000268d1dadcac: 49ba 066d | 7b82 fd7f | 0000 4180 | 3a00 0f84 | 4e00 0000 | 5241 5041 

  0x00000268d1dadcc4: ;   {metadata({method} {0x00000268de434c38} 'defineClass1' '(Ljava/lang/ClassLoader;Ljava/lang/String;[BIILjava/security/ProtectionDomain;Ljava/lang/String;)Ljava/lang/Class;' in 'java/lang/ClassLoader')}
  0x00000268d1dadcc4: 5148 ba30 | 4c43 de68 | 0200 0049 | 8bcf 4883 | ec20 40f6 | c40f 0f84 | 1900 0000 | 4883 ec08 
  0x00000268d1dadce4: ;   {runtime_call}
  0x00000268d1dadce4: 48b8 e0ea | 2482 fd7f | 0000 ffd0 | 4883 c408 | e90c 0000 

  0x00000268d1dadcf8: ;   {runtime_call}
  0x00000268d1dadcf8: 0048 b8e0 | ea24 82fd | 7f00 00ff | d048 83c4 | 2041 5941 | 585a 498d | 8fc0 0300 | 0041 c787 
  0x00000268d1dadd18: 4c04 0000 | 0400 0000 

  0x00000268d1dadd20: ;   {runtime_call}
  0x00000268d1dadd20: 48b8 ac16 | 8140 fe7f | 0000 ffd0 | c5f8 7741 | c787 4c04 | 0000 0500 | 0000 f083 | 4424 c000 
  0x00000268d1dadd40: 493b af50 | 0400 000f | 870e 0000 | 0041 83bf | 4804 0000 | 000f 842b | 0000 00c5 | f877 4889 
  0x00000268d1dadd60: 45f8 498b | cf4c 8be4 | 4883 ec20 | 4883 e4f0 

  0x00000268d1dadd70: ;   {runtime_call}
  0x00000268d1dadd70: 48b8 0058 | f081 fd7f | 0000 ffd0 | 498b e44d | 33e4 488b | 45f8 41c7 | 874c 0400 | 0008 0000 
  0x00000268d1dadd90: 0041 83bf | c804 0000 | 020f 84d5 

  0x00000268d1dadd9c: ;   {external_word}
  0x00000268d1dadd9c: 0100 0049 | ba06 6d7b | 82fd 7f00 | 0041 803a | 000f 844c | 0000 0048 

  0x00000268d1daddb4: ;   {metadata({method} {0x00000268de434c38} 'defineClass1' '(Ljava/lang/ClassLoader;Ljava/lang/String;[BIILjava/security/ProtectionDomain;Ljava/lang/String;)Ljava/lang/Class;' in 'java/lang/ClassLoader')}
  0x00000268d1daddb4: 8945 f848 | ba30 4c43 | de68 0200 | 0049 8bcf | 4883 ec20 | 40f6 c40f | 0f84 1900 | 0000 4883 
  0x00000268d1daddd4: ;   {runtime_call}
  0x00000268d1daddd4: ec08 48b8 | e0ea 2482 | fd7f 0000 | ffd0 4883 | c408 e90c 

  0x00000268d1dadde8: ;   {runtime_call}
  0x00000268d1dadde8: 0000 0048 | b8e0 ea24 | 82fd 7f00 | 00ff d048 | 83c4 2048 | 8b45 f849 | c787 a003 | 0000 0000 
  0x00000268d1dade08: 0000 49c7 | 87a8 0300 | 0000 0000 | 00c5 f877 | 4885 c00f | 8430 0100 | 00a8 030f | 8508 0000 
  0x00000268d1dade28: 0048 8b00 | e920 0100 | 00a8 010f | 8509 0000 | 0048 8b40 | fee9 0f01 | 0000 488b | 40ff 4180 
  0x00000268d1dade48: 7f40 000f | 8400 0100 | 0048 83f8 | 000f 84f6 | 0000 0049 | 8b4f 2848 | 83f9 000f | 8414 0000 
  0x00000268d1dade68: 0048 83e9 | 0849 894f | 2849 034f | 3848 8901 | e9d4 0000 | 0048 83ec | 7048 8904 | 2448 894c 
  0x00000268d1dade88: 2408 4889 | 5424 104c | 8944 2418 | 4c89 4c24 | 204c 8954 | 2428 4c89 | 5c24 30c5 | fb11 4424 
  0x00000268d1dadea8: 40c5 fb11 | 4c24 48c5 | fb11 5424 | 50c5 fb11 | 5c24 58c5 | fb11 6424 | 60c5 fb11 | 6c24 6849 
  0x00000268d1dadec8: 8bd7 488b | c848 83ec | 2040 f6c4 | 0f0f 8419 | 0000 0048 

  0x00000268d1dadedc: ;   {runtime_call}
  0x00000268d1dadedc: 83ec 0848 | b820 a4e3 | 81fd 7f00 | 00ff d048 | 83c4 08e9 | 0c00 0000 

  0x00000268d1dadef4: ;   {runtime_call}
  0x00000268d1dadef4: 48b8 20a4 | e381 fd7f | 0000 ffd0 | 4883 c420 | c5fb 106c | 2468 c5fb | 1064 2460 | c5fb 105c 
  0x00000268d1dadf14: 2458 c5fb | 1054 2450 | c5fb 104c | 2448 c5fb | 1044 2440 | 4c8b 5c24 | 304c 8b54 | 2428 4c8b 
  0x00000268d1dadf34: 4c24 204c | 8b44 2418 | 488b 5424 | 1048 8b4c | 2408 488b | 0424 4883 | c470 c5f8 | 7749 8b8f 
  0x00000268d1dadf54: 3004 0000 | c781 0001 | 0000 0000 | 0000 c949 | 837f 0800 | 0f85 0100 

  0x00000268d1dadf6c: ;   {runtime_call StubRoutines (initial stubs)}
  0x00000268d1dadf6c: 0000 c3e9 | 8c2f 86ff | c5f8 7748 | 8945 f84c | 8be4 4883 | ec20 4883 

  0x00000268d1dadf84: ;   {runtime_call}
  0x00000268d1dadf84: e4f0 48b8 | 3022 2582 | fd7f 0000 | ffd0 498b | e44d 33e4 | 488b 45f8 | e9fe fdff | fff4 f4f4 
  0x00000268d1dadfa4: f4f4 f4f4 
[/MachCode]


Compiled method (c1) 194278 1049       3       java.lang.ClassLoader::defineClass (43 bytes)
 total in heap  [0x00000268ca384890,0x00000268ca3851e0] = 2384
 relocation     [0x00000268ca3849f0,0x00000268ca384a90] = 160
 main code      [0x00000268ca384aa0,0x00000268ca384f38] = 1176
 stub code      [0x00000268ca384f38,0x00000268ca384fb0] = 120
 metadata       [0x00000268ca384fb0,0x00000268ca384fe0] = 48
 scopes data    [0x00000268ca384fe0,0x00000268ca3850d0] = 240
 scopes pcs     [0x00000268ca3850d0,0x00000268ca3851b0] = 224
 dependencies   [0x00000268ca3851b0,0x00000268ca3851b8] = 8
 nul chk table  [0x00000268ca3851b8,0x00000268ca3851e0] = 40

[Constant Pool (empty)]

[MachCode]
[Entry Point]
  # {method} {0x00000268de434fb8} 'defineClass' '(Ljava/lang/String;[BIILjava/security/ProtectionDomain;)Ljava/lang/Class;' in 'java/lang/ClassLoader'
  # this:     rdx:rdx   = 'java/lang/ClassLoader'
  # parm0:    r8:r8     = 'java/lang/String'
  # parm1:    r9:r9     = '[B'
  # parm2:    rdi       = int
  # parm3:    rsi       = int
  # parm4:    rcx:rcx   = 'java/security/ProtectionDomain'
  #           [sp+0xc0]  (sp of caller)
  0x00000268ca384aa0: 448b 5208 | 49bb 0000 | 00de 6802 | 0000 4d03 | d34c 3bd0 

  0x00000268ca384ab4: ;   {runtime_call ic_miss_stub}
  0x00000268ca384ab4: 0f85 c69c | 2d07 660f | 1f44 0000 
[Verified Entry Point]
  0x00000268ca384ac0: 8984 2400 | 80ff ff55 | 4881 ecb0 | 0000 0090 | 4181 7f20 | 0300 0000 

  0x00000268ca384ad8: ;   {runtime_call StubRoutines (final stubs)}
  0x00000268ca384ad8: 7405 e8c1 | 192c 0748 | 8954 2478 

  0x00000268ca384ae4: ;   {metadata(method data for {method} {0x00000268de434fb8} 'defineClass' '(Ljava/lang/String;[BIILjava/security/ProtectionDomain;)Ljava/lang/Class;' in 'java/lang/ClassLoader')}
  0x00000268ca384ae4: 48bb 9890 | 18f3 6802 | 0000 8b83 | cc00 0000 | 83c0 0289 | 83cc 0000 | 0025 fe07 | 0000 85c0 
  0x00000268ca384b04: 0f84 5003 | 0000 89b4 | 2494 0000 | 0089 bc24 | 9000 0000 | 4c89 8c24 | 8800 0000 

  0x00000268ca384b20: ;   {metadata(method data for {method} {0x00000268de434fb8} 'defineClass' '(Ljava/lang/String;[BIILjava/security/ProtectionDomain;)Ljava/lang/Class;' in 'java/lang/ClassLoader')}
  0x00000268ca384b20: 488b da48 | b898 9018 | f368 0200 | 0048 8380 | 1001 0000 | 0149 8bd8 | 4c8b c34c | 8bc9 488b 
  0x00000268ca384b40: ca48 8bd1 | 4889 9c24 | 8000 0000 

  0x00000268ca384b4c: ;   {optimized virtual_call}
  0x00000268ca384b4c: 6666 90e8 

  0x00000268ca384b50: ; ImmutableOopMap {[120]=Oop [128]=Oop [136]=Oop }
                      ;*invokevirtual preDefineClass {reexecute=0 rethrow=0 return_oop=0}
                      ; - java.lang.ClassLoader::defineClass@4
  0x00000268ca384b50: 4c0a 0000 

  0x00000268ca384b54: ;   {other}
  0x00000268ca384b54: 0f1f 8400 | c402 0000 | 4889 8424 | 9800 0000 | 488b 5424 

  0x00000268ca384b68: ;   {metadata(method data for {method} {0x00000268de434fb8} 'defineClass' '(Ljava/lang/String;[BIILjava/security/ProtectionDomain;)Ljava/lang/Class;' in 'java/lang/ClassLoader')}
  0x00000268ca384b68: 7849 b898 | 9018 f368 | 0200 0049 | 8380 4801 

  0x00000268ca384b78: ;   {metadata(method data for {method} {0x00000268de434ca0} 'defineClassSourceLocation' '(Ljava/security/ProtectionDomain;)Ljava/lang/String;' in 'java/lang/ClassLoader')}
  0x00000268ca384b78: 0000 0149 | b8b0 9718 | f368 0200 | 0041 8b90 | cc00 0000 | 83c2 0241 | 8990 cc00 | 0000 81e2 
  0x00000268ca384b98: feff 1f00 | 85d2 0f84 | d702 0000 

  0x00000268ca384ba4: ; implicit exception: dispatches to 0x00000268ca384e9c
  0x00000268ca384ba4: 483b 004c 

  0x00000268ca384ba8: ;   {metadata(method data for {method} {0x00000268de434ca0} 'defineClassSourceLocation' '(Ljava/security/ProtectionDomain;)Ljava/lang/String;' in 'java/lang/ClassLoader')}
  0x00000268ca384ba8: 8bc0 48ba | b097 18f3 | 6802 0000 | 4883 8210 | 0100 0001 | 448b 4010 

  0x00000268ca384bc0: ;   {metadata(method data for {method} {0x00000268de434ca0} 'defineClassSourceLocation' '(Ljava/security/ProtectionDomain;)Ljava/lang/String;' in 'java/lang/ClassLoader')}
  0x00000268ca384bc0: 4d85 c048 | bab0 9718 | f368 0200 | 0048 c7c6 | 5801 0000 | 7507 48c7 | c648 0100 | 0048 8b3c 
  0x00000268ca384be0: 3248 8d7f | 0148 893c | 320f 850f 

  0x00000268ca384bec: ;   {oop(nullptr)}
  0x00000268ca384bec: 0000 0048 | bb00 0000 | 0000 0000 | 00e9 a101 | 0000 493b | 0049 8bd0 

  0x00000268ca384c04: ;   {metadata(method data for {method} {0x00000268de434ca0} 'defineClassSourceLocation' '(Ljava/security/ProtectionDomain;)Ljava/lang/String;' in 'java/lang/ClassLoader')}
  0x00000268ca384c04: 48be b097 | 18f3 6802 | 0000 4883 | 8668 0100 | 0001 418b | 500c 4885 

  0x00000268ca384c1c: ;   {metadata(method data for {method} {0x00000268de434ca0} 'defineClassSourceLocation' '(Ljava/security/ProtectionDomain;)Ljava/lang/String;' in 'java/lang/ClassLoader')}
  0x00000268ca384c1c: d248 beb0 | 9718 f368 | 0200 0048 | c7c7 b001 | 0000 7507 | 48c7 c7a0 | 0100 0048 | 8b1c 3e48 
  0x00000268ca384c3c: 8d5b 0148 | 891c 3e0f | 850f 0000 

  0x00000268ca384c48: ;   {oop(nullptr)}
  0x00000268ca384c48: 0048 bb00 | 0000 0000 | 0000 00e9 | 4701 0000 

  0x00000268ca384c58: ;   {metadata(method data for {method} {0x00000268de434ca0} 'defineClassSourceLocation' '(Ljava/security/ProtectionDomain;)Ljava/lang/String;' in 'java/lang/ClassLoader')}
  0x00000268ca384c58: 48be b097 | 18f3 6802 | 0000 4883 | 86c0 0100 | 0001 483b | 024c 8bc2 

  0x00000268ca384c70: ;   {metadata(method data for {method} {0x00000268de434ca0} 'defineClassSourceLocation' '(Ljava/security/ProtectionDomain;)Ljava/lang/String;' in 'java/lang/ClassLoader')}
  0x00000268ca384c70: 48be b097 | 18f3 6802 | 0000 4883 | 86f8 0100 

  0x00000268ca384c80: ;   {metadata(method data for {method} {0x00000268de01abf0} 'toString' '()Ljava/lang/String;' in 'java/net/URL')}
  0x00000268ca384c80: 0001 49b8 | b8d2 0ef3 | 6802 0000 | 418b b0cc | 0000 0083 | c602 4189 | b0cc 0000 | 0081 e6fe 
  0x00000268ca384ca0: ff1f 0085 | f60f 8400 | 0200 004c 

  0x00000268ca384cac: ;   {metadata(method data for {method} {0x00000268de01abf0} 'toString' '()Ljava/lang/String;' in 'java/net/URL')}
  0x00000268ca384cac: 8bc2 48be | b8d2 0ef3 | 6802 0000 | 4883 8610 | 0100 0001 

  0x00000268ca384cc0: ;   {metadata(method data for {method} {0x00000268de428840} 'toExternalForm' '()Ljava/lang/String;' in 'java/net/URL')}
  0x00000268ca384cc0: 49b8 40d4 | 0ef3 6802 | 0000 418b | b0cc 0000 | 0083 c602 | 4189 b0cc | 0000 0081 | e6fe ff1f 
  0x00000268ca384ce0: 0085 f60f | 84e3 0100 | 008b 7238 

  0x00000268ca384cec: ; implicit exception: dispatches to 0x00000268ca384eed
  0x00000268ca384cec: 483b 064c 

  0x00000268ca384cf0: ;   {metadata(method data for {method} {0x00000268de428840} 'toExternalForm' '()Ljava/lang/String;' in 'java/net/URL')}
  0x00000268ca384cf0: 8bc6 48bf | 40d4 0ef3 | 6802 0000 | 458b 4008 | 49ba 0000 | 00de 6802 | 0000 4d03 | c24c 3b87 
  0x00000268ca384d10: 2001 0000 | 750d 4883 | 8728 0100 | 0001 e960 | 0000 004c | 3b87 3001 | 0000 750d | 4883 8738 
  0x00000268ca384d30: 0100 0001 | e94a 0000 | 0048 83bf | 2001 0000 | 0075 174c | 8987 2001 | 0000 48c7 | 8728 0100 
  0x00000268ca384d50: 0001 0000 | 00e9 2900 | 0000 4883 | bf30 0100 | 0000 7517 | 4c89 8730 | 0100 0048 | c787 3801 
  0x00000268ca384d70: 0000 0100 | 0000 e908 | 0000 0048 | 8387 1001 | 0000 014c | 8bc2 488b | d666 0f1f 

  0x00000268ca384d8c: ;   {optimized virtual_call}
  0x00000268ca384d8c: 4400 00e8 

  0x00000268ca384d90: ; ImmutableOopMap {[120]=Oop [128]=Oop [136]=Oop [152]=Oop }
                      ;*invokevirtual toExternalForm {reexecute=0 rethrow=0 return_oop=0}
                      ; - java.net.URL::toExternalForm@5
                      ; - java.net.URL::toString@1
                      ; - java.lang.ClassLoader::defineClassSourceLocation@22
                      ; - java.lang.ClassLoader::defineClass@12
  0x00000268ca384d90: 8c8c f6ff 

  0x00000268ca384d94: ;   {other}
  0x00000268ca384d94: 0f1f 8400 | 0405 0001 | 488b d848 | 8b84 2498 | 0000 008b | b424 9400 | 0000 8bbc | 2490 0000 
  0x00000268ca384db4: 004c 8b8c | 2488 0000 | 004c 8b84 | 2480 0000 | 0048 8b54 

  0x00000268ca384dc8: ;   {metadata(method data for {method} {0x00000268de434fb8} 'defineClass' '(Ljava/lang/String;[BIILjava/security/ProtectionDomain;)Ljava/lang/Class;' in 'java/lang/ClassLoader')}
  0x00000268ca384dc8: 2478 48b9 | 9890 18f3 | 6802 0000 | 4883 8180 | 0100 0001 | 4c8b da49 | 8bd3 488b | c848 891c 
  0x00000268ca384de8: 2466 0f1f 

  0x00000268ca384dec: ;   {static_call}
  0x00000268ca384dec: 4400 00e8 

  0x00000268ca384df0: ; ImmutableOopMap {[120]=Oop [152]=Oop }
                      ;*invokestatic defineClass1 {reexecute=0 rethrow=0 return_oop=0}
                      ; - java.lang.ClassLoader::defineClass@27
  0x00000268ca384df0: ec8d a207 

  0x00000268ca384df4: ;   {other}
  0x00000268ca384df4: 0f1f 8400 | 6405 0002 | 488b 5424 

  0x00000268ca384e00: ;   {metadata(method data for {method} {0x00000268de434fb8} 'defineClass' '(Ljava/lang/String;[BIILjava/security/ProtectionDomain;)Ljava/lang/Class;' in 'java/lang/ClassLoader')}
  0x00000268ca384e00: 7849 b898 | 9018 f368 | 0200 0049 | 8380 9001 | 0000 014c | 8bc0 4c8b | 8c24 9800 | 0000 488b 
  0x00000268ca384e20: 5424 7848 | 8984 24a0 | 0000 000f 

  0x00000268ca384e2c: ;   {optimized virtual_call}
  0x00000268ca384e2c: 1f40 00e8 

  0x00000268ca384e30: ; ImmutableOopMap {[160]=Oop }
                      ;*invokevirtual postDefineClass {reexecute=0 rethrow=0 return_oop=0}
                      ; - java.lang.ClassLoader::defineClass@37
  0x00000268ca384e30: ec39 0300 

  0x00000268ca384e34: ;   {other}
  0x00000268ca384e34: 0f1f 8400 | a405 0003 | 488b 8424 | a000 0000 | 4881 c4b0 | 0000 005d 

  0x00000268ca384e4c: ;   {poll_return}
  0x00000268ca384e4c: 493b a750 | 0400 000f | 8799 0000 

  0x00000268ca384e58: ;   {metadata({method} {0x00000268de434fb8} 'defineClass' '(Ljava/lang/String;[BIILjava/security/ProtectionDomain;)Ljava/lang/Class;' in 'java/lang/ClassLoader')}
  0x00000268ca384e58: 00c3 49ba | b04f 43de | 6802 0000 | 4c89 5424 | 0848 c704 | 24ff ffff 

  0x00000268ca384e70: ;   {runtime_call counter_overflow Runtime1 stub}
  0x00000268ca384e70: ffe8 0a44 

  0x00000268ca384e74: ; ImmutableOopMap {rdx=Oop r8=Oop r9=Oop rcx=Oop [120]=Oop }
                      ;*synchronization entry
                      ; - java.lang.ClassLoader::defineClass@-1
  0x00000268ca384e74: 3b07 e98f 

  0x00000268ca384e78: ;   {metadata({method} {0x00000268de434ca0} 'defineClassSourceLocation' '(Ljava/security/ProtectionDomain;)Ljava/lang/String;' in 'java/lang/ClassLoader')}
  0x00000268ca384e78: fcff ff49 | ba98 4c43 | de68 0200 | 004c 8954 | 2408 48c7 | 0424 ffff 

  0x00000268ca384e90: ;   {runtime_call counter_overflow Runtime1 stub}
  0x00000268ca384e90: ffff e8e9 

  0x00000268ca384e94: ; ImmutableOopMap {rax=Oop [120]=Oop [128]=Oop [136]=Oop [152]=Oop }
                      ;*synchronization entry
                      ; - java.lang.ClassLoader::defineClassSourceLocation@-1
                      ; - java.lang.ClassLoader::defineClass@12
  0x00000268ca384e94: 433b 07e9 | 08fd ffff 

  0x00000268ca384e9c: ;   {runtime_call throw_null_pointer_exception Runtime1 stub}
  0x00000268ca384e9c: e8df f23a 

  0x00000268ca384ea0: ; ImmutableOopMap {rax=Oop [120]=Oop [128]=Oop [136]=Oop [152]=Oop }
                      ;*invokevirtual getCodeSource {reexecute=0 rethrow=0 return_oop=0}
                      ; - java.lang.ClassLoader::defineClassSourceLocation@1
                      ; - java.lang.ClassLoader::defineClass@12
                      ;   {runtime_call throw_null_pointer_exception Runtime1 stub}
  0x00000268ca384ea0: 07e8 daf2 

  0x00000268ca384ea4: ; ImmutableOopMap {rax=Oop r8=Oop [120]=Oop [128]=Oop [136]=Oop [152]=Oop }
                      ;*invokevirtual getLocation {reexecute=0 rethrow=0 return_oop=0}
                      ; - java.lang.ClassLoader::defineClassSourceLocation@12
                      ; - java.lang.ClassLoader::defineClass@12
                      ;   {runtime_call throw_null_pointer_exception Runtime1 stub}
  0x00000268ca384ea4: 3a07 e8d5 

  0x00000268ca384ea8: ; ImmutableOopMap {rdx=Oop [120]=Oop [128]=Oop [136]=Oop [152]=Oop }
                      ;*invokevirtual toString {reexecute=0 rethrow=0 return_oop=0}
                      ; - java.lang.ClassLoader::defineClassSourceLocation@22
                      ; - java.lang.ClassLoader::defineClass@12
                      ;   {metadata({method} {0x00000268de01abf0} 'toString' '()Ljava/lang/String;' in 'java/net/URL')}
  0x00000268ca384ea8: f23a 0749 | bae8 ab01 | de68 0200 | 004c 8954 | 2408 48c7 | 0424 ffff 

  0x00000268ca384ec0: ;   {runtime_call counter_overflow Runtime1 stub}
  0x00000268ca384ec0: ffff e8b9 

  0x00000268ca384ec4: ; ImmutableOopMap {rdx=Oop [120]=Oop [128]=Oop [136]=Oop [152]=Oop }
                      ;*synchronization entry
                      ; - java.net.URL::toString@-1
                      ; - java.lang.ClassLoader::defineClassSourceLocation@22
                      ; - java.lang.ClassLoader::defineClass@12
  0x00000268ca384ec4: 433b 07e9 | dffd ffff 

  0x00000268ca384ecc: ;   {metadata({method} {0x00000268de428840} 'toExternalForm' '()Ljava/lang/String;' in 'java/net/URL')}
  0x00000268ca384ecc: 49ba 3888 | 42de 6802 | 0000 4c89 | 5424 0848 | c704 24ff 

  0x00000268ca384ee0: ;   {runtime_call counter_overflow Runtime1 stub}
  0x00000268ca384ee0: ffff ffe8 

  0x00000268ca384ee4: ; ImmutableOopMap {rdx=Oop [120]=Oop [128]=Oop [136]=Oop [152]=Oop }
                      ;*synchronization entry
                      ; - java.net.URL::toExternalForm@-1
                      ; - java.net.URL::toString@1
                      ; - java.lang.ClassLoader::defineClassSourceLocation@22
                      ; - java.lang.ClassLoader::defineClass@12
  0x00000268ca384ee4: 9843 3b07 | e9fc fdff 

  0x00000268ca384eec: ;   {runtime_call throw_null_pointer_exception Runtime1 stub}
  0x00000268ca384eec: ffe8 8ef2 

  0x00000268ca384ef0: ; ImmutableOopMap {rdx=Oop rsi=Oop [120]=Oop [128]=Oop [136]=Oop [152]=Oop }
                      ;*invokevirtual toExternalForm {reexecute=0 rethrow=0 return_oop=0}
                      ; - java.net.URL::toExternalForm@5
                      ; - java.net.URL::toString@1
                      ; - java.lang.ClassLoader::defineClassSourceLocation@22
                      ; - java.lang.ClassLoader::defineClass@12
                      ;   {internal_word}
  0x00000268ca384ef0: 3a07 49ba | 4c4e 38ca | 6802 0000 | 4d89 9768 

  0x00000268ca384f00: ;   {runtime_call SafepointBlob}
  0x00000268ca384f00: 0400 00e9 | 7805 2e07 | 498b 8700 | 0500 0049 | c787 0005 | 0000 0000 | 0000 49c7 | 8708 0500 
  0x00000268ca384f20: 0000 0000 | 0048 81c4 | b000 0000 

  0x00000268ca384f2c: ;   {runtime_call unwind_exception Runtime1 stub}
  0x00000268ca384f2c: 5de9 4ee3 | 3a07 f4f4 | f4f4 f4f4 
[Stub Code]
  0x00000268ca384f38: ;   {no_reloc}
  0x00000268ca384f38: 0f1f 4400 

  0x00000268ca384f3c: ;   {static_stub}
  0x00000268ca384f3c: 0048 bb00 | 0000 0000 

  0x00000268ca384f44: ;   {runtime_call nmethod}
  0x00000268ca384f44: 0000 00e9 | fbff ffff 

  0x00000268ca384f4c: ;   {static_stub}
  0x00000268ca384f4c: 48bb 0000 | 0000 0000 

  0x00000268ca384f54: ;   {runtime_call nmethod}
  0x00000268ca384f54: 0000 e9fb 

  0x00000268ca384f58: ;   {static_stub}
  0x00000268ca384f58: ffff ff48 | bb00 0000 | 0000 0000 

  0x00000268ca384f64: ;   {runtime_call nmethod}
  0x00000268ca384f64: 00e9 fbff 

  0x00000268ca384f68: ;   {static_stub}
  0x00000268ca384f68: ffff 48bb | d84b 43de | 6802 0000 

  0x00000268ca384f74: ;   {runtime_call I2C/C2I adapters}
  0x00000268ca384f74: e9f2 5e2d 

  0x00000268ca384f78: ;   {runtime_call handle_exception_from_callee Runtime1 stub}
  0x00000268ca384f78: 07e8 0210 

  0x00000268ca384f7c: ;   {external_word}
  0x00000268ca384f7c: 3b07 48b9 | 5063 5182 | fd7f 0000 | 4883 e4f0 

  0x00000268ca384f8c: ;   {runtime_call}
  0x00000268ca384f8c: 48b8 c0c9 | 1382 fd7f | 0000 ffd0 

  0x00000268ca384f98: ;   {section_word}
  0x00000268ca384f98: f449 ba99 | 4f38 ca68 | 0200 0041 

  0x00000268ca384fa4: ;   {runtime_call DeoptimizationBlob}
  0x00000268ca384fa4: 52e9 76f7 | 2d07 f4f4 | f4f4 f4f4 
[/MachCode]


Compiled method (c1) 199060 1062       3       java.security.SecureClassLoader::defineClass (16 bytes)
 total in heap  [0x00000268ca392590,0x00000268ca392990] = 1024
 relocation     [0x00000268ca3926f0,0x00000268ca392740] = 80
 main code      [0x00000268ca392740,0x00000268ca392898] = 344
 stub code      [0x00000268ca392898,0x00000268ca3928e8] = 80
 metadata       [0x00000268ca3928e8,0x00000268ca3928f0] = 8
 scopes data    [0x00000268ca3928f0,0x00000268ca392938] = 72
 scopes pcs     [0x00000268ca392938,0x00000268ca392988] = 80
 dependencies   [0x00000268ca392988,0x00000268ca392990] = 8

[Constant Pool (empty)]

[MachCode]
[Entry Point]
  # {method} {0x00000268de04e0e8} 'defineClass' '(Ljava/lang/String;[BIILjava/security/CodeSource;)Ljava/lang/Class;' in 'java/security/SecureClassLoader'
  # this:     rdx:rdx   = 'java/security/SecureClassLoader'
  # parm0:    r8:r8     = 'java/lang/String'
  # parm1:    r9:r9     = '[B'
  # parm2:    rdi       = int
  # parm3:    rsi       = int
  # parm4:    rcx:rcx   = 'java/security/CodeSource'
  #           [sp+0x80]  (sp of caller)
  0x00000268ca392740: 448b 5208 | 49bb 0000 | 00de 6802 | 0000 4d03 | d34c 3bd0 

  0x00000268ca392754: ;   {runtime_call ic_miss_stub}
  0x00000268ca392754: 0f85 26c0 | 2c07 660f | 1f44 0000 
[Verified Entry Point]
  0x00000268ca392760: 8984 2400 | 80ff ff55 | 4883 ec70 | 4181 7f20 | 0300 0000 

  0x00000268ca392774: ;   {runtime_call StubRoutines (final stubs)}
  0x00000268ca392774: 7405 e825 

  0x00000268ca392778: ;   {metadata(method data for {method} {0x00000268de04e0e8} 'defineClass' '(Ljava/lang/String;[BIILjava/security/CodeSource;)Ljava/lang/Class;' in 'java/security/SecureClassLoader')}
  0x00000268ca392778: 3d2b 0748 | bb90 0117 | f368 0200 | 008b 83cc | 0000 0083 | c002 8983 | cc00 0000 | 25fe 0700 
  0x00000268ca392798: 0085 c00f | 8496 0000 | 0089 7424 | 5c89 7c24 | 584c 894c | 2450 4c89 | 4424 4848 

  0x00000268ca3927b4: ;   {metadata(method data for {method} {0x00000268de04e0e8} 'defineClass' '(Ljava/lang/String;[BIILjava/security/CodeSource;)Ljava/lang/Class;' in 'java/security/SecureClassLoader')}
  0x00000268ca3927b4: 8bda 48b8 | 9001 17f3 | 6802 0000 | 4883 8010 | 0100 0001 | 4c8b c148 | 8bc2 488b | d048 8944 
  0x00000268ca3927d4: ;   {optimized virtual_call}
  0x00000268ca3927d4: 2440 90e8 

  0x00000268ca3927d8: ; ImmutableOopMap {[64]=Oop [72]=Oop [80]=Oop }
                      ;*invokevirtual getProtectionDomain {reexecute=0 rethrow=0 return_oop=0}
                      ; - java.security.SecureClassLoader::defineClass@9
  0x00000268ca3927d8: c4fd feff 

  0x00000268ca3927dc: ;   {other}
  0x00000268ca3927dc: 0f1f 8400 | 4c02 0000 | 488b 5424 

  0x00000268ca3927e8: ;   {metadata(method data for {method} {0x00000268de04e0e8} 'defineClass' '(Ljava/lang/String;[BIILjava/security/CodeSource;)Ljava/lang/Class;' in 'java/security/SecureClassLoader')}
  0x00000268ca3927e8: 4049 b890 | 0117 f368 | 0200 0049 | 8380 4801 | 0000 014c | 8b44 2448 | 4c8b 4c24 | 508b 7c24 
  0x00000268ca392808: 588b 7424 | 5c48 8bc8 | 488b 5424 

  0x00000268ca392814: ;   {optimized virtual_call}
  0x00000268ca392814: 4066 90e8 

  0x00000268ca392818: ; ImmutableOopMap {}
                      ;*invokevirtual defineClass {reexecute=0 rethrow=0 return_oop=0}
                      ; - java.security.SecureClassLoader::defineClass@12
  0x00000268ca392818: a422 ffff 

  0x00000268ca39281c: ;   {other}
  0x00000268ca39281c: 0f1f 8400 | 8c02 0001 | 4883 c470 

  0x00000268ca392828: ;   {poll_return}
  0x00000268ca392828: 5d49 3ba7 | 5004 0000 | 0f87 2200 

  0x00000268ca392834: ;   {metadata({method} {0x00000268de04e0e8} 'defineClass' '(Ljava/lang/String;[BIILjava/security/CodeSource;)Ljava/lang/Class;' in 'java/security/SecureClassLoader')}
  0x00000268ca392834: 0000 c349 | bae0 e004 | de68 0200 | 004c 8954 | 2408 48c7 | 0424 ffff 

  0x00000268ca39284c: ;   {runtime_call counter_overflow Runtime1 stub}
  0x00000268ca39284c: ffff e82d 

  0x00000268ca392850: ; ImmutableOopMap {rdx=Oop r8=Oop r9=Oop rcx=Oop }
                      ;*synchronization entry
                      ; - java.security.SecureClassLoader::defineClass@-1
  0x00000268ca392850: 6a3a 07e9 | 49ff ffff 

  0x00000268ca392858: ;   {internal_word}
  0x00000268ca392858: 49ba 2928 | 39ca 6802 | 0000 4d89 | 9768 0400 

  0x00000268ca392868: ;   {runtime_call SafepointBlob}
  0x00000268ca392868: 00e9 122c | 2d07 498b | 8700 0500 | 0049 c787 | 0005 0000 | 0000 0000 | 49c7 8708 | 0500 0000 
  0x00000268ca392888: 0000 0048 | 83c4 705d 

  0x00000268ca392890: ;   {runtime_call unwind_exception Runtime1 stub}
  0x00000268ca392890: e9eb 093a | 07f4 f4f4 
[Stub Code]
  0x00000268ca392898: ;   {no_reloc}
  0x00000268ca392898: 48bb 0000 | 0000 0000 

  0x00000268ca3928a0: ;   {runtime_call nmethod}
  0x00000268ca3928a0: 0000 e9fb 

  0x00000268ca3928a4: ;   {static_stub}
  0x00000268ca3928a4: ffff ff48 | bb00 0000 | 0000 0000 

  0x00000268ca3928b0: ;   {runtime_call nmethod}
  0x00000268ca3928b0: 00e9 fbff 

  0x00000268ca3928b4: ;   {runtime_call handle_exception_from_callee Runtime1 stub}
  0x00000268ca3928b4: ffff e8c5 

  0x00000268ca3928b8: ;   {external_word}
  0x00000268ca3928b8: 363a 0748 | b950 6351 | 82fd 7f00 | 0048 83e4 

  0x00000268ca3928c8: ;   {runtime_call}
  0x00000268ca3928c8: f048 b8c0 | c913 82fd | 7f00 00ff 

  0x00000268ca3928d4: ;   {section_word}
  0x00000268ca3928d4: d0f4 49ba | d628 39ca | 6802 0000 

  0x00000268ca3928e0: ;   {runtime_call DeoptimizationBlob}
  0x00000268ca3928e0: 4152 e939 | 1e2d 07f4 
[/MachCode]


---------------  P R O C E S S  ---------------

Threads class SMR info:
_java_thread_list=0x00000268fa7bb6c0, length=29, elements={
0x00000268c6fc2b90, 0x00000268dd42f120, 0x00000268dd431b90, 0x00000268dd435e90,
0x00000268dd4368f0, 0x00000268dd437350, 0x00000268dd437db0, 0x00000268dd438b40,
0x00000268dd46ef40, 0x00000268dd610090, 0x00000268dd716460, 0x00000268f7a3c5c0,
0x00000268f8b3ea50, 0x00000268f7ad1100, 0x00000268f87aec50, 0x00000268f87af2c0,
0x00000268f88d0560, 0x00000268f8957640, 0x00000268f87968f0, 0x00000268f8794190,
0x00000268f8796260, 0x00000268f8794eb0, 0x00000268f8797610, 0x00000268f8795540,
0x00000268f8795bd0, 0x00000268f9147020, 0x00000268f9149780, 0x00000268f9149e10,
0x00000268f914b1c0
}

Java Threads: ( => current thread )
  0x00000268c6fc2b90 JavaThread "main"                              [_thread_blocked, id=29000, stack(0x00000084b7f00000,0x00000084b8000000) (1024K)]
  0x00000268dd42f120 JavaThread "Reference Handler"          daemon [_thread_blocked, id=34884, stack(0x00000084b8700000,0x00000084b8800000) (1024K)]
  0x00000268dd431b90 JavaThread "Finalizer"                  daemon [_thread_blocked, id=22420, stack(0x00000084b8800000,0x00000084b8900000) (1024K)]
  0x00000268dd435e90 JavaThread "Signal Dispatcher"          daemon [_thread_blocked, id=22956, stack(0x00000084b8900000,0x00000084b8a00000) (1024K)]
  0x00000268dd4368f0 JavaThread "Attach Listener"            daemon [_thread_blocked, id=32076, stack(0x00000084b8a00000,0x00000084b8b00000) (1024K)]
  0x00000268dd437350 JavaThread "Service Thread"             daemon [_thread_blocked, id=22736, stack(0x00000084b8b00000,0x00000084b8c00000) (1024K)]
  0x00000268dd437db0 JavaThread "Monitor Deflation Thread"   daemon [_thread_blocked, id=35976, stack(0x00000084b8c00000,0x00000084b8d00000) (1024K)]
  0x00000268dd438b40 JavaThread "C2 CompilerThread0"         daemon [_thread_blocked, id=33588, stack(0x00000084b8d00000,0x00000084b8e00000) (1024K)]
  0x00000268dd46ef40 JavaThread "C1 CompilerThread0"         daemon [_thread_blocked, id=2940, stack(0x00000084b8e00000,0x00000084b8f00000) (1024K)]
  0x00000268dd610090 JavaThread "Common-Cleaner"             daemon [_thread_blocked, id=26412, stack(0x00000084b9200000,0x00000084b9300000) (1024K)]
  0x00000268dd716460 JavaThread "Notification Thread"        daemon [_thread_blocked, id=37772, stack(0x00000084b9300000,0x00000084b9400000) (1024K)]
  0x00000268f7a3c5c0 JavaThread "Daemon health stats"               [_thread_blocked, id=19040, stack(0x00000084b9800000,0x00000084b9900000) (1024K)]
  0x00000268f8b3ea50 JavaThread "Incoming local TCP Connector on port 57057"        [_thread_in_native, id=30056, stack(0x00000084b7d00000,0x00000084b7e00000) (1024K)]
  0x00000268f7ad1100 JavaThread "Daemon periodic checks"            [_thread_blocked, id=32308, stack(0x00000084b9700000,0x00000084b9800000) (1024K)]
  0x00000268f87aec50 JavaThread "Daemon"                            [_thread_blocked, id=16448, stack(0x00000084b9a00000,0x00000084b9b00000) (1024K)]
  0x00000268f87af2c0 JavaThread "Handler for socket connection from /127.0.0.1:57057 to /127.0.0.1:57204"        [_thread_in_native, id=25080, stack(0x00000084b9b00000,0x00000084b9c00000) (1024K)]
  0x00000268f88d0560 JavaThread "Cancel handler"                    [_thread_blocked, id=39576, stack(0x00000084b9600000,0x00000084b9700000) (1024K)]
=>0x00000268f8957640 JavaThread "Daemon worker"                     [_thread_in_vm, id=34768, stack(0x00000084b9c00000,0x00000084b9d00000) (1024K)]
  0x00000268f87968f0 JavaThread "Asynchronous log dispatcher for DefaultDaemonConnection: socket connection from /127.0.0.1:57057 to /127.0.0.1:57204"        [_thread_blocked, id=38176, stack(0x00000084b9d00000,0x00000084b9e00000) (1024K)]
  0x00000268f8794190 JavaThread "Stdin handler"                     [_thread_blocked, id=38400, stack(0x00000084b9e00000,0x00000084b9f00000) (1024K)]
  0x00000268f8796260 JavaThread "Daemon client event forwarder"        [_thread_blocked, id=22436, stack(0x00000084b9f00000,0x00000084ba000000) (1024K)]
  0x00000268f8794eb0 JavaThread "Cache worker for journal cache (C:\Users\chae0\.gradle\caches\journal-1)"        [_thread_blocked, id=39796, stack(0x00000084ba900000,0x00000084baa00000) (1024K)]
  0x00000268f8797610 JavaThread "File lock request listener"        [_thread_in_native, id=31496, stack(0x00000084baa00000,0x00000084bab00000) (1024K)]
  0x00000268f8795540 JavaThread "File lock release action executor"        [_thread_blocked, id=14288, stack(0x00000084bac00000,0x00000084bad00000) (1024K)]
  0x00000268f8795bd0 JavaThread "Cache worker for file hash cache (C:\Users\chae0\.gradle\caches\9.4.1\fileHashes)"        [_thread_blocked, id=14372, stack(0x00000084bab00000,0x00000084bac00000) (1024K)]
  0x00000268f9147020 JavaThread "Cache worker for file hash cache (C:\qring-backend\.gradle\9.4.1\fileHashes)"        [_thread_blocked, id=16524, stack(0x00000084b7c00000,0x00000084b7d00000) (1024K)]
  0x00000268f9149780 JavaThread "Cache worker for Build Output Cleanup Cache (C:\qring-backend\.gradle\buildOutputCleanup)"        [_thread_blocked, id=33632, stack(0x00000084b7e00000,0x00000084b7f00000) (1024K)]
  0x00000268f9149e10 JavaThread "File watcher server"        daemon [_thread_in_native, id=15424, stack(0x00000084b9900000,0x00000084b9a00000) (1024K)]
  0x00000268f914b1c0 JavaThread "File watcher consumer"      daemon [_thread_blocked, id=11280, stack(0x00000084bad00000,0x00000084bae00000) (1024K)]
Total: 29

Other Threads:
  0x00000268dd40e7a0 VMThread "VM Thread"                           [id=39528, stack(0x00000084b8600000,0x00000084b8700000) (1024K)] _threads_hazard_ptr=0x00000268fa7bb6c0
  0x00000268dd3ff550 WatcherThread "VM Periodic Task Thread"        [id=16528, stack(0x00000084b8500000,0x00000084b8600000) (1024K)]
  0x00000268c6fee230 WorkerThread "GC Thread#0"                     [id=25116, stack(0x00000084b8000000,0x00000084b8100000) (1024K)]
  0x00000268f7077dc0 WorkerThread "GC Thread#1"                     [id=32992, stack(0x00000084b8f00000,0x00000084b9000000) (1024K)]
  0x00000268f7078170 WorkerThread "GC Thread#2"                     [id=15580, stack(0x00000084b9000000,0x00000084b9100000) (1024K)]
  0x00000268f7077660 WorkerThread "GC Thread#3"                     [id=28036, stack(0x00000084b9100000,0x00000084b9200000) (1024K)]
  0x00000268f7078520 WorkerThread "GC Thread#4"                     [id=30348, stack(0x00000084b9400000,0x00000084b9500000) (1024K)]
  0x00000268f70788d0 WorkerThread "GC Thread#5"                     [id=24112, stack(0x00000084b9500000,0x00000084b9600000) (1024K)]
  0x00000268f7d69110 WorkerThread "GC Thread#6"                     [id=24152, stack(0x00000084ba200000,0x00000084ba300000) (1024K)]
  0x00000268f7d68250 WorkerThread "GC Thread#7"                     [id=37992, stack(0x00000084ba300000,0x00000084ba400000) (1024K)]
  0x00000268f7d69c20 WorkerThread "GC Thread#8"                     [id=9884, stack(0x00000084ba400000,0x00000084ba500000) (1024K)]
  0x00000268f7d67ea0 WorkerThread "GC Thread#9"                     [id=35160, stack(0x00000084ba500000,0x00000084ba600000) (1024K)]
  0x00000268f7d66fe0 WorkerThread "GC Thread#10"                    [id=37384, stack(0x00000084ba600000,0x00000084ba700000) (1024K)]
  0x00000268f7d6a730 WorkerThread "GC Thread#11"                    [id=15920, stack(0x00000084ba700000,0x00000084ba800000) (1024K)]
  0x00000268f7d6aae0 WorkerThread "GC Thread#12"                    [id=22612, stack(0x00000084ba800000,0x00000084ba900000) (1024K)]
  0x00000268c6ff3130 ConcurrentGCThread "G1 Main Marker"            [id=19676, stack(0x00000084b8100000,0x00000084b8200000) (1024K)]
  0x00000268c6ff3b50 WorkerThread "G1 Conc#0"                       [id=29352, stack(0x00000084b8200000,0x00000084b8300000) (1024K)]
  0x00000268f7d694c0 WorkerThread "G1 Conc#1"                       [id=20488, stack(0x00000084ba000000,0x00000084ba100000) (1024K)]
  0x00000268f7d69870 WorkerThread "G1 Conc#2"                       [id=37972, stack(0x00000084ba100000,0x00000084ba200000) (1024K)]
  0x00000268dd2cb230 ConcurrentGCThread "G1 Refine#0"               [id=3512, stack(0x00000084b8300000,0x00000084b8400000) (1024K)]
  0x00000268dd2ccb40 ConcurrentGCThread "G1 Service"                [id=28264, stack(0x00000084b8400000,0x00000084b8500000) (1024K)]
Total: 21

Threads with active compile tasks:
Total: 0

VM state: synchronizing (normal execution)

VM Mutex/Monitor currently owned by a thread:  ([mutex/lock_event])
[0x00007ffd827cd530] Metaspace_lock - owner thread: 0x00000268f8957640
[0x00007ffd827cf5b0] Threads_lock - owner thread: 0x00000268dd40e7a0

Heap address: 0x00000000e0000000, size: 512 MB, Compressed Oops mode: 32-bit

CDS archive(s) mapped at: [0x00000268de000000-0x00000268deba0000-0x00000268deba0000), size 12189696, SharedBaseAddress: 0x00000268de000000, ArchiveRelocationMode: 1.
Compressed class space mapped at: 0x00000268df000000-0x00000268f3000000, reserved size: 335544320
Narrow klass base: 0x00000268de000000, Narrow klass shift: 0, Narrow klass range: 0x100000000

GC Precious Log:
 CardTable entry size: 512
 Card Set container configuration: InlinePtr #cards 5 size 8 Array Of Cards #cards 12 size 40 Howl #buckets 4 coarsen threshold 1843 Howl Bitmap #cards 512 size 80 coarsen threshold 460 Card regions per heap region 1 cards per card region 2048
 CPUs: 16 total, 16 available
 Memory: 16066M
 Large Page Support: Disabled
 NUMA Support: Disabled
 Compressed Oops: Enabled (32-bit)
 Heap Region Size: 1M
 Heap Min Capacity: 256M
 Heap Initial Capacity: 256M
 Heap Max Capacity: 512M
 Pre-touch: Disabled
 Parallel Workers: 13
 Concurrent Workers: 3
 Concurrent Refinement Workers: 13
 Periodic GC: Disabled

Heap:
 garbage-first heap   total 262144K, used 71646K [0x00000000e0000000, 0x0000000100000000)
  region size 1024K, 49 young (50176K), 3 survivors (3072K)
 Metaspace       used 26980K, committed 27904K, reserved 393216K
  class space    used 3872K, committed 4352K, reserved 327680K

Heap Regions: E=young(eden), S=young(survivor), O=old, HS=humongous(starts), HC=humongous(continues), CS=collection set, F=free, TAMS=top-at-mark-start, PB=parsable bottom
|   0|0x00000000e0000000, 0x00000000e0100000, 0x00000000e0100000|100%|HS|  |TAMS 0x00000000e0000000| PB 0x00000000e0000000| Complete 
|   1|0x00000000e0100000, 0x00000000e0200000, 0x00000000e0200000|100%|HC|  |TAMS 0x00000000e0100000| PB 0x00000000e0100000| Complete 
|   2|0x00000000e0200000, 0x00000000e0300000, 0x00000000e0300000|100%|HC|  |TAMS 0x00000000e0200000| PB 0x00000000e0200000| Complete 
|   3|0x00000000e0300000, 0x00000000e0400000, 0x00000000e0400000|100%|HC|  |TAMS 0x00000000e0300000| PB 0x00000000e0300000| Complete 
|   4|0x00000000e0400000, 0x00000000e0500000, 0x00000000e0500000|100%| O|  |TAMS 0x00000000e0400000| PB 0x00000000e0400000| Untracked 
|   5|0x00000000e0500000, 0x00000000e0600000, 0x00000000e0600000|100%| O|  |TAMS 0x00000000e0500000| PB 0x00000000e0500000| Untracked 
|   6|0x00000000e0600000, 0x00000000e0700000, 0x00000000e0700000|100%| O|  |TAMS 0x00000000e0600000| PB 0x00000000e0600000| Untracked 
|   7|0x00000000e0700000, 0x00000000e0800000, 0x00000000e0800000|100%| O|  |TAMS 0x00000000e0700000| PB 0x00000000e0700000| Untracked 
|   8|0x00000000e0800000, 0x00000000e0900000, 0x00000000e0900000|100%|HS|  |TAMS 0x00000000e0800000| PB 0x00000000e0800000| Complete 
|   9|0x00000000e0900000, 0x00000000e0a00000, 0x00000000e0a00000|100%| O|  |TAMS 0x00000000e0900000| PB 0x00000000e0900000| Untracked 
|  10|0x00000000e0a00000, 0x00000000e0b00000, 0x00000000e0b00000|100%| O|Cm|TAMS 0x00000000e0a00000| PB 0x00000000e0a00000| Complete 
|  11|0x00000000e0b00000, 0x00000000e0c00000, 0x00000000e0c00000|100%| O|  |TAMS 0x00000000e0b00000| PB 0x00000000e0b00000| Untracked 
|  12|0x00000000e0c00000, 0x00000000e0d00000, 0x00000000e0d00000|100%| O|  |TAMS 0x00000000e0c00000| PB 0x00000000e0c00000| Untracked 
|  13|0x00000000e0d00000, 0x00000000e0e00000, 0x00000000e0e00000|100%|HS|  |TAMS 0x00000000e0d00000| PB 0x00000000e0d00000| Complete 
|  14|0x00000000e0e00000, 0x00000000e0e00000, 0x00000000e0f00000|  0%| F|  |TAMS 0x00000000e0e00000| PB 0x00000000e0e00000| Untracked 
|  15|0x00000000e0f00000, 0x00000000e1000000, 0x00000000e1000000|100%| O|  |TAMS 0x00000000e0f00000| PB 0x00000000e0f00000| Untracked 
|  16|0x00000000e1000000, 0x00000000e1100000, 0x00000000e1100000|100%| O|  |TAMS 0x00000000e1000000| PB 0x00000000e1000000| Untracked 
|  17|0x00000000e1100000, 0x00000000e1200000, 0x00000000e1200000|100%| O|  |TAMS 0x00000000e1100000| PB 0x00000000e1100000| Untracked 
|  18|0x00000000e1200000, 0x00000000e1300000, 0x00000000e1300000|100%| O|  |TAMS 0x00000000e1200000| PB 0x00000000e1200000| Untracked 
|  19|0x00000000e1300000, 0x00000000e1400000, 0x00000000e1400000|100%| O|  |TAMS 0x00000000e1300000| PB 0x00000000e1300000| Untracked 
|  20|0x00000000e1400000, 0x00000000e1500000, 0x00000000e1500000|100%| O|  |TAMS 0x00000000e1400000| PB 0x00000000e1400000| Untracked 
|  21|0x00000000e1500000, 0x00000000e1600000, 0x00000000e1600000|100%| O|  |TAMS 0x00000000e1500000| PB 0x00000000e1500000| Untracked 
|  22|0x00000000e1600000, 0x00000000e1700000, 0x00000000e1700000|100%| O|  |TAMS 0x00000000e1600000| PB 0x00000000e1600000| Untracked 
|  23|0x00000000e1700000, 0x00000000e1735700, 0x00000000e1800000| 20%| O|  |TAMS 0x00000000e1700000| PB 0x00000000e1700000| Untracked 
|  24|0x00000000e1800000, 0x00000000e1800000, 0x00000000e1900000|  0%| F|  |TAMS 0x00000000e1800000| PB 0x00000000e1800000| Untracked 
|  25|0x00000000e1900000, 0x00000000e1900000, 0x00000000e1a00000|  0%| F|  |TAMS 0x00000000e1900000| PB 0x00000000e1900000| Untracked 
|  26|0x00000000e1a00000, 0x00000000e1a00000, 0x00000000e1b00000|  0%| F|  |TAMS 0x00000000e1a00000| PB 0x00000000e1a00000| Untracked 
|  27|0x00000000e1b00000, 0x00000000e1b00000, 0x00000000e1c00000|  0%| F|  |TAMS 0x00000000e1b00000| PB 0x00000000e1b00000| Untracked 
|  28|0x00000000e1c00000, 0x00000000e1c00000, 0x00000000e1d00000|  0%| F|  |TAMS 0x00000000e1c00000| PB 0x00000000e1c00000| Untracked 
|  29|0x00000000e1d00000, 0x00000000e1d00000, 0x00000000e1e00000|  0%| F|  |TAMS 0x00000000e1d00000| PB 0x00000000e1d00000| Untracked 
|  30|0x00000000e1e00000, 0x00000000e1e00000, 0x00000000e1f00000|  0%| F|  |TAMS 0x00000000e1e00000| PB 0x00000000e1e00000| Untracked 
|  31|0x00000000e1f00000, 0x00000000e1f00000, 0x00000000e2000000|  0%| F|  |TAMS 0x00000000e1f00000| PB 0x00000000e1f00000| Untracked 
|  32|0x00000000e2000000, 0x00000000e2000000, 0x00000000e2100000|  0%| F|  |TAMS 0x00000000e2000000| PB 0x00000000e2000000| Untracked 
|  33|0x00000000e2100000, 0x00000000e2100000, 0x00000000e2200000|  0%| F|  |TAMS 0x00000000e2100000| PB 0x00000000e2100000| Untracked 
|  34|0x00000000e2200000, 0x00000000e2200000, 0x00000000e2300000|  0%| F|  |TAMS 0x00000000e2200000| PB 0x00000000e2200000| Untracked 
|  35|0x00000000e2300000, 0x00000000e2300000, 0x00000000e2400000|  0%| F|  |TAMS 0x00000000e2300000| PB 0x00000000e2300000| Untracked 
|  36|0x00000000e2400000, 0x00000000e2400000, 0x00000000e2500000|  0%| F|  |TAMS 0x00000000e2400000| PB 0x00000000e2400000| Untracked 
|  37|0x00000000e2500000, 0x00000000e2500000, 0x00000000e2600000|  0%| F|  |TAMS 0x00000000e2500000| PB 0x00000000e2500000| Untracked 
|  38|0x00000000e2600000, 0x00000000e2600000, 0x00000000e2700000|  0%| F|  |TAMS 0x00000000e2600000| PB 0x00000000e2600000| Untracked 
|  39|0x00000000e2700000, 0x00000000e2700000, 0x00000000e2800000|  0%| F|  |TAMS 0x00000000e2700000| PB 0x00000000e2700000| Untracked 
|  40|0x00000000e2800000, 0x00000000e2800000, 0x00000000e2900000|  0%| F|  |TAMS 0x00000000e2800000| PB 0x00000000e2800000| Untracked 
|  41|0x00000000e2900000, 0x00000000e2900000, 0x00000000e2a00000|  0%| F|  |TAMS 0x00000000e2900000| PB 0x00000000e2900000| Untracked 
|  42|0x00000000e2a00000, 0x00000000e2a00000, 0x00000000e2b00000|  0%| F|  |TAMS 0x00000000e2a00000| PB 0x00000000e2a00000| Untracked 
|  43|0x00000000e2b00000, 0x00000000e2b00000, 0x00000000e2c00000|  0%| F|  |TAMS 0x00000000e2b00000| PB 0x00000000e2b00000| Untracked 
|  44|0x00000000e2c00000, 0x00000000e2c00000, 0x00000000e2d00000|  0%| F|  |TAMS 0x00000000e2c00000| PB 0x00000000e2c00000| Untracked 
|  45|0x00000000e2d00000, 0x00000000e2d00000, 0x00000000e2e00000|  0%| F|  |TAMS 0x00000000e2d00000| PB 0x00000000e2d00000| Untracked 
|  46|0x00000000e2e00000, 0x00000000e2e00000, 0x00000000e2f00000|  0%| F|  |TAMS 0x00000000e2e00000| PB 0x00000000e2e00000| Untracked 
|  47|0x00000000e2f00000, 0x00000000e2f00000, 0x00000000e3000000|  0%| F|  |TAMS 0x00000000e2f00000| PB 0x00000000e2f00000| Untracked 
|  48|0x00000000e3000000, 0x00000000e3000000, 0x00000000e3100000|  0%| F|  |TAMS 0x00000000e3000000| PB 0x00000000e3000000| Untracked 
|  49|0x00000000e3100000, 0x00000000e3100000, 0x00000000e3200000|  0%| F|  |TAMS 0x00000000e3100000| PB 0x00000000e3100000| Untracked 
|  50|0x00000000e3200000, 0x00000000e3200000, 0x00000000e3300000|  0%| F|  |TAMS 0x00000000e3200000| PB 0x00000000e3200000| Untracked 
|  51|0x00000000e3300000, 0x00000000e3300000, 0x00000000e3400000|  0%| F|  |TAMS 0x00000000e3300000| PB 0x00000000e3300000| Untracked 
|  52|0x00000000e3400000, 0x00000000e3400000, 0x00000000e3500000|  0%| F|  |TAMS 0x00000000e3400000| PB 0x00000000e3400000| Untracked 
|  53|0x00000000e3500000, 0x00000000e3500000, 0x00000000e3600000|  0%| F|  |TAMS 0x00000000e3500000| PB 0x00000000e3500000| Untracked 
|  54|0x00000000e3600000, 0x00000000e3600000, 0x00000000e3700000|  0%| F|  |TAMS 0x00000000e3600000| PB 0x00000000e3600000| Untracked 
|  55|0x00000000e3700000, 0x00000000e3700000, 0x00000000e3800000|  0%| F|  |TAMS 0x00000000e3700000| PB 0x00000000e3700000| Untracked 
|  56|0x00000000e3800000, 0x00000000e3800000, 0x00000000e3900000|  0%| F|  |TAMS 0x00000000e3800000| PB 0x00000000e3800000| Untracked 
|  57|0x00000000e3900000, 0x00000000e3900000, 0x00000000e3a00000|  0%| F|  |TAMS 0x00000000e3900000| PB 0x00000000e3900000| Untracked 
|  58|0x00000000e3a00000, 0x00000000e3a00000, 0x00000000e3b00000|  0%| F|  |TAMS 0x00000000e3a00000| PB 0x00000000e3a00000| Untracked 
|  59|0x00000000e3b00000, 0x00000000e3b00000, 0x00000000e3c00000|  0%| F|  |TAMS 0x00000000e3b00000| PB 0x00000000e3b00000| Untracked 
|  60|0x00000000e3c00000, 0x00000000e3c00000, 0x00000000e3d00000|  0%| F|  |TAMS 0x00000000e3c00000| PB 0x00000000e3c00000| Untracked 
|  61|0x00000000e3d00000, 0x00000000e3d00000, 0x00000000e3e00000|  0%| F|  |TAMS 0x00000000e3d00000| PB 0x00000000e3d00000| Untracked 
|  62|0x00000000e3e00000, 0x00000000e3e00000, 0x00000000e3f00000|  0%| F|  |TAMS 0x00000000e3e00000| PB 0x00000000e3e00000| Untracked 
|  63|0x00000000e3f00000, 0x00000000e3f00000, 0x00000000e4000000|  0%| F|  |TAMS 0x00000000e3f00000| PB 0x00000000e3f00000| Untracked 
|  64|0x00000000e4000000, 0x00000000e4000000, 0x00000000e4100000|  0%| F|  |TAMS 0x00000000e4000000| PB 0x00000000e4000000| Untracked 
|  65|0x00000000e4100000, 0x00000000e4100000, 0x00000000e4200000|  0%| F|  |TAMS 0x00000000e4100000| PB 0x00000000e4100000| Untracked 
|  66|0x00000000e4200000, 0x00000000e4200000, 0x00000000e4300000|  0%| F|  |TAMS 0x00000000e4200000| PB 0x00000000e4200000| Untracked 
|  67|0x00000000e4300000, 0x00000000e4300000, 0x00000000e4400000|  0%| F|  |TAMS 0x00000000e4300000| PB 0x00000000e4300000| Untracked 
|  68|0x00000000e4400000, 0x00000000e4400000, 0x00000000e4500000|  0%| F|  |TAMS 0x00000000e4400000| PB 0x00000000e4400000| Untracked 
|  69|0x00000000e4500000, 0x00000000e4500000, 0x00000000e4600000|  0%| F|  |TAMS 0x00000000e4500000| PB 0x00000000e4500000| Untracked 
|  70|0x00000000e4600000, 0x00000000e4600000, 0x00000000e4700000|  0%| F|  |TAMS 0x00000000e4600000| PB 0x00000000e4600000| Untracked 
|  71|0x00000000e4700000, 0x00000000e4700000, 0x00000000e4800000|  0%| F|  |TAMS 0x00000000e4700000| PB 0x00000000e4700000| Untracked 
|  72|0x00000000e4800000, 0x00000000e4800000, 0x00000000e4900000|  0%| F|  |TAMS 0x00000000e4800000| PB 0x00000000e4800000| Untracked 
|  73|0x00000000e4900000, 0x00000000e4900000, 0x00000000e4a00000|  0%| F|  |TAMS 0x00000000e4900000| PB 0x00000000e4900000| Untracked 
|  74|0x00000000e4a00000, 0x00000000e4a00000, 0x00000000e4b00000|  0%| F|  |TAMS 0x00000000e4a00000| PB 0x00000000e4a00000| Untracked 
|  75|0x00000000e4b00000, 0x00000000e4b00000, 0x00000000e4c00000|  0%| F|  |TAMS 0x00000000e4b00000| PB 0x00000000e4b00000| Untracked 
|  76|0x00000000e4c00000, 0x00000000e4c00000, 0x00000000e4d00000|  0%| F|  |TAMS 0x00000000e4c00000| PB 0x00000000e4c00000| Untracked 
|  77|0x00000000e4d00000, 0x00000000e4d00000, 0x00000000e4e00000|  0%| F|  |TAMS 0x00000000e4d00000| PB 0x00000000e4d00000| Untracked 
|  78|0x00000000e4e00000, 0x00000000e4e00000, 0x00000000e4f00000|  0%| F|  |TAMS 0x00000000e4e00000| PB 0x00000000e4e00000| Untracked 
|  79|0x00000000e4f00000, 0x00000000e4f00000, 0x00000000e5000000|  0%| F|  |TAMS 0x00000000e4f00000| PB 0x00000000e4f00000| Untracked 
|  80|0x00000000e5000000, 0x00000000e5000000, 0x00000000e5100000|  0%| F|  |TAMS 0x00000000e5000000| PB 0x00000000e5000000| Untracked 
|  81|0x00000000e5100000, 0x00000000e5100000, 0x00000000e5200000|  0%| F|  |TAMS 0x00000000e5100000| PB 0x00000000e5100000| Untracked 
|  82|0x00000000e5200000, 0x00000000e5200000, 0x00000000e5300000|  0%| F|  |TAMS 0x00000000e5200000| PB 0x00000000e5200000| Untracked 
|  83|0x00000000e5300000, 0x00000000e5300000, 0x00000000e5400000|  0%| F|  |TAMS 0x00000000e5300000| PB 0x00000000e5300000| Untracked 
|  84|0x00000000e5400000, 0x00000000e5400000, 0x00000000e5500000|  0%| F|  |TAMS 0x00000000e5400000| PB 0x00000000e5400000| Untracked 
|  85|0x00000000e5500000, 0x00000000e5500000, 0x00000000e5600000|  0%| F|  |TAMS 0x00000000e5500000| PB 0x00000000e5500000| Untracked 
|  86|0x00000000e5600000, 0x00000000e5600000, 0x00000000e5700000|  0%| F|  |TAMS 0x00000000e5600000| PB 0x00000000e5600000| Untracked 
|  87|0x00000000e5700000, 0x00000000e5700000, 0x00000000e5800000|  0%| F|  |TAMS 0x00000000e5700000| PB 0x00000000e5700000| Untracked 
|  88|0x00000000e5800000, 0x00000000e5800000, 0x00000000e5900000|  0%| F|  |TAMS 0x00000000e5800000| PB 0x00000000e5800000| Untracked 
|  89|0x00000000e5900000, 0x00000000e5900000, 0x00000000e5a00000|  0%| F|  |TAMS 0x00000000e5900000| PB 0x00000000e5900000| Untracked 
|  90|0x00000000e5a00000, 0x00000000e5a00000, 0x00000000e5b00000|  0%| F|  |TAMS 0x00000000e5a00000| PB 0x00000000e5a00000| Untracked 
|  91|0x00000000e5b00000, 0x00000000e5b00000, 0x00000000e5c00000|  0%| F|  |TAMS 0x00000000e5b00000| PB 0x00000000e5b00000| Untracked 
|  92|0x00000000e5c00000, 0x00000000e5c00000, 0x00000000e5d00000|  0%| F|  |TAMS 0x00000000e5c00000| PB 0x00000000e5c00000| Untracked 
|  93|0x00000000e5d00000, 0x00000000e5d00000, 0x00000000e5e00000|  0%| F|  |TAMS 0x00000000e5d00000| PB 0x00000000e5d00000| Untracked 
|  94|0x00000000e5e00000, 0x00000000e5e00000, 0x00000000e5f00000|  0%| F|  |TAMS 0x00000000e5e00000| PB 0x00000000e5e00000| Untracked 
|  95|0x00000000e5f00000, 0x00000000e5f00000, 0x00000000e6000000|  0%| F|  |TAMS 0x00000000e5f00000| PB 0x00000000e5f00000| Untracked 
|  96|0x00000000e6000000, 0x00000000e6000000, 0x00000000e6100000|  0%| F|  |TAMS 0x00000000e6000000| PB 0x00000000e6000000| Untracked 
|  97|0x00000000e6100000, 0x00000000e6100000, 0x00000000e6200000|  0%| F|  |TAMS 0x00000000e6100000| PB 0x00000000e6100000| Untracked 
|  98|0x00000000e6200000, 0x00000000e6200000, 0x00000000e6300000|  0%| F|  |TAMS 0x00000000e6200000| PB 0x00000000e6200000| Untracked 
|  99|0x00000000e6300000, 0x00000000e6300000, 0x00000000e6400000|  0%| F|  |TAMS 0x00000000e6300000| PB 0x00000000e6300000| Untracked 
| 100|0x00000000e6400000, 0x00000000e6400000, 0x00000000e6500000|  0%| F|  |TAMS 0x00000000e6400000| PB 0x00000000e6400000| Untracked 
| 101|0x00000000e6500000, 0x00000000e6500000, 0x00000000e6600000|  0%| F|  |TAMS 0x00000000e6500000| PB 0x00000000e6500000| Untracked 
| 102|0x00000000e6600000, 0x00000000e6600000, 0x00000000e6700000|  0%| F|  |TAMS 0x00000000e6600000| PB 0x00000000e6600000| Untracked 
| 103|0x00000000e6700000, 0x00000000e6700000, 0x00000000e6800000|  0%| F|  |TAMS 0x00000000e6700000| PB 0x00000000e6700000| Untracked 
| 104|0x00000000e6800000, 0x00000000e6800000, 0x00000000e6900000|  0%| F|  |TAMS 0x00000000e6800000| PB 0x00000000e6800000| Untracked 
| 105|0x00000000e6900000, 0x00000000e6900000, 0x00000000e6a00000|  0%| F|  |TAMS 0x00000000e6900000| PB 0x00000000e6900000| Untracked 
| 106|0x00000000e6a00000, 0x00000000e6a00000, 0x00000000e6b00000|  0%| F|  |TAMS 0x00000000e6a00000| PB 0x00000000e6a00000| Untracked 
| 107|0x00000000e6b00000, 0x00000000e6b00000, 0x00000000e6c00000|  0%| F|  |TAMS 0x00000000e6b00000| PB 0x00000000e6b00000| Untracked 
| 108|0x00000000e6c00000, 0x00000000e6c00000, 0x00000000e6d00000|  0%| F|  |TAMS 0x00000000e6c00000| PB 0x00000000e6c00000| Untracked 
| 109|0x00000000e6d00000, 0x00000000e6d00000, 0x00000000e6e00000|  0%| F|  |TAMS 0x00000000e6d00000| PB 0x00000000e6d00000| Untracked 
| 110|0x00000000e6e00000, 0x00000000e6e00000, 0x00000000e6f00000|  0%| F|  |TAMS 0x00000000e6e00000| PB 0x00000000e6e00000| Untracked 
| 111|0x00000000e6f00000, 0x00000000e6f00000, 0x00000000e7000000|  0%| F|  |TAMS 0x00000000e6f00000| PB 0x00000000e6f00000| Untracked 
| 112|0x00000000e7000000, 0x00000000e7000000, 0x00000000e7100000|  0%| F|  |TAMS 0x00000000e7000000| PB 0x00000000e7000000| Untracked 
| 113|0x00000000e7100000, 0x00000000e7100000, 0x00000000e7200000|  0%| F|  |TAMS 0x00000000e7100000| PB 0x00000000e7100000| Untracked 
| 114|0x00000000e7200000, 0x00000000e7200000, 0x00000000e7300000|  0%| F|  |TAMS 0x00000000e7200000| PB 0x00000000e7200000| Untracked 
| 115|0x00000000e7300000, 0x00000000e7300000, 0x00000000e7400000|  0%| F|  |TAMS 0x00000000e7300000| PB 0x00000000e7300000| Untracked 
| 116|0x00000000e7400000, 0x00000000e7400000, 0x00000000e7500000|  0%| F|  |TAMS 0x00000000e7400000| PB 0x00000000e7400000| Untracked 
| 117|0x00000000e7500000, 0x00000000e7500000, 0x00000000e7600000|  0%| F|  |TAMS 0x00000000e7500000| PB 0x00000000e7500000| Untracked 
| 118|0x00000000e7600000, 0x00000000e7600000, 0x00000000e7700000|  0%| F|  |TAMS 0x00000000e7600000| PB 0x00000000e7600000| Untracked 
| 119|0x00000000e7700000, 0x00000000e7700000, 0x00000000e7800000|  0%| F|  |TAMS 0x00000000e7700000| PB 0x00000000e7700000| Untracked 
| 120|0x00000000e7800000, 0x00000000e7800000, 0x00000000e7900000|  0%| F|  |TAMS 0x00000000e7800000| PB 0x00000000e7800000| Untracked 
| 121|0x00000000e7900000, 0x00000000e7900000, 0x00000000e7a00000|  0%| F|  |TAMS 0x00000000e7900000| PB 0x00000000e7900000| Untracked 
| 122|0x00000000e7a00000, 0x00000000e7a00000, 0x00000000e7b00000|  0%| F|  |TAMS 0x00000000e7a00000| PB 0x00000000e7a00000| Untracked 
| 123|0x00000000e7b00000, 0x00000000e7b00000, 0x00000000e7c00000|  0%| F|  |TAMS 0x00000000e7b00000| PB 0x00000000e7b00000| Untracked 
| 124|0x00000000e7c00000, 0x00000000e7c00000, 0x00000000e7d00000|  0%| F|  |TAMS 0x00000000e7c00000| PB 0x00000000e7c00000| Untracked 
| 125|0x00000000e7d00000, 0x00000000e7d00000, 0x00000000e7e00000|  0%| F|  |TAMS 0x00000000e7d00000| PB 0x00000000e7d00000| Untracked 
| 126|0x00000000e7e00000, 0x00000000e7e00000, 0x00000000e7f00000|  0%| F|  |TAMS 0x00000000e7e00000| PB 0x00000000e7e00000| Untracked 
| 127|0x00000000e7f00000, 0x00000000e7f00000, 0x00000000e8000000|  0%| F|  |TAMS 0x00000000e7f00000| PB 0x00000000e7f00000| Untracked 
| 128|0x00000000e8000000, 0x00000000e8000000, 0x00000000e8100000|  0%| F|  |TAMS 0x00000000e8000000| PB 0x00000000e8000000| Untracked 
| 129|0x00000000e8100000, 0x00000000e8100000, 0x00000000e8200000|  0%| F|  |TAMS 0x00000000e8100000| PB 0x00000000e8100000| Untracked 
| 130|0x00000000e8200000, 0x00000000e8200000, 0x00000000e8300000|  0%| F|  |TAMS 0x00000000e8200000| PB 0x00000000e8200000| Untracked 
| 131|0x00000000e8300000, 0x00000000e8300000, 0x00000000e8400000|  0%| F|  |TAMS 0x00000000e8300000| PB 0x00000000e8300000| Untracked 
| 132|0x00000000e8400000, 0x00000000e8400000, 0x00000000e8500000|  0%| F|  |TAMS 0x00000000e8400000| PB 0x00000000e8400000| Untracked 
| 133|0x00000000e8500000, 0x00000000e8500000, 0x00000000e8600000|  0%| F|  |TAMS 0x00000000e8500000| PB 0x00000000e8500000| Untracked 
| 134|0x00000000e8600000, 0x00000000e8600000, 0x00000000e8700000|  0%| F|  |TAMS 0x00000000e8600000| PB 0x00000000e8600000| Untracked 
| 135|0x00000000e8700000, 0x00000000e8700000, 0x00000000e8800000|  0%| F|  |TAMS 0x00000000e8700000| PB 0x00000000e8700000| Untracked 
| 136|0x00000000e8800000, 0x00000000e8800000, 0x00000000e8900000|  0%| F|  |TAMS 0x00000000e8800000| PB 0x00000000e8800000| Untracked 
| 137|0x00000000e8900000, 0x00000000e8900000, 0x00000000e8a00000|  0%| F|  |TAMS 0x00000000e8900000| PB 0x00000000e8900000| Untracked 
| 138|0x00000000e8a00000, 0x00000000e8a00000, 0x00000000e8b00000|  0%| F|  |TAMS 0x00000000e8a00000| PB 0x00000000e8a00000| Untracked 
| 139|0x00000000e8b00000, 0x00000000e8b00000, 0x00000000e8c00000|  0%| F|  |TAMS 0x00000000e8b00000| PB 0x00000000e8b00000| Untracked 
| 140|0x00000000e8c00000, 0x00000000e8c00000, 0x00000000e8d00000|  0%| F|  |TAMS 0x00000000e8c00000| PB 0x00000000e8c00000| Untracked 
| 141|0x00000000e8d00000, 0x00000000e8d00000, 0x00000000e8e00000|  0%| F|  |TAMS 0x00000000e8d00000| PB 0x00000000e8d00000| Untracked 
| 142|0x00000000e8e00000, 0x00000000e8e00000, 0x00000000e8f00000|  0%| F|  |TAMS 0x00000000e8e00000| PB 0x00000000e8e00000| Untracked 
| 143|0x00000000e8f00000, 0x00000000e8f00000, 0x00000000e9000000|  0%| F|  |TAMS 0x00000000e8f00000| PB 0x00000000e8f00000| Untracked 
| 144|0x00000000e9000000, 0x00000000e9000000, 0x00000000e9100000|  0%| F|  |TAMS 0x00000000e9000000| PB 0x00000000e9000000| Untracked 
| 145|0x00000000e9100000, 0x00000000e9100000, 0x00000000e9200000|  0%| F|  |TAMS 0x00000000e9100000| PB 0x00000000e9100000| Untracked 
| 146|0x00000000e9200000, 0x00000000e9200000, 0x00000000e9300000|  0%| F|  |TAMS 0x00000000e9200000| PB 0x00000000e9200000| Untracked 
| 147|0x00000000e9300000, 0x00000000e9300000, 0x00000000e9400000|  0%| F|  |TAMS 0x00000000e9300000| PB 0x00000000e9300000| Untracked 
| 148|0x00000000e9400000, 0x00000000e9400000, 0x00000000e9500000|  0%| F|  |TAMS 0x00000000e9400000| PB 0x00000000e9400000| Untracked 
| 149|0x00000000e9500000, 0x00000000e9500000, 0x00000000e9600000|  0%| F|  |TAMS 0x00000000e9500000| PB 0x00000000e9500000| Untracked 
| 150|0x00000000e9600000, 0x00000000e9600000, 0x00000000e9700000|  0%| F|  |TAMS 0x00000000e9600000| PB 0x00000000e9600000| Untracked 
| 151|0x00000000e9700000, 0x00000000e9700000, 0x00000000e9800000|  0%| F|  |TAMS 0x00000000e9700000| PB 0x00000000e9700000| Untracked 
| 152|0x00000000e9800000, 0x00000000e9800000, 0x00000000e9900000|  0%| F|  |TAMS 0x00000000e9800000| PB 0x00000000e9800000| Untracked 
| 153|0x00000000e9900000, 0x00000000e9900000, 0x00000000e9a00000|  0%| F|  |TAMS 0x00000000e9900000| PB 0x00000000e9900000| Untracked 
| 154|0x00000000e9a00000, 0x00000000e9a00000, 0x00000000e9b00000|  0%| F|  |TAMS 0x00000000e9a00000| PB 0x00000000e9a00000| Untracked 
| 155|0x00000000e9b00000, 0x00000000e9b00000, 0x00000000e9c00000|  0%| F|  |TAMS 0x00000000e9b00000| PB 0x00000000e9b00000| Untracked 
| 156|0x00000000e9c00000, 0x00000000e9c00000, 0x00000000e9d00000|  0%| F|  |TAMS 0x00000000e9c00000| PB 0x00000000e9c00000| Untracked 
| 157|0x00000000e9d00000, 0x00000000e9d00000, 0x00000000e9e00000|  0%| F|  |TAMS 0x00000000e9d00000| PB 0x00000000e9d00000| Untracked 
| 158|0x00000000e9e00000, 0x00000000e9e00000, 0x00000000e9f00000|  0%| F|  |TAMS 0x00000000e9e00000| PB 0x00000000e9e00000| Untracked 
| 159|0x00000000e9f00000, 0x00000000e9f00000, 0x00000000ea000000|  0%| F|  |TAMS 0x00000000e9f00000| PB 0x00000000e9f00000| Untracked 
| 160|0x00000000ea000000, 0x00000000ea000000, 0x00000000ea100000|  0%| F|  |TAMS 0x00000000ea000000| PB 0x00000000ea000000| Untracked 
| 161|0x00000000ea100000, 0x00000000ea100000, 0x00000000ea200000|  0%| F|  |TAMS 0x00000000ea100000| PB 0x00000000ea100000| Untracked 
| 162|0x00000000ea200000, 0x00000000ea200000, 0x00000000ea300000|  0%| F|  |TAMS 0x00000000ea200000| PB 0x00000000ea200000| Untracked 
| 163|0x00000000ea300000, 0x00000000ea300000, 0x00000000ea400000|  0%| F|  |TAMS 0x00000000ea300000| PB 0x00000000ea300000| Untracked 
| 164|0x00000000ea400000, 0x00000000ea400000, 0x00000000ea500000|  0%| F|  |TAMS 0x00000000ea400000| PB 0x00000000ea400000| Untracked 
| 165|0x00000000ea500000, 0x00000000ea500000, 0x00000000ea600000|  0%| F|  |TAMS 0x00000000ea500000| PB 0x00000000ea500000| Untracked 
| 166|0x00000000ea600000, 0x00000000ea600000, 0x00000000ea700000|  0%| F|  |TAMS 0x00000000ea600000| PB 0x00000000ea600000| Untracked 
| 167|0x00000000ea700000, 0x00000000ea700000, 0x00000000ea800000|  0%| F|  |TAMS 0x00000000ea700000| PB 0x00000000ea700000| Untracked 
| 168|0x00000000ea800000, 0x00000000ea800000, 0x00000000ea900000|  0%| F|  |TAMS 0x00000000ea800000| PB 0x00000000ea800000| Untracked 
| 169|0x00000000ea900000, 0x00000000ea900000, 0x00000000eaa00000|  0%| F|  |TAMS 0x00000000ea900000| PB 0x00000000ea900000| Untracked 
| 170|0x00000000eaa00000, 0x00000000eaa00000, 0x00000000eab00000|  0%| F|  |TAMS 0x00000000eaa00000| PB 0x00000000eaa00000| Untracked 
| 171|0x00000000eab00000, 0x00000000eab00000, 0x00000000eac00000|  0%| F|  |TAMS 0x00000000eab00000| PB 0x00000000eab00000| Untracked 
| 172|0x00000000eac00000, 0x00000000eac00000, 0x00000000ead00000|  0%| F|  |TAMS 0x00000000eac00000| PB 0x00000000eac00000| Untracked 
| 173|0x00000000ead00000, 0x00000000ead00000, 0x00000000eae00000|  0%| F|  |TAMS 0x00000000ead00000| PB 0x00000000ead00000| Untracked 
| 174|0x00000000eae00000, 0x00000000eae00000, 0x00000000eaf00000|  0%| F|  |TAMS 0x00000000eae00000| PB 0x00000000eae00000| Untracked 
| 175|0x00000000eaf00000, 0x00000000eaf00000, 0x00000000eb000000|  0%| F|  |TAMS 0x00000000eaf00000| PB 0x00000000eaf00000| Untracked 
| 176|0x00000000eb000000, 0x00000000eb000000, 0x00000000eb100000|  0%| F|  |TAMS 0x00000000eb000000| PB 0x00000000eb000000| Untracked 
| 177|0x00000000eb100000, 0x00000000eb100000, 0x00000000eb200000|  0%| F|  |TAMS 0x00000000eb100000| PB 0x00000000eb100000| Untracked 
| 178|0x00000000eb200000, 0x00000000eb200000, 0x00000000eb300000|  0%| F|  |TAMS 0x00000000eb200000| PB 0x00000000eb200000| Untracked 
| 179|0x00000000eb300000, 0x00000000eb300000, 0x00000000eb400000|  0%| F|  |TAMS 0x00000000eb300000| PB 0x00000000eb300000| Untracked 
| 180|0x00000000eb400000, 0x00000000eb400000, 0x00000000eb500000|  0%| F|  |TAMS 0x00000000eb400000| PB 0x00000000eb400000| Untracked 
| 181|0x00000000eb500000, 0x00000000eb500000, 0x00000000eb600000|  0%| F|  |TAMS 0x00000000eb500000| PB 0x00000000eb500000| Untracked 
| 182|0x00000000eb600000, 0x00000000eb600000, 0x00000000eb700000|  0%| F|  |TAMS 0x00000000eb600000| PB 0x00000000eb600000| Untracked 
| 183|0x00000000eb700000, 0x00000000eb700000, 0x00000000eb800000|  0%| F|  |TAMS 0x00000000eb700000| PB 0x00000000eb700000| Untracked 
| 184|0x00000000eb800000, 0x00000000eb800000, 0x00000000eb900000|  0%| F|  |TAMS 0x00000000eb800000| PB 0x00000000eb800000| Untracked 
| 185|0x00000000eb900000, 0x00000000eb900000, 0x00000000eba00000|  0%| F|  |TAMS 0x00000000eb900000| PB 0x00000000eb900000| Untracked 
| 186|0x00000000eba00000, 0x00000000eba00000, 0x00000000ebb00000|  0%| F|  |TAMS 0x00000000eba00000| PB 0x00000000eba00000| Untracked 
| 187|0x00000000ebb00000, 0x00000000ebb00000, 0x00000000ebc00000|  0%| F|  |TAMS 0x00000000ebb00000| PB 0x00000000ebb00000| Untracked 
| 188|0x00000000ebc00000, 0x00000000ebc00000, 0x00000000ebd00000|  0%| F|  |TAMS 0x00000000ebc00000| PB 0x00000000ebc00000| Untracked 
| 189|0x00000000ebd00000, 0x00000000ebd00000, 0x00000000ebe00000|  0%| F|  |TAMS 0x00000000ebd00000| PB 0x00000000ebd00000| Untracked 
| 190|0x00000000ebe00000, 0x00000000ebe00000, 0x00000000ebf00000|  0%| F|  |TAMS 0x00000000ebe00000| PB 0x00000000ebe00000| Untracked 
| 191|0x00000000ebf00000, 0x00000000ebf00000, 0x00000000ec000000|  0%| F|  |TAMS 0x00000000ebf00000| PB 0x00000000ebf00000| Untracked 
| 192|0x00000000ec000000, 0x00000000ec000000, 0x00000000ec100000|  0%| F|  |TAMS 0x00000000ec000000| PB 0x00000000ec000000| Untracked 
| 193|0x00000000ec100000, 0x00000000ec100000, 0x00000000ec200000|  0%| F|  |TAMS 0x00000000ec100000| PB 0x00000000ec100000| Untracked 
| 194|0x00000000ec200000, 0x00000000ec200000, 0x00000000ec300000|  0%| F|  |TAMS 0x00000000ec200000| PB 0x00000000ec200000| Untracked 
| 195|0x00000000ec300000, 0x00000000ec300000, 0x00000000ec400000|  0%| F|  |TAMS 0x00000000ec300000| PB 0x00000000ec300000| Untracked 
| 196|0x00000000ec400000, 0x00000000ec400000, 0x00000000ec500000|  0%| F|  |TAMS 0x00000000ec400000| PB 0x00000000ec400000| Untracked 
| 197|0x00000000ec500000, 0x00000000ec500000, 0x00000000ec600000|  0%| F|  |TAMS 0x00000000ec500000| PB 0x00000000ec500000| Untracked 
| 198|0x00000000ec600000, 0x00000000ec600000, 0x00000000ec700000|  0%| F|  |TAMS 0x00000000ec600000| PB 0x00000000ec600000| Untracked 
| 199|0x00000000ec700000, 0x00000000ec700000, 0x00000000ec800000|  0%| F|  |TAMS 0x00000000ec700000| PB 0x00000000ec700000| Untracked 
| 200|0x00000000ec800000, 0x00000000ec800000, 0x00000000ec900000|  0%| F|  |TAMS 0x00000000ec800000| PB 0x00000000ec800000| Untracked 
| 201|0x00000000ec900000, 0x00000000ec900000, 0x00000000eca00000|  0%| F|  |TAMS 0x00000000ec900000| PB 0x00000000ec900000| Untracked 
| 202|0x00000000eca00000, 0x00000000eca00000, 0x00000000ecb00000|  0%| F|  |TAMS 0x00000000eca00000| PB 0x00000000eca00000| Untracked 
| 203|0x00000000ecb00000, 0x00000000ecb00000, 0x00000000ecc00000|  0%| F|  |TAMS 0x00000000ecb00000| PB 0x00000000ecb00000| Untracked 
| 204|0x00000000ecc00000, 0x00000000ecc00000, 0x00000000ecd00000|  0%| F|  |TAMS 0x00000000ecc00000| PB 0x00000000ecc00000| Untracked 
| 205|0x00000000ecd00000, 0x00000000ecd00000, 0x00000000ece00000|  0%| F|  |TAMS 0x00000000ecd00000| PB 0x00000000ecd00000| Untracked 
| 206|0x00000000ece00000, 0x00000000ece00000, 0x00000000ecf00000|  0%| F|  |TAMS 0x00000000ece00000| PB 0x00000000ece00000| Untracked 
| 207|0x00000000ecf00000, 0x00000000ed000000, 0x00000000ed000000|100%| E|  |TAMS 0x00000000ecf00000| PB 0x00000000ecf00000| Complete 
| 208|0x00000000ed000000, 0x00000000ed100000, 0x00000000ed100000|100%| E|CS|TAMS 0x00000000ed000000| PB 0x00000000ed000000| Complete 
| 209|0x00000000ed100000, 0x00000000ed200000, 0x00000000ed200000|100%| E|CS|TAMS 0x00000000ed100000| PB 0x00000000ed100000| Complete 
| 210|0x00000000ed200000, 0x00000000ed300000, 0x00000000ed300000|100%| E|CS|TAMS 0x00000000ed200000| PB 0x00000000ed200000| Complete 
| 211|0x00000000ed300000, 0x00000000ed400000, 0x00000000ed400000|100%| E|CS|TAMS 0x00000000ed300000| PB 0x00000000ed300000| Complete 
| 212|0x00000000ed400000, 0x00000000ed500000, 0x00000000ed500000|100%| E|CS|TAMS 0x00000000ed400000| PB 0x00000000ed400000| Complete 
| 213|0x00000000ed500000, 0x00000000ed600000, 0x00000000ed600000|100%| E|CS|TAMS 0x00000000ed500000| PB 0x00000000ed500000| Complete 
| 214|0x00000000ed600000, 0x00000000ed700000, 0x00000000ed700000|100%| E|CS|TAMS 0x00000000ed600000| PB 0x00000000ed600000| Complete 
| 215|0x00000000ed700000, 0x00000000ed7c2240, 0x00000000ed800000| 75%| S|CS|TAMS 0x00000000ed700000| PB 0x00000000ed700000| Complete 
| 216|0x00000000ed800000, 0x00000000ed900000, 0x00000000ed900000|100%| S|CS|TAMS 0x00000000ed800000| PB 0x00000000ed800000| Complete 
| 217|0x00000000ed900000, 0x00000000eda00000, 0x00000000eda00000|100%| S|CS|TAMS 0x00000000ed900000| PB 0x00000000ed900000| Complete 
| 218|0x00000000eda00000, 0x00000000edb00000, 0x00000000edb00000|100%| E|CS|TAMS 0x00000000eda00000| PB 0x00000000eda00000| Complete 
| 219|0x00000000edb00000, 0x00000000edc00000, 0x00000000edc00000|100%| E|CS|TAMS 0x00000000edb00000| PB 0x00000000edb00000| Complete 
| 220|0x00000000edc00000, 0x00000000edd00000, 0x00000000edd00000|100%| E|CS|TAMS 0x00000000edc00000| PB 0x00000000edc00000| Complete 
| 221|0x00000000edd00000, 0x00000000ede00000, 0x00000000ede00000|100%| E|CS|TAMS 0x00000000edd00000| PB 0x00000000edd00000| Complete 
| 222|0x00000000ede00000, 0x00000000edf00000, 0x00000000edf00000|100%| E|CS|TAMS 0x00000000ede00000| PB 0x00000000ede00000| Complete 
| 223|0x00000000edf00000, 0x00000000ee000000, 0x00000000ee000000|100%| E|CS|TAMS 0x00000000edf00000| PB 0x00000000edf00000| Complete 
| 224|0x00000000ee000000, 0x00000000ee100000, 0x00000000ee100000|100%| E|CS|TAMS 0x00000000ee000000| PB 0x00000000ee000000| Complete 
| 225|0x00000000ee100000, 0x00000000ee200000, 0x00000000ee200000|100%| E|CS|TAMS 0x00000000ee100000| PB 0x00000000ee100000| Complete 
| 226|0x00000000ee200000, 0x00000000ee300000, 0x00000000ee300000|100%| E|CS|TAMS 0x00000000ee200000| PB 0x00000000ee200000| Complete 
| 227|0x00000000ee300000, 0x00000000ee400000, 0x00000000ee400000|100%| E|CS|TAMS 0x00000000ee300000| PB 0x00000000ee300000| Complete 
| 228|0x00000000ee400000, 0x00000000ee500000, 0x00000000ee500000|100%| E|CS|TAMS 0x00000000ee400000| PB 0x00000000ee400000| Complete 
| 229|0x00000000ee500000, 0x00000000ee600000, 0x00000000ee600000|100%| E|CS|TAMS 0x00000000ee500000| PB 0x00000000ee500000| Complete 
| 230|0x00000000ee600000, 0x00000000ee700000, 0x00000000ee700000|100%| E|CS|TAMS 0x00000000ee600000| PB 0x00000000ee600000| Complete 
| 231|0x00000000ee700000, 0x00000000ee800000, 0x00000000ee800000|100%| E|CS|TAMS 0x00000000ee700000| PB 0x00000000ee700000| Complete 
| 232|0x00000000ee800000, 0x00000000ee900000, 0x00000000ee900000|100%| E|CS|TAMS 0x00000000ee800000| PB 0x00000000ee800000| Complete 
| 233|0x00000000ee900000, 0x00000000eea00000, 0x00000000eea00000|100%| E|CS|TAMS 0x00000000ee900000| PB 0x00000000ee900000| Complete 
| 234|0x00000000eea00000, 0x00000000eeb00000, 0x00000000eeb00000|100%| E|CS|TAMS 0x00000000eea00000| PB 0x00000000eea00000| Complete 
| 235|0x00000000eeb00000, 0x00000000eec00000, 0x00000000eec00000|100%| E|CS|TAMS 0x00000000eeb00000| PB 0x00000000eeb00000| Complete 
| 236|0x00000000eec00000, 0x00000000eed00000, 0x00000000eed00000|100%| E|CS|TAMS 0x00000000eec00000| PB 0x00000000eec00000| Complete 
| 237|0x00000000eed00000, 0x00000000eee00000, 0x00000000eee00000|100%| E|CS|TAMS 0x00000000eed00000| PB 0x00000000eed00000| Complete 
| 238|0x00000000eee00000, 0x00000000eef00000, 0x00000000eef00000|100%| E|CS|TAMS 0x00000000eee00000| PB 0x00000000eee00000| Complete 
| 239|0x00000000eef00000, 0x00000000ef000000, 0x00000000ef000000|100%| E|CS|TAMS 0x00000000eef00000| PB 0x00000000eef00000| Complete 
| 240|0x00000000ef000000, 0x00000000ef100000, 0x00000000ef100000|100%| E|CS|TAMS 0x00000000ef000000| PB 0x00000000ef000000| Complete 
| 241|0x00000000ef100000, 0x00000000ef200000, 0x00000000ef200000|100%| E|CS|TAMS 0x00000000ef100000| PB 0x00000000ef100000| Complete 
| 242|0x00000000ef200000, 0x00000000ef300000, 0x00000000ef300000|100%| E|CS|TAMS 0x00000000ef200000| PB 0x00000000ef200000| Complete 
| 243|0x00000000ef300000, 0x00000000ef400000, 0x00000000ef400000|100%| E|CS|TAMS 0x00000000ef300000| PB 0x00000000ef300000| Complete 
| 244|0x00000000ef400000, 0x00000000ef500000, 0x00000000ef500000|100%| E|CS|TAMS 0x00000000ef400000| PB 0x00000000ef400000| Complete 
| 245|0x00000000ef500000, 0x00000000ef600000, 0x00000000ef600000|100%| E|CS|TAMS 0x00000000ef500000| PB 0x00000000ef500000| Complete 
| 246|0x00000000ef600000, 0x00000000ef700000, 0x00000000ef700000|100%| E|CS|TAMS 0x00000000ef600000| PB 0x00000000ef600000| Complete 
| 247|0x00000000ef700000, 0x00000000ef800000, 0x00000000ef800000|100%| E|CS|TAMS 0x00000000ef700000| PB 0x00000000ef700000| Complete 
| 248|0x00000000ef800000, 0x00000000ef900000, 0x00000000ef900000|100%| E|CS|TAMS 0x00000000ef800000| PB 0x00000000ef800000| Complete 
| 249|0x00000000ef900000, 0x00000000efa00000, 0x00000000efa00000|100%| E|CS|TAMS 0x00000000ef900000| PB 0x00000000ef900000| Complete 
| 250|0x00000000efa00000, 0x00000000efb00000, 0x00000000efb00000|100%| E|CS|TAMS 0x00000000efa00000| PB 0x00000000efa00000| Complete 
| 251|0x00000000efb00000, 0x00000000efc00000, 0x00000000efc00000|100%| E|CS|TAMS 0x00000000efb00000| PB 0x00000000efb00000| Complete 
| 252|0x00000000efc00000, 0x00000000efd00000, 0x00000000efd00000|100%| E|CS|TAMS 0x00000000efc00000| PB 0x00000000efc00000| Complete 
| 253|0x00000000efd00000, 0x00000000efe00000, 0x00000000efe00000|100%| E|CS|TAMS 0x00000000efd00000| PB 0x00000000efd00000| Complete 
| 254|0x00000000efe00000, 0x00000000eff00000, 0x00000000eff00000|100%| E|CS|TAMS 0x00000000efe00000| PB 0x00000000efe00000| Complete 
| 255|0x00000000eff00000, 0x00000000f0000000, 0x00000000f0000000|100%| E|CS|TAMS 0x00000000eff00000| PB 0x00000000eff00000| Complete 

Card table byte_map: [0x00000268d9b50000,0x00000268d9c50000] _byte_map_base: 0x00000268d9450000

Marking Bits: (CMBitMap*) 0x00000268c6fee850
 Bits: [0x00000268d9c50000, 0x00000268da450000)

Polling page: 0x00000268c6780000

Metaspace:

Usage:
  Non-class:     22.57 MB used.
      Class:      3.78 MB used.
       Both:     26.35 MB used.

Virtual space:
  Non-class space:       64.00 MB reserved,      23.00 MB ( 36%) committed,  1 nodes.
      Class space:      320.00 MB reserved,       4.25 MB (  1%) committed,  1 nodes.
             Both:      384.00 MB reserved,      27.25 MB (  7%) committed. 

Chunk freelists:
   Non-Class:  8.67 MB
       Class:  11.61 MB
        Both:  20.28 MB

MaxMetaspaceSize: 384.00 MB
CompressedClassSpaceSize: 320.00 MB
Initial GC threshold: 21.00 MB
Current GC threshold: 35.31 MB
CDS: on
 - commit_granule_bytes: 65536.
 - commit_granule_words: 8192.
 - virtual_space_node_default_size: 8388608.
 - enlarge_chunks_in_place: 1.
 - use_allocation_guard: 0.


Internal statistics:

num_allocs_failed_limit: 3.
num_arena_births: 1496.
num_arena_deaths: 0.
num_vsnodes_births: 2.
num_vsnodes_deaths: 0.
num_space_committed: 436.
num_space_uncommitted: 0.
num_chunks_returned_to_freelist: 3.
num_chunks_taken_from_freelist: 2717.
num_chunk_merges: 3.
num_chunk_splits: 1742.
num_chunks_enlarged: 1090.
num_inconsistent_stats: 0.

CodeHeap 'non-profiled nmethods': size=119168Kb used=2041Kb max_used=2041Kb free=117126Kb
 bounds [0x00000268d1d60000, 0x00000268d1fd0000, 0x00000268d91c0000]
CodeHeap 'profiled nmethods': size=119104Kb used=7710Kb max_used=7710Kb free=111393Kb
 bounds [0x00000268ca1c0000, 0x00000268ca950000, 0x00000268d1610000]
CodeHeap 'non-nmethods': size=7488Kb used=1442Kb max_used=3033Kb free=6045Kb
 bounds [0x00000268d1610000, 0x00000268d1980000, 0x00000268d1d60000]
CodeCache: size=245760Kb, used=11193Kb, max_used=12784Kb, free=234564Kb
 total_blobs=4484, nmethods=3886, adapters=502, full_count=0
Compilation: enabled, stopped_count=0, restarted_count=0

Compilation events (20 events):
Event: 180.088 Thread 0x00000268dd46ef40 3880       3       jdk.internal.misc.CDS::isDumpingClassList (4 bytes)
Event: 180.088 Thread 0x00000268dd46ef40 nmethod 3880 0x00000268ca945710 code [0x00000268ca9458a0, 0x00000268ca945990]
Event: 180.089 Thread 0x00000268dd46ef40 3881       3       java.lang.invoke.DirectMethodHandle$Holder::newInvokeSpecial (20 bytes)
Event: 180.090 Thread 0x00000268dd46ef40 nmethod 3881 0x00000268ca945a10 code [0x00000268ca945c00, 0x00000268ca9462c0]
Event: 181.388 Thread 0x00000268dd46ef40 3882       1       org.gradle.launcher.daemon.server.health.gc.GarbageCollectionEvent::getCount (5 bytes)
Event: 181.388 Thread 0x00000268dd46ef40 nmethod 3882 0x00000268d1f5be10 code [0x00000268d1f5bfa0, 0x00000268d1f5c068]
Event: 181.448 Thread 0x00000268dd46ef40 3883       3       java.util.stream.AbstractPipeline::sourceSpliterator (265 bytes)
Event: 181.450 Thread 0x00000268dd46ef40 nmethod 3883 0x00000268ca946490 code [0x00000268ca946720, 0x00000268ca947480]
Event: 181.617 Thread 0x00000268dd438b40 3884       4       java.util.zip.ZipUtils::CENLEN (9 bytes)
Event: 181.621 Thread 0x00000268dd438b40 nmethod 3884 0x00000268d1f5c110 code [0x00000268d1f5c2a0, 0x00000268d1f5c3b0]
Event: 181.738 Thread 0x00000268dd46ef40 3885       1       java.nio.channels.FileLock::acquiredBy (5 bytes)
Event: 181.738 Thread 0x00000268dd46ef40 nmethod 3885 0x00000268d1f5c890 code [0x00000268d1f5ca20, 0x00000268d1f5cae8]
Event: 181.739 Thread 0x00000268dd438b40 3887       4       java.lang.Class::getAnnotation (22 bytes)
Event: 181.767 Thread 0x00000268dd438b40 nmethod 3887 0x00000268d1f5cb90 code [0x00000268d1f5cd80, 0x00000268d1f5d250]
Event: 181.796 Thread 0x00000268dd438b40 3888       4       java.lang.String::equalsIgnoreCase (45 bytes)
Event: 181.800 Thread 0x00000268dd438b40 nmethod 3888 0x00000268d1f5d610 code [0x00000268d1f5d7a0, 0x00000268d1f5d8d8]
Event: 181.801 Thread 0x00000268dd438b40 3889       4       java.util.HashMap::containsKey (14 bytes)
Event: 181.817 Thread 0x00000268dd438b40 nmethod 3889 0x00000268d1f5da10 code [0x00000268d1f5dbc0, 0x00000268d1f5dee0]
Event: 181.831 Thread 0x00000268dd46ef40 3890       1       java.lang.Class::getClassLoader0 (5 bytes)
Event: 181.831 Thread 0x00000268dd46ef40 nmethod 3890 0x00000268d1f5e190 code [0x00000268d1f5e320, 0x00000268d1f5e3e8]

GC Heap History (8 events):
Event: 17.857 GC heap before
{Heap before GC invocations=0 (full 0):
 garbage-first heap   total 262144K, used 26624K [0x00000000e0000000, 0x0000000100000000)
  region size 1024K, 23 young (23552K), 0 survivors (0K)
 Metaspace       used 2882K, committed 3008K, reserved 393216K
  class space    used 337K, committed 384K, reserved 327680K
}
Event: 17.948 GC heap after
{Heap after GC invocations=1 (full 0):
 garbage-first heap   total 262144K, used 10794K [0x00000000e0000000, 0x0000000100000000)
  region size 1024K, 3 young (3072K), 3 survivors (3072K)
 Metaspace       used 2882K, committed 3008K, reserved 393216K
  class space    used 337K, committed 384K, reserved 327680K
}
Event: 43.713 GC heap before
{Heap before GC invocations=1 (full 0):
 garbage-first heap   total 262144K, used 40490K [0x00000000e0000000, 0x0000000100000000)
  region size 1024K, 31 young (31744K), 3 survivors (3072K)
 Metaspace       used 4767K, committed 4992K, reserved 393216K
  class space    used 596K, committed 704K, reserved 327680K
}
Event: 43.722 GC heap after
{Heap after GC invocations=2 (full 0):
 garbage-first heap   total 262144K, used 15540K [0x00000000e0000000, 0x0000000100000000)
  region size 1024K, 4 young (4096K), 4 survivors (4096K)
 Metaspace       used 4767K, committed 4992K, reserved 393216K
  class space    used 596K, committed 704K, reserved 327680K
}
Event: 124.718 GC heap before
{Heap before GC invocations=2 (full 0):
 garbage-first heap   total 262144K, used 82100K [0x00000000e0000000, 0x0000000100000000)
  region size 1024K, 70 young (71680K), 4 survivors (4096K)
 Metaspace       used 14959K, committed 15360K, reserved 393216K
  class space    used 2045K, committed 2240K, reserved 327680K
}
Event: 124.825 GC heap after
{Heap after GC invocations=3 (full 0):
 garbage-first heap   total 262144K, used 21637K [0x00000000e0000000, 0x0000000100000000)
  region size 1024K, 9 young (9216K), 9 survivors (9216K)
 Metaspace       used 14959K, committed 15360K, reserved 393216K
  class space    used 2045K, committed 2240K, reserved 327680K
}
Event: 138.304 GC heap before
{Heap before GC invocations=3 (full 0):
 garbage-first heap   total 262144K, used 60549K [0x00000000e0000000, 0x0000000100000000)
  region size 1024K, 47 young (48128K), 9 survivors (9216K)
 Metaspace       used 20843K, committed 21504K, reserved 393216K
  class space    used 2865K, committed 3200K, reserved 327680K
}
Event: 138.320 GC heap after
{Heap after GC invocations=4 (full 0):
 garbage-first heap   total 262144K, used 25566K [0x00000000e0000000, 0x0000000100000000)
  region size 1024K, 3 young (3072K), 3 survivors (3072K)
 Metaspace       used 20843K, committed 21504K, reserved 393216K
  class space    used 2865K, committed 3200K, reserved 327680K
}

Dll operation events (20 events):
Event: 2.180 Attempting to load shared library C:\Users\chae0\.vscode\extensions\redhat.java-1.56.0-win32-x64\jre\21.0.12.1-win32-x86_64\bin\nio.dll
Event: 2.189 Loaded shared library C:\Users\chae0\.vscode\extensions\redhat.java-1.56.0-win32-x64\jre\21.0.12.1-win32-x86_64\bin\nio.dll
Event: 2.246 Attempting to load shared library C:\Users\chae0\.vscode\extensions\redhat.java-1.56.0-win32-x64\jre\21.0.12.1-win32-x86_64\bin\zip.dll
Event: 2.246 Loaded shared library C:\Users\chae0\.vscode\extensions\redhat.java-1.56.0-win32-x64\jre\21.0.12.1-win32-x86_64\bin\zip.dll
Event: 8.982 Attempting to load shared library C:\Users\chae0\.vscode\extensions\redhat.java-1.56.0-win32-x64\jre\21.0.12.1-win32-x86_64\bin\jimage.dll
Event: 8.982 Loaded shared library C:\Users\chae0\.vscode\extensions\redhat.java-1.56.0-win32-x64\jre\21.0.12.1-win32-x86_64\bin\jimage.dll
Event: 15.854 Attempting to load shared library C:\Users\chae0\.vscode\extensions\redhat.java-1.56.0-win32-x64\jre\21.0.12.1-win32-x86_64\bin\verify.dll
Event: 15.885 Loaded shared library C:\Users\chae0\.vscode\extensions\redhat.java-1.56.0-win32-x64\jre\21.0.12.1-win32-x86_64\bin\verify.dll
Event: 16.686 Attempting to load shared library C:\Users\chae0\.gradle\native\660c5614fbf4a5f2a75b1949f50a0caf5cd603558e7d8a26e50b933a0cfb79d1\windows-amd64\native-platform.dll
Event: 16.711 Loaded shared library C:\Users\chae0\.gradle\native\660c5614fbf4a5f2a75b1949f50a0caf5cd603558e7d8a26e50b933a0cfb79d1\windows-amd64\native-platform.dll
Event: 16.960 Attempting to load shared library C:\Users\chae0\.gradle\native\0.2.8\x86_64-windows-gnu\gradle-fileevents.dll
Event: 16.972 Loaded shared library C:\Users\chae0\.gradle\native\0.2.8\x86_64-windows-gnu\gradle-fileevents.dll
Event: 51.280 Attempting to load shared library C:\Users\chae0\.vscode\extensions\redhat.java-1.56.0-win32-x64\jre\21.0.12.1-win32-x86_64\bin\management.dll
Event: 51.290 Loaded shared library C:\Users\chae0\.vscode\extensions\redhat.java-1.56.0-win32-x64\jre\21.0.12.1-win32-x86_64\bin\management.dll
Event: 51.350 Attempting to load shared library C:\Users\chae0\.vscode\extensions\redhat.java-1.56.0-win32-x64\jre\21.0.12.1-win32-x86_64\bin\management_ext.dll
Event: 51.364 Loaded shared library C:\Users\chae0\.vscode\extensions\redhat.java-1.56.0-win32-x64\jre\21.0.12.1-win32-x86_64\bin\management_ext.dll
Event: 59.857 Attempting to load shared library C:\Users\chae0\.vscode\extensions\redhat.java-1.56.0-win32-x64\jre\21.0.12.1-win32-x86_64\bin\extnet.dll
Event: 59.866 Loaded shared library C:\Users\chae0\.vscode\extensions\redhat.java-1.56.0-win32-x64\jre\21.0.12.1-win32-x86_64\bin\extnet.dll
Event: 113.285 Attempting to load shared library C:\Users\chae0\.vscode\extensions\redhat.java-1.56.0-win32-x64\jre\21.0.12.1-win32-x86_64\bin\sunmscapi.dll
Event: 113.455 Loaded shared library C:\Users\chae0\.vscode\extensions\redhat.java-1.56.0-win32-x64\jre\21.0.12.1-win32-x86_64\bin\sunmscapi.dll

Deoptimization events (20 events):
Event: 164.863 Thread 0x00000268f8957640 Uncommon trap: trap_request=0xffffffde fr.pc=0x00000268d1e757ac relative=0x000000000000018c
Event: 164.863 Thread 0x00000268f8957640 Uncommon trap: reason=class_check action=maybe_recompile pc=0x00000268d1e757ac method=java.lang.String.equals(Ljava/lang/Object;)Z @ 8 c2
Event: 164.863 Thread 0x00000268f8957640 DEOPT PACKING pc=0x00000268d1e757ac sp=0x00000084b9cfa340
Event: 164.863 Thread 0x00000268f8957640 DEOPT UNPACKING pc=0x00000268d1664422 sp=0x00000084b9cfa2d8 mode 2
Event: 178.839 Thread 0x00000268f8957640 Uncommon trap: trap_request=0xffffff45 fr.pc=0x00000268d1ec3094 relative=0x0000000000000cd4
Event: 178.839 Thread 0x00000268f8957640 Uncommon trap: reason=unstable_if action=reinterpret pc=0x00000268d1ec3094 method=jdk.internal.org.objectweb.asm.SymbolTable.addType(Ljava/lang/String;)I @ 33 c2
Event: 178.839 Thread 0x00000268f8957640 DEOPT PACKING pc=0x00000268d1ec3094 sp=0x00000084b9cfc100
Event: 178.839 Thread 0x00000268f8957640 DEOPT UNPACKING pc=0x00000268d1664422 sp=0x00000084b9cfc038 mode 2
Event: 178.900 Thread 0x00000268f8957640 Uncommon trap: trap_request=0xffffff45 fr.pc=0x00000268d1f3d598 relative=0x00000000000001d8
Event: 178.900 Thread 0x00000268f8957640 Uncommon trap: reason=unstable_if action=reinterpret pc=0x00000268d1f3d598 method=jdk.internal.org.objectweb.asm.Type.getTypeInternal(Ljava/lang/String;II)Ljdk/internal/org/objectweb/asm/Type; @ 5 c2
Event: 178.900 Thread 0x00000268f8957640 DEOPT PACKING pc=0x00000268d1f3d598 sp=0x00000084b9cfc0a0
Event: 178.900 Thread 0x00000268f8957640 DEOPT UNPACKING pc=0x00000268d1664422 sp=0x00000084b9cfc038 mode 2
Event: 179.877 Thread 0x00000268f8957640 Uncommon trap: trap_request=0xffffff76 fr.pc=0x00000268d1f42104 relative=0x00000000000001c4
Event: 179.877 Thread 0x00000268f8957640 Uncommon trap: reason=predicate action=maybe_recompile pc=0x00000268d1f42104 method=com.google.common.base.CharMatcher.indexIn(Ljava/lang/CharSequence;I)I @ 19 c2
Event: 179.877 Thread 0x00000268f8957640 DEOPT PACKING pc=0x00000268d1f42104 sp=0x00000084b9cfb310
Event: 179.877 Thread 0x00000268f8957640 DEOPT UNPACKING pc=0x00000268d1664422 sp=0x00000084b9cfb2a0 mode 2
Event: 181.800 Thread 0x00000268f8957640 Uncommon trap: trap_request=0x0000002f fr.pc=0x00000268d1eb94c8 relative=0x000000000000a908
Event: 181.800 Thread 0x00000268f8957640 Uncommon trap: reason=unloaded action=reinterpret pc=0x00000268d1eb94c8 method=java.net.URLClassLoader$1.run()Ljava/lang/Class; @ 48 c2
Event: 181.800 Thread 0x00000268f8957640 DEOPT PACKING pc=0x00000268d1eb94c8 sp=0x00000084b9cfbd60
Event: 181.800 Thread 0x00000268f8957640 DEOPT UNPACKING pc=0x00000268d1664422 sp=0x00000084b9cfbae0 mode 2

Classes loaded (20 events):
Event: 179.061 Loading class java/util/stream/SliceOps$1
Event: 179.062 Loading class java/util/stream/ReferencePipeline$StatefulOp
Event: 179.062 Loading class java/util/stream/ReferencePipeline$StatefulOp done
Event: 179.063 Loading class java/util/stream/SliceOps$1 done
Event: 179.090 Loading class java/util/stream/SliceOps$1$1
Event: 179.091 Loading class java/util/stream/SliceOps$1$1 done
Event: 179.816 Loading class java/util/concurrent/TimeoutException
Event: 179.816 Loading class java/util/concurrent/TimeoutException done
Event: 179.817 Loading class java/util/concurrent/CancellationException
Event: 179.817 Loading class java/util/concurrent/CancellationException done
Event: 180.047 Loading class java/util/concurrent/locks/AbstractQueuedSynchronizer$SharedNode
Event: 180.047 Loading class java/util/concurrent/locks/AbstractQueuedSynchronizer$SharedNode done
Event: 181.458 Loading class java/util/ArrayDeque$DeqSpliterator
Event: 181.459 Loading class java/util/ArrayDeque$DeqSpliterator done
Event: 181.799 Loading class java/util/zip/DataFormatException
Event: 181.800 Loading class java/util/zip/DataFormatException done
Event: 181.810 Loading class java/lang/VerifyError
Event: 181.811 Loading class java/lang/VerifyError done
Event: 181.831 Loading class java/lang/StackTraceElement$HashedModules
Event: 181.831 Loading class java/lang/StackTraceElement$HashedModules done

Classes unloaded (0 events):
No events

Classes redefined (0 events):
No events

Internal exceptions (20 events):
Event: 158.041 Thread 0x00000268f8957640 Exception <a 'java/lang/NoSuchMethodError'{0x00000000eed186e0}: 'void java.lang.invoke.DirectMethodHandle$Holder.invokeVirtual(java.lang.Object, java.lang.Object, java.lang.Object, java.lang.Object, java.lang.Object, java.lang.Object)'> (0x00000000eed186e0) 
thrown [s\src\hotspot\share\interpreter\linkResolver.cpp, line 773]
Event: 158.042 Thread 0x00000268f8957640 Exception <a 'java/lang/NoSuchMethodError'{0x00000000eed1c838}: 'void java.lang.invoke.DelegatingMethodHandle$Holder.reinvoke_L(java.lang.Object, java.lang.Object, java.lang.Object, java.lang.Object, java.lang.Object, java.lang.Object)'> (0x00000000eed1c838) 
thrown [s\src\hotspot\share\interpreter\linkResolver.cpp, line 773]
Event: 159.253 Thread 0x00000268f8957640 Exception <a 'java/lang/NoSuchMethodError'{0x00000000eec7f3e0}: 'java.lang.Object java.lang.invoke.DirectMethodHandle$Holder.newInvokeSpecial(java.lang.Object, java.lang.Object, java.lang.Object, java.lang.Object, java.lang.Object, java.lang.Object, java.lang.Object)'> (0x00000000eec7f3e0) 
thrown [s\src\hotspot\share\interpreter\linkResolver.cpp, line 773]
Event: 171.026 Thread 0x00000268f8957640 Exception <a 'java/lang/NoSuchMethodError'{0x00000000ee2492c0}: 'java.lang.Object java.lang.invoke.DirectMethodHandle$Holder.invokeSpecial(java.lang.Object, java.lang.Object, java.lang.Object, java.lang.Object, java.lang.Object, java.lang.Object, java.lang.Object, java.lang.Object, java.lang.Object, java.lang.Object, java.lang.Object, java.lang.Object, java.lang.Object, java.lang.Object, java.lang.Object, java.lang.Object, java.lang.Object, java.lang.Object, java.lang.Object, java.lang.Object, java.lang.Ob
Event: 171.032 Thread 0x00000268f8957640 Exception <a 'java/lang/NoSuchMethodError'{0x00000000ee24eca8}: 'java.lang.Object java.lang.invoke.DelegatingMethodHandle$Holder.reinvoke_L(java.lang.Object, java.lang.Object, java.lang.Object, java.lang.Object, java.lang.Object, java.lang.Object, java.lang.Object, java.lang.Object, java.lang.Object, java.lang.Object, java.lang.Object, java.lang.Object, java.lang.Object, java.lang.Object, java.lang.Object, java.lang.Object, java.lang.Object, java.lang.Object, java.lang.Object, java.lang.Object, java.lang.O
Event: 171.037 Thread 0x00000268f8957640 Exception <a 'java/lang/NoSuchMethodError'{0x00000000ee25a2f8}: 'java.lang.Object java.lang.invoke.DirectMethodHandle$Holder.invokeSpecial(java.lang.Object, java.lang.Object, java.lang.Object, java.lang.Object, java.lang.Object, java.lang.Object, java.lang.Object, java.lang.Object, java.lang.Object, java.lang.Object, java.lang.Object, java.lang.Object, java.lang.Object, java.lang.Object, java.lang.Object, java.lang.Object, java.lang.Object, java.lang.Object, java.lang.Object, java.lang.Object, java.lang.Ob
Event: 171.045 Thread 0x00000268f8957640 Exception <a 'java/lang/NoSuchMethodError'{0x00000000ee25fb00}: 'java.lang.Object java.lang.invoke.Invokers$Holder.invoker(java.lang.Object, java.lang.Object, java.lang.Object, java.lang.Object, java.lang.Object, java.lang.Object, java.lang.Object, java.lang.Object, java.lang.Object, java.lang.Object, java.lang.Object, java.lang.Object, java.lang.Object, java.lang.Object, java.lang.Object, java.lang.Object, java.lang.Object, java.lang.Object, java.lang.Object, java.lang.Object, java.lang.Object, java.lang.
Event: 171.048 Thread 0x00000268f8957640 Exception <a 'java/lang/NoSuchMethodError'{0x00000000ee265ce8}: 'java.lang.Object java.lang.invoke.DelegatingMethodHandle$Holder.delegate(java.lang.Object, java.lang.Object, java.lang.Object, java.lang.Object, java.lang.Object, java.lang.Object, java.lang.Object, java.lang.Object, java.lang.Object, java.lang.Object, java.lang.Object, java.lang.Object, java.lang.Object, java.lang.Object, java.lang.Object, java.lang.Object, java.lang.Object, java.lang.Object, java.lang.Object, java.lang.Object, java.lang.Obj
Event: 172.554 Thread 0x00000268f8957640 Exception <a 'java/lang/NoSuchMethodError'{0x00000000ee0c4238}: 'java.lang.Object java.lang.invoke.DirectMethodHandle$Holder.invokeStaticInit(java.lang.Object, java.lang.Object, java.lang.Object)'> (0x00000000ee0c4238) 
thrown [s\src\hotspot\share\interpreter\linkResolver.cpp, line 773]
Event: 174.572 Thread 0x00000268f8957640 Exception <a 'java/lang/NoSuchMethodError'{0x00000000edec0be0}: 'int java.lang.invoke.DirectMethodHandle$Holder.invokeStaticInit(java.lang.Object, java.lang.Object)'> (0x00000000edec0be0) 
thrown [s\src\hotspot\share\interpreter\linkResolver.cpp, line 773]
Event: 174.772 Thread 0x00000268f8957640 Exception <a 'java/lang/IncompatibleClassChangeError'{0x00000000edd17d00}: Found class java.lang.Object, but interface was expected> (0x00000000edd17d00) 
thrown [s\src\hotspot\share\interpreter\linkResolver.cpp, line 840]
Event: 175.337 Thread 0x00000268f8957640 Exception <a 'java/lang/NoSuchMethodError'{0x00000000eddb5ce0}: 'java.lang.Object java.lang.invoke.DirectMethodHandle$Holder.invokeVirtual(java.lang.Object, java.lang.Object, java.lang.Object, java.lang.Object, java.lang.Object, java.lang.Object, java.lang.Object, java.lang.Object, java.lang.Object, java.lang.Object, java.lang.Object, java.lang.Object, java.lang.Object)'> (0x00000000eddb5ce0) 
thrown [s\src\hotspot\share\interpreter\linkResolver.cpp, line 773]
Event: 175.342 Thread 0x00000268f8957640 Exception <a 'java/lang/NoSuchMethodError'{0x00000000eddbaf18}: 'java.lang.Object java.lang.invoke.DirectMethodHandle$Holder.invokeSpecial(java.lang.Object, java.lang.Object, java.lang.Object, java.lang.Object, java.lang.Object, java.lang.Object, java.lang.Object, java.lang.Object, java.lang.Object, java.lang.Object, java.lang.Object, java.lang.Object, java.lang.Object, java.lang.Object)'> (0x00000000eddbaf18) 
thrown [s\src\hotspot\share\interpreter\linkResolver.cpp, line 773]
Event: 175.350 Thread 0x00000268f8957640 Exception <a 'java/lang/NoSuchMethodError'{0x00000000eddbfc68}: 'java.lang.Object java.lang.invoke.DelegatingMethodHandle$Holder.reinvoke_L(java.lang.Object, java.lang.Object, java.lang.Object, java.lang.Object, java.lang.Object, java.lang.Object, java.lang.Object, java.lang.Object, java.lang.Object, java.lang.Object, java.lang.Object, java.lang.Object, java.lang.Object)'> (0x00000000eddbfc68) 
thrown [s\src\hotspot\share\interpreter\linkResolver.cpp, line 773]
Event: 176.973 Thread 0x00000268f8957640 Exception <a 'java/lang/NoSuchMethodError'{0x00000000edb60228}: 'void java.lang.invoke.DirectMethodHandle$Holder.invokeStaticInit(java.lang.Object, java.lang.Object)'> (0x00000000edb60228) 
thrown [s\src\hotspot\share\interpreter\linkResolver.cpp, line 773]
Event: 178.583 Thread 0x00000268f8957640 Exception <a 'java/lang/NoSuchMethodError'{0x00000000edae8cb8}: 'java.lang.Object java.lang.invoke.DirectMethodHandle$Holder.newInvokeSpecial(java.lang.Object, java.lang.Object, java.lang.Object, java.lang.Object, java.lang.Object, java.lang.Object, java.lang.Object, java.lang.Object, java.lang.Object, java.lang.Object, java.lang.Object, java.lang.Object)'> (0x00000000edae8cb8) 
thrown [s\src\hotspot\share\interpreter\linkResolver.cpp, line 773]
Event: 179.590 Thread 0x00000268f8957640 Exception <a 'java/lang/IncompatibleClassChangeError'{0x00000000ed39e5c8}: Found class java.lang.Object, but interface was expected> (0x00000000ed39e5c8) 
thrown [s\src\hotspot\share\interpreter\linkResolver.cpp, line 840]
Event: 180.088 Thread 0x00000268f8957640 Exception <a 'java/lang/NoSuchMethodError'{0x00000000ed1ff6f0}: 'int java.lang.invoke.DirectMethodHandle$Holder.invokeVirtual(java.lang.Object, java.lang.Object)'> (0x00000000ed1ff6f0) 
thrown [s\src\hotspot\share\interpreter\linkResolver.cpp, line 773]
Event: 181.799 Thread 0x00000268f8957640 Exception <a 'java/io/IOException'{0x00000000ecf47270}> (0x00000000ecf47270) 
thrown [s\src\hotspot\share\prims\jni.cpp, line 520]
Event: 181.811 Thread 0x00000268f8957640 Exception <a 'java/lang/VerifyError'{0x00000000ecf5d448}: Bad return type
Exception Details:
  Location:
    org/gradle/internal/Try.failure(Ljava/lang/Throwable;)Lorg/gradle/internal/Try; @8: areturn
  Reason:
    Type 'org/gradle/internal/Try$Failure' (current frame, stack[0]) is not assignable to 'org/gradle/internal/Try' (from method signature)
  Current Frame:
    bci: @8
    flags: { }
    locals: { 'java/lang/Throwable' }
    stack: { 'org/gradle/internal/Try$Failure' }
  Bytecode:
    0000000: bb00

ZGC Phase Switch (0 events):
No events

VM Operations (20 events):
Event: 169.597 Executing safepoint VM operation: Cleanup done
Event: 171.618 Executing safepoint VM operation: Cleanup
Event: 171.618 Executing safepoint VM operation: Cleanup done
Event: 172.630 Executing safepoint VM operation: Cleanup
Event: 172.651 Executing safepoint VM operation: Cleanup done
Event: 174.668 Executing safepoint VM operation: Cleanup
Event: 174.668 Executing safepoint VM operation: Cleanup done
Event: 175.680 Executing safepoint VM operation: Cleanup
Event: 175.754 Executing safepoint VM operation: Cleanup done
Event: 176.768 Executing safepoint VM operation: Cleanup
Event: 176.863 Executing safepoint VM operation: Cleanup done
Event: 177.875 Executing safepoint VM operation: Cleanup
Event: 177.875 Executing safepoint VM operation: Cleanup done
Event: 179.065 Executing non-safepoint VM operation: HandshakeAllThreads (Deoptimize)
Event: 179.065 Executing non-safepoint VM operation: HandshakeAllThreads (Deoptimize) done
Event: 179.081 Executing non-safepoint VM operation: HandshakeAllThreads (Deoptimize)
Event: 179.081 Executing non-safepoint VM operation: HandshakeAllThreads (Deoptimize) done
Event: 180.091 Executing safepoint VM operation: Cleanup
Event: 181.385 Executing safepoint VM operation: Cleanup done
Event: 182.395 Executing safepoint VM operation: Cleanup

Memory protections (0 events):
No events

Nmethod flushes (0 events):
No events

Events (20 events):
Event: 128.291 Thread 0x00000268dd50b720 Thread added: 0x00000268f998e6e0
Event: 129.286 Thread 0x00000268f998e6e0 Thread exited: 0x00000268f998e6e0
Event: 130.276 Thread 0x00000268dd46ef40 Thread added: 0x00000268f9c61dd0
Event: 130.749 Thread 0x00000268f9c61dd0 Thread exited: 0x00000268f9c61dd0
Event: 133.390 Thread 0x00000268dd50b720 Thread exited: 0x00000268dd50b720
Event: 133.390 Thread 0x00000268f8ae4230 Thread exited: 0x00000268f8ae4230
Event: 134.494 Thread 0x00000268dd46ef40 Thread added: 0x00000268f8d1dff0
Event: 134.494 Thread 0x00000268dd46ef40 Thread added: 0x00000268fa127480
Event: 134.636 Thread 0x00000268fa127480 Thread added: 0x00000268fa0f5890
Event: 135.015 Thread 0x00000268fa0f5890 Thread exited: 0x00000268fa0f5890
Event: 135.015 Thread 0x00000268f8d1dff0 Thread exited: 0x00000268f8d1dff0
Event: 135.016 Thread 0x00000268fa127480 Thread exited: 0x00000268fa127480
Event: 135.022 Thread 0x00000268dd46ef40 Thread added: 0x00000268fa127480
Event: 136.542 Thread 0x00000268fa127480 Thread exited: 0x00000268fa127480
Event: 163.571 Thread 0x00000268dd46ef40 Thread added: 0x00000268f9ec5600
Event: 166.238 Thread 0x00000268f9ec5600 Thread exited: 0x00000268f9ec5600
Event: 166.242 Thread 0x00000268f8957640 Thread added: 0x00000268f9147020
Event: 169.242 Thread 0x00000268f8957640 Thread added: 0x00000268f9149780
Event: 180.046 Thread 0x00000268f8957640 Thread added: 0x00000268f9149e10
Event: 180.083 Thread 0x00000268f8957640 Thread added: 0x00000268f914b1c0


Dynamic libraries:
0x00007ff7bf7b0000 - 0x00007ff7bf7be000 	C:\Users\chae0\.vscode\extensions\redhat.java-1.56.0-win32-x64\jre\21.0.12.1-win32-x86_64\bin\java.exe
0x00007ffe53c40000 - 0x00007ffe53ea6000 	C:\WINDOWS\SYSTEM32\ntdll.dll
0x00007ffe52d90000 - 0x00007ffe52e59000 	C:\WINDOWS\System32\KERNEL32.DLL
0x00007ffe51010000 - 0x00007ffe5140f000 	C:\WINDOWS\System32\KERNELBASE.dll
0x00007ffe51590000 - 0x00007ffe516dc000 	C:\WINDOWS\System32\ucrtbase.dll
0x00007ffe3cdc0000 - 0x00007ffe3cdd8000 	C:\Users\chae0\.vscode\extensions\redhat.java-1.56.0-win32-x64\jre\21.0.12.1-win32-x86_64\bin\jli.dll
0x00007ffe52e60000 - 0x00007ffe53026000 	C:\WINDOWS\System32\USER32.dll
0x00007ffe50fe0000 - 0x00007ffe51007000 	C:\WINDOWS\System32\win32u.dll
0x00007ffe52790000 - 0x00007ffe527bb000 	C:\WINDOWS\System32\GDI32.dll
0x00007ffe51840000 - 0x00007ffe51969000 	C:\WINDOWS\System32\gdi32full.dll
0x00007ffe514e0000 - 0x00007ffe51583000 	C:\WINDOWS\System32\msvcp_win.dll
0x00007ffe3cde0000 - 0x00007ffe3cdfe000 	C:\Users\chae0\.vscode\extensions\redhat.java-1.56.0-win32-x64\jre\21.0.12.1-win32-x86_64\bin\VCRUNTIME140.dll
0x00007ffe34960000 - 0x00007ffe34bf1000 	C:\WINDOWS\WinSxS\amd64_microsoft.windows.common-controls_6595b64144ccf1df_6.0.26100.8972_none_3e0da176e32f9d4b\COMCTL32.dll
0x00007ffe51d70000 - 0x00007ffe51e19000 	C:\WINDOWS\System32\msvcrt.dll
0x00007ffe52c10000 - 0x00007ffe52c42000 	C:\WINDOWS\System32\IMM32.DLL
0x00007ffe4d7a0000 - 0x00007ffe4d7ac000 	C:\Users\chae0\.vscode\extensions\redhat.java-1.56.0-win32-x64\jre\21.0.12.1-win32-x86_64\bin\vcruntime140_1.dll
0x00007ffe2ff60000 - 0x00007ffe2ffed000 	C:\Users\chae0\.vscode\extensions\redhat.java-1.56.0-win32-x64\jre\21.0.12.1-win32-x86_64\bin\msvcp140.dll
0x00007ffd81b10000 - 0x00007ffd828b2000 	C:\Users\chae0\.vscode\extensions\redhat.java-1.56.0-win32-x64\jre\21.0.12.1-win32-x86_64\bin\server\jvm.dll
0x00007ffe53050000 - 0x00007ffe5310c000 	C:\WINDOWS\System32\ADVAPI32.dll
0x00007ffe52b50000 - 0x00007ffe52bfa000 	C:\WINDOWS\System32\sechost.dll
0x00007ffe519e0000 - 0x00007ffe51af8000 	C:\WINDOWS\System32\RPCRT4.dll
0x00007ffe52d00000 - 0x00007ffe52d82000 	C:\WINDOWS\System32\WS2_32.dll
0x00007ffe457f0000 - 0x00007ffe45826000 	C:\WINDOWS\SYSTEM32\WINMM.dll
0x00007ffe50cb0000 - 0x00007ffe50d0e000 	C:\WINDOWS\SYSTEM32\POWRPROF.dll
0x00007ffe36750000 - 0x00007ffe3675b000 	C:\WINDOWS\SYSTEM32\VERSION.dll
0x00007ffe50c90000 - 0x00007ffe50ca5000 	C:\WINDOWS\SYSTEM32\UMPDC.dll
0x00007ffe4fb40000 - 0x00007ffe4fb5b000 	C:\WINDOWS\SYSTEM32\kernel.appcore.dll
0x00007ffe4c9d0000 - 0x00007ffe4c9da000 	C:\Users\chae0\.vscode\extensions\redhat.java-1.56.0-win32-x64\jre\21.0.12.1-win32-x86_64\bin\jimage.dll
0x00007ffe4e4f0000 - 0x00007ffe4e732000 	C:\WINDOWS\SYSTEM32\DBGHELP.DLL
0x00007ffe527c0000 - 0x00007ffe52b45000 	C:\WINDOWS\System32\combase.dll
0x00007ffe525b0000 - 0x00007ffe52689000 	C:\WINDOWS\System32\OLEAUT32.dll
0x00007ffe34c30000 - 0x00007ffe34c6b000 	C:\WINDOWS\SYSTEM32\dbgcore.DLL
0x00007ffe51420000 - 0x00007ffe514cc000 	C:\WINDOWS\System32\bcryptPrimitives.dll
0x00007ffe3d250000 - 0x00007ffe3d25f000 	C:\Users\chae0\.vscode\extensions\redhat.java-1.56.0-win32-x64\jre\21.0.12.1-win32-x86_64\bin\instrument.dll
0x00007ffe40810000 - 0x00007ffe40830000 	C:\Users\chae0\.vscode\extensions\redhat.java-1.56.0-win32-x64\jre\21.0.12.1-win32-x86_64\bin\java.dll
0x00007ffe51e20000 - 0x00007ffe525a8000 	C:\WINDOWS\System32\SHELL32.dll
0x00007ffe4e920000 - 0x00007ffe4f1bb000 	C:\WINDOWS\SYSTEM32\windows.storage.dll
0x00007ffe51c70000 - 0x00007ffe51d69000 	C:\WINDOWS\System32\SHCORE.dll
0x00007ffe51970000 - 0x00007ffe519d6000 	C:\WINDOWS\System32\shlwapi.dll
0x00007ffe50d70000 - 0x00007ffe50d99000 	C:\WINDOWS\SYSTEM32\profapi.dll
0x00007ffe3d7d0000 - 0x00007ffe3d7e8000 	C:\Users\chae0\.vscode\extensions\redhat.java-1.56.0-win32-x64\jre\21.0.12.1-win32-x86_64\bin\zip.dll
0x00007ffe3cf80000 - 0x00007ffe3cf90000 	C:\Users\chae0\.vscode\extensions\redhat.java-1.56.0-win32-x64\jre\21.0.12.1-win32-x86_64\bin\net.dll
0x00007ffe49d60000 - 0x00007ffe49e88000 	C:\WINDOWS\SYSTEM32\WINHTTP.dll
0x00007ffe500f0000 - 0x00007ffe5015c000 	C:\WINDOWS\system32\mswsock.dll
0x00007ffe3c5b0000 - 0x00007ffe3c5c6000 	C:\Users\chae0\.vscode\extensions\redhat.java-1.56.0-win32-x64\jre\21.0.12.1-win32-x86_64\bin\nio.dll
0x00007ffe3d240000 - 0x00007ffe3d250000 	C:\Users\chae0\.vscode\extensions\redhat.java-1.56.0-win32-x64\jre\21.0.12.1-win32-x86_64\bin\verify.dll
0x00007ffe10c10000 - 0x00007ffe10c37000 	C:\Users\chae0\.gradle\native\660c5614fbf4a5f2a75b1949f50a0caf5cd603558e7d8a26e50b933a0cfb79d1\windows-amd64\native-platform.dll
0x00007ffdc78f0000 - 0x00007ffdc7967000 	C:\Users\chae0\.gradle\native\0.2.8\x86_64-windows-gnu\gradle-fileevents.dll
0x00007ffe3cc50000 - 0x00007ffe3cc5a000 	C:\Users\chae0\.vscode\extensions\redhat.java-1.56.0-win32-x64\jre\21.0.12.1-win32-x86_64\bin\management.dll
0x00007ffe37d10000 - 0x00007ffe37d1c000 	C:\Users\chae0\.vscode\extensions\redhat.java-1.56.0-win32-x64\jre\21.0.12.1-win32-x86_64\bin\management_ext.dll
0x00007ffe536d0000 - 0x00007ffe536d8000 	C:\WINDOWS\System32\PSAPI.DLL
0x00007ffe4f5c0000 - 0x00007ffe4f5f3000 	C:\WINDOWS\SYSTEM32\IPHLPAPI.DLL
0x00007ffe52c00000 - 0x00007ffe52c0a000 	C:\WINDOWS\System32\NSI.dll
0x00007ffe34c70000 - 0x00007ffe34c79000 	C:\Users\chae0\.vscode\extensions\redhat.java-1.56.0-win32-x64\jre\21.0.12.1-win32-x86_64\bin\extnet.dll
0x00007ffe503e0000 - 0x00007ffe503fb000 	C:\WINDOWS\SYSTEM32\CRYPTSP.dll
0x00007ffe4faa0000 - 0x00007ffe4fad9000 	C:\WINDOWS\system32\rsaenh.dll
0x00007ffe501a0000 - 0x00007ffe501d2000 	C:\WINDOWS\SYSTEM32\USERENV.dll
0x00007ffe50d40000 - 0x00007ffe50d6a000 	C:\WINDOWS\SYSTEM32\bcrypt.dll
0x00007ffe50400000 - 0x00007ffe5040c000 	C:\WINDOWS\SYSTEM32\CRYPTBASE.dll
0x00007ffe325f0000 - 0x00007ffe325fe000 	C:\Users\chae0\.vscode\extensions\redhat.java-1.56.0-win32-x64\jre\21.0.12.1-win32-x86_64\bin\sunmscapi.dll
0x00007ffe50e50000 - 0x00007ffe50fce000 	C:\WINDOWS\System32\CRYPT32.dll
0x00007ffe50620000 - 0x00007ffe50650000 	C:\WINDOWS\SYSTEM32\ncrypt.dll
0x00007ffe505d0000 - 0x00007ffe5060f000 	C:\WINDOWS\SYSTEM32\NTASN1.dll
0x00007ffe25ed0000 - 0x00007ffe25ed8000 	C:\WINDOWS\system32\wshunix.dll

JVMTI agents:
C:\Users\chae0\.gradle\wrapper\dists\gradle-9.4.1-bin\arn2x92ynaizyzdaamcbpbhtj\gradle-9.4.1\lib\agents\gradle-instrumentation-agent-9.4.1.jar path:C:\Users\chae0\.vscode\extensions\redhat.java-1.56.0-win32-x64\jre\21.0.12.1-win32-x86_64\bin\instrument.dll, loaded, initialized, instrumentlib options:none

dbghelp: loaded successfully - version: 4.0.5 - missing functions: none
symbol engine: initialized successfully - sym options: 0x614 - pdb path: .;C:\Users\chae0\.vscode\extensions\redhat.java-1.56.0-win32-x64\jre\21.0.12.1-win32-x86_64\bin;C:\WINDOWS\SYSTEM32;C:\WINDOWS\WinSxS\amd64_microsoft.windows.common-controls_6595b64144ccf1df_6.0.26100.8972_none_3e0da176e32f9d4b;C:\Users\chae0\.vscode\extensions\redhat.java-1.56.0-win32-x64\jre\21.0.12.1-win32-x86_64\bin\server;C:\Users\chae0\.gradle\native\660c5614fbf4a5f2a75b1949f50a0caf5cd603558e7d8a26e50b933a0cfb79d1\windows-amd64;C:\Users\chae0\.gradle\native\0.2.8\x86_64-windows-gnu

VM Arguments:
jvm_args: --add-opens=java.base/java.lang=ALL-UNNAMED --add-opens=java.base/java.lang.invoke=ALL-UNNAMED --add-opens=java.base/java.util=ALL-UNNAMED --add-opens=java.prefs/java.util.prefs=ALL-UNNAMED --add-exports=jdk.compiler/com.sun.tools.javac.api=ALL-UNNAMED --add-exports=jdk.compiler/com.sun.tools.javac.util=ALL-UNNAMED --add-opens=java.base/java.util=ALL-UNNAMED --add-opens=java.prefs/java.util.prefs=ALL-UNNAMED --add-opens=java.base/java.nio.charset=ALL-UNNAMED --add-opens=java.base/java.net=ALL-UNNAMED --add-opens=java.base/java.util.concurrent=ALL-UNNAMED --add-opens=java.base/java.util.concurrent.atomic=ALL-UNNAMED --add-opens=java.xml/javax.xml.namespace=ALL-UNNAMED --add-opens=java.base/java.time=ALL-UNNAMED -XX:MaxMetaspaceSize=384m -XX:+HeapDumpOnOutOfMemoryError -Xms256m -Xmx512m -Dfile.encoding=UTF-8 -Duser.country=KR -Duser.language=ko -Duser.variant -javaagent:C:\Users\chae0\.gradle\wrapper\dists\gradle-9.4.1-bin\arn2x92ynaizyzdaamcbpbhtj\gradle-9.4.1\lib\agents\gradle-instrumentation-agent-9.4.1.jar 
java_command: org.gradle.launcher.daemon.bootstrap.GradleDaemon 9.4.1
java_class_path (initial): C:\Users\chae0\.gradle\wrapper\dists\gradle-9.4.1-bin\arn2x92ynaizyzdaamcbpbhtj\gradle-9.4.1\lib\gradle-daemon-main-9.4.1.jar
Launcher Type: SUN_STANDARD

[Global flags]
     intx CICompilerCount                          = 12                                        {product} {ergonomic}
   size_t CompressedClassSpaceSize                 = 335544320                                 {product} {ergonomic}
     uint ConcGCThreads                            = 3                                         {product} {ergonomic}
     uint G1ConcRefinementThreads                  = 13                                        {product} {ergonomic}
   size_t G1HeapRegionSize                         = 1048576                                   {product} {ergonomic}
    uintx GCDrainStackTargetSize                   = 64                                        {product} {ergonomic}
     bool HeapDumpOnOutOfMemoryError               = true                                   {manageable} {command line}
   size_t InitialHeapSize                          = 268435456                                 {product} {command line}
   size_t MarkStackSize                            = 4194304                                   {product} {ergonomic}
   size_t MaxHeapSize                              = 536870912                                 {product} {command line}
   size_t MaxMetaspaceSize                         = 402653184                                 {product} {command line}
   size_t MaxNewSize                               = 321912832                                 {product} {ergonomic}
   size_t MinHeapDeltaBytes                        = 1048576                                   {product} {ergonomic}
   size_t MinHeapSize                              = 268435456                                 {product} {command line}
    uintx NonNMethodCodeHeapSize                   = 7602480                                {pd product} {ergonomic}
    uintx NonProfiledCodeHeapSize                  = 122027880                              {pd product} {ergonomic}
    uintx ProfiledCodeHeapSize                     = 122027880                              {pd product} {ergonomic}
    uintx ReservedCodeCacheSize                    = 251658240                              {pd product} {ergonomic}
     bool SegmentedCodeCache                       = true                                      {product} {ergonomic}
   size_t SoftMaxHeapSize                          = 536870912                              {manageable} {ergonomic}
     bool UseCompressedOops                        = true                           {product lp64_product} {ergonomic}
     bool UseG1GC                                  = true                                      {product} {ergonomic}
     bool UseLargePagesIndividualAllocation        = false                                  {pd product} {ergonomic}

Logging:
Log output configuration:
 #0: stdout all=warning uptime,level,tags foldmultilines=false
 #1: stderr all=off uptime,level,tags foldmultilines=false

Release file:
JAVA_VERSION="21.0.12.1" 
MODULES="java.base java.compiler java.datatransfer java.xml java.prefs java.desktop java.instrument java.logging java.management java.security.sasl java.naming java.rmi java.management.rmi java.net.http java.scripting java.security.jgss java.transaction.xa java.sql java.sql.rowset java.xml.crypto java.se java.smartcardio jdk.accessibility jdk.internal.jvmstat jdk.attach jdk.charsets jdk.internal.opt jdk.zipfs jdk.compiler jdk.crypto.ec jdk.crypto.cryptoki jdk.crypto.mscapi jdk.dynalink jdk.internal.ed jdk.editpad jdk.hotspot.agent jdk.httpserver jdk.internal.le jdk.internal.vm.ci jdk.internal.vm.compiler jdk.internal.vm.compiler.management jdk.jartool jdk.javadoc jdk.jcmd jdk.management jdk.management.agent jdk.jconsole jdk.jdeps jdk.jdwp.agent jdk.jdi jdk.jfr jdk.jshell jdk.jsobject jdk.jstatd jdk.localedata jdk.management.jfr jdk.naming.dns jdk.naming.rmi jdk.net jdk.nio.mapmode jdk.random jdk.sctp jdk.security.auth jdk.security.jgss jdk.unsupported jdk.unsupported.desktop jdk.xml.dom" 

Environment Variables:
JAVA_HOME=C:\Program Files\Java\jdk-21
PATH=C:\Python314\Scripts\;C:\Python314\;C:\Program Files (x86)\VMware\VMware Workstation\bin\;C:\Program Files\Common Files\Oracle\Java\javapath;C:\WINDOWS\system32;C:\WINDOWS;C:\WINDOWS\System32\Wbem;C:\WINDOWS\System32\WindowsPowerShell\v1.0\;C:\WINDOWS\System32\OpenSSH\;C:\Program Files\Java\jdk-21\bin\;C:\Program Files\Java\jdk-21bin;C:\Program Files\Microsoft SQL Server\Client SDK\ODBC\170\Tools\Binn\;C:\Program Files (x86)\Microsoft SQL Server\150\Tools\Binn\;C:\Program Files\Microsoft SQL Server\150\Tools\Binn\;C:\Program Files\Microsoft SQL Server\150\DTS\Binn\;C:\Program Files (x86)\Microsoft SQL Server\150\DTS\Binn\;C:\Program Files\Azure Data Studio\bin;C:\Program Files\Java\jdk-21BIN;C:\Users\chae0\Downloads\node-v22.13.1-win-x64\;D:\Git\cmd;C:\Users\chae0\AppData\Local\Android\Sdk\platform-tools;C:\Program Files\dotnet\;C:\Program Files\nodejs\;C:\ProgramData\chocolatey\bin;C:\Users\chae0\AppData\Local\Android\Sdk\platform-tools;C:\Program Files\MySQL\MySQL Server 8.0\bin;C:\Users\chae0\AppData\Local\Programs\Python\Launcher\;C:\Users\chae0\AppData\Local\Microsoft\WindowsApps;C:\Program Files\Java\jdk-21\bin;C:\Program Files\Azure Data Studio\bin;C:\Users\chae0\AppData\Local\Programs\Microsoft VS Code\bin;C:\Users\chae0\.dotnet\tools;D:\downloads\flutter_windows_3.35.5-stable\flutter\bin;C:\Users\chae0\AppData\Roaming\npm
USERNAME=chae0
OS=Windows_NT
PROCESSOR_IDENTIFIER=Intel64 Family 6 Model 154 Stepping 3, GenuineIntel
TMP=C:\Users\chae0\AppData\Local\Temp
TEMP=C:\Users\chae0\AppData\Local\Temp




Periodic native trim disabled

---------------  S Y S T E M  ---------------

OS:
 Windows 11 , 64 bit Build 26100 (10.0.26100.9168)
OS uptime: 0 days 2:55 hours

CPU: total 16 (initial active 16) (16 cores per cpu, 1 threads per core) family 6 model 154 stepping 3 microcode 0x421, cx8, cmov, fxsr, mmx, 3dnowpref, sse, sse2, sse3, ssse3, sse4.1, sse4.2, popcnt, lzcnt, tsc, tscinvbit, avx, avx2, aes, erms, clmul, bmi1, bmi2, adx, sha, fma, vzeroupper, clflush, clflushopt, clwb, serialize, rdtscp, rdpid, fsrm, f16c, pku, cet_ibt, cet_ss
Processor Information for processor 0
  Max Mhz: 1700, Current Mhz: 1457, Mhz Limit: 1700
Processor Information for processor 1
  Max Mhz: 1700, Current Mhz: 1457, Mhz Limit: 1700
Processor Information for processor 2
  Max Mhz: 1700, Current Mhz: 1457, Mhz Limit: 1700
Processor Information for processor 3
  Max Mhz: 1700, Current Mhz: 1457, Mhz Limit: 1700
Processor Information for processor 4
  Max Mhz: 1700, Current Mhz: 1457, Mhz Limit: 1700
Processor Information for processor 5
  Max Mhz: 1700, Current Mhz: 1457, Mhz Limit: 1700
Processor Information for processor 6
  Max Mhz: 1700, Current Mhz: 1457, Mhz Limit: 1700
Processor Information for processor 7
  Max Mhz: 1700, Current Mhz: 1457, Mhz Limit: 1700
Processor Information for processor 8
  Max Mhz: 1700, Current Mhz: 1558, Mhz Limit: 1700
Processor Information for processor 9
  Max Mhz: 1700, Current Mhz: 1700, Mhz Limit: 1700
Processor Information for processor 10
  Max Mhz: 1700, Current Mhz: 1558, Mhz Limit: 1700
Processor Information for processor 11
  Max Mhz: 1700, Current Mhz: 1700, Mhz Limit: 1700
Processor Information for processor 12
  Max Mhz: 1700, Current Mhz: 1558, Mhz Limit: 1700
Processor Information for processor 13
  Max Mhz: 1700, Current Mhz: 1558, Mhz Limit: 1700
Processor Information for processor 14
  Max Mhz: 1700, Current Mhz: 1558, Mhz Limit: 1700
Processor Information for processor 15
  Max Mhz: 1700, Current Mhz: 1558, Mhz Limit: 1700

Memory: 4k page, system-wide physical 16066M (1241M free)
TotalPageFile size 44125M (AvailPageFile size 4693M)
current process WorkingSet (physical memory assigned to process): 218M, peak: 224M
current process commit charge ("private bytes"): 427M, peak: 441M

vm_info: OpenJDK 64-Bit Server VM (21.0.12.1+1-LTS) for windows-amd64 JRE (21.0.12.1+1-LTS), built on 2026-08-18T00:00:00Z by "admin" with MS VC++ 17.12 (VS2022)

END.
