#
# There is insufficient memory for the Java Runtime Environment to continue.
# Native memory allocation (mmap) failed to map 65536 bytes. Error detail: Failed to commit metaspace.
# Possible reasons:
#   The system is out of physical RAM or swap space
#   This process is running with CompressedOops enabled, and the Java Heap may be blocking the growth of the native heap
# Possible solutions:
#   Reduce memory load on the system
#   Increase physical memory or swap space
#   Check if swap backing store is full
#   Decrease Java heap size (-Xmx/-Xms)
#   Decrease number of Java threads
#   Decrease Java thread stack sizes (-Xss)
#   Set larger code cache with -XX:ReservedCodeCacheSize=
#   JVM is running with Unscaled Compressed Oops mode in which the Java heap is
#     placed in the first 4GB address space. The Java Heap base address is the
#     maximum limit for the native heap growth. Please use -XX:HeapBaseMinAddress
#     to set the Java Heap base and to place the Java Heap above 4GB virtual address.
# This output file may be truncated or incomplete.
#
#  Out of Memory Error (virtualSpaceNode.cpp:113), pid=39484, tid=18388
#
# JRE version: OpenJDK Runtime Environment Temurin-21.0.12.1+1 (21.0.12.1+1) (build 21.0.12.1+1-LTS)
# Java VM: OpenJDK 64-Bit Server VM Temurin-21.0.12.1+1 (21.0.12.1+1-LTS, mixed mode, sharing, tiered, compressed oops, compressed class ptrs, g1 gc, windows-amd64)
# No core dump will be written. Minidumps are not enabled by default on client versions of Windows
#

---------------  S U M M A R Y ------------

Command Line: --add-opens=java.base/java.lang=ALL-UNNAMED --add-opens=java.base/java.lang.invoke=ALL-UNNAMED --add-opens=java.base/java.util=ALL-UNNAMED --add-opens=java.prefs/java.util.prefs=ALL-UNNAMED --add-exports=jdk.compiler/com.sun.tools.javac.api=ALL-UNNAMED --add-exports=jdk.compiler/com.sun.tools.javac.util=ALL-UNNAMED --add-opens=java.base/java.util=ALL-UNNAMED --add-opens=java.prefs/java.util.prefs=ALL-UNNAMED --add-opens=java.base/java.nio.charset=ALL-UNNAMED --add-opens=java.base/java.net=ALL-UNNAMED --add-opens=java.base/java.util.concurrent=ALL-UNNAMED --add-opens=java.base/java.util.concurrent.atomic=ALL-UNNAMED --add-opens=java.xml/javax.xml.namespace=ALL-UNNAMED --add-opens=java.base/java.time=ALL-UNNAMED -XX:MaxMetaspaceSize=384m -XX:+HeapDumpOnOutOfMemoryError -Xms256m -Xmx512m -Dfile.encoding=UTF-8 -Duser.country=KR -Duser.language=ko -Duser.variant -javaagent:C:\Users\chae0\.gradle\wrapper\dists\gradle-9.4.1-bin\arn2x92ynaizyzdaamcbpbhtj\gradle-9.4.1\lib\agents\gradle-instrumentation-agent-9.4.1.jar org.gradle.launcher.daemon.bootstrap.GradleDaemon 9.4.1

Host: 12th Gen Intel(R) Core(TM) i5-1240P, 16 cores, 15G,  Windows 11 , 64 bit Build 26100 (10.0.26100.9168)
Time: Sat Sep 12 14:58:04 2026 elapsed time: 180.694884 seconds (0d 0h 3m 0s)

---------------  T H R E A D  ---------------

Current thread (0x000002ad7b204870):  JavaThread "Daemon worker"        [_thread_in_vm, id=18388, stack(0x000000cc07d00000,0x000000cc07e00000) (1024K)]

Stack: [0x000000cc07d00000,0x000000cc07e00000]
Native frames: (J=compiled Java code, j=interpreted, Vv=VM code, C=native code)
V  [jvm.dll+0x6d83e9]
V  [jvm.dll+0x8b5736]
V  [jvm.dll+0x8b7cee]
V  [jvm.dll+0x8b83d3]
V  [jvm.dll+0x284596]
V  [jvm.dll+0x8b147e]
V  [jvm.dll+0x679ad4]
V  [jvm.dll+0x1e849b]
V  [jvm.dll+0x1e825e]
V  [jvm.dll+0x67c3d2]
V  [jvm.dll+0x67c202]
V  [jvm.dll+0x67a4ae]
V  [jvm.dll+0x219b60]
V  [jvm.dll+0x21a5d8]
V  [jvm.dll+0x20f80e]
V  [jvm.dll+0x5b6a7f]
V  [jvm.dll+0x82f606]
V  [jvm.dll+0x4792f8]
V  [jvm.dll+0x47f128]
C  [java.dll+0x17ec]

Java frames: (J=compiled Java code, j=interpreted, Vv=VM code)
J 779  java.lang.ClassLoader.defineClass1(Ljava/lang/ClassLoader;Ljava/lang/String;[BIILjava/security/ProtectionDomain;Ljava/lang/String;)Ljava/lang/Class; java.base@21.0.12.1 (0 bytes) @ 0x000002ad69b69711 [0x000002ad69b69640+0x00000000000000d1]
J 1057 c1 java.lang.ClassLoader.defineClass(Ljava/lang/String;[BIILjava/security/ProtectionDomain;)Ljava/lang/Class; java.base@21.0.12.1 (43 bytes) @ 0x000002ad62149c74 [0x000002ad62149920+0x0000000000000354]
J 1071 c1 java.security.SecureClassLoader.defineClass(Ljava/lang/String;[BIILjava/security/CodeSource;)Ljava/lang/Class; java.base@21.0.12.1 (16 bytes) @ 0x000002ad6215629c [0x000002ad621561c0+0x00000000000000dc]
J 955 c1 java.net.URLClassLoader.defineClass(Ljava/lang/String;Ljdk/internal/loader/Resource;)Ljava/lang/Class; java.base@21.0.12.1 (224 bytes) @ 0x000002ad6211bb54 [0x000002ad6211a400+0x0000000000001754]
J 848 c1 java.net.URLClassLoader$1.run()Ljava/lang/Class; java.base@21.0.12.1 (81 bytes) @ 0x000002ad620e51fc [0x000002ad620e45c0+0x0000000000000c3c]
J 847 c1 java.net.URLClassLoader$1.run()Ljava/lang/Object; java.base@21.0.12.1 (5 bytes) @ 0x000002ad620e2dd4 [0x000002ad620e2d40+0x0000000000000094]
J 673 c1 java.security.AccessController.doPrivileged(Ljava/security/PrivilegedExceptionAction;Ljava/security/AccessControlContext;)Ljava/lang/Object; java.base@21.0.12.1 (26 bytes) @ 0x000002ad62082a0c [0x000002ad62082820+0x00000000000001ec]
J 845 c1 java.net.URLClassLoader.findClass(Ljava/lang/String;)Ljava/lang/Class; java.base@21.0.12.1 (47 bytes) @ 0x000002ad620e37cc [0x000002ad620e3620+0x00000000000001ac]
J 774 c1 java.lang.ClassLoader.loadClass(Ljava/lang/String;Z)Ljava/lang/Class; java.base@21.0.12.1 (121 bytes) @ 0x000002ad620bc624 [0x000002ad620bc060+0x00000000000005c4]
J 795 c1 java.lang.ClassLoader.loadClass(Ljava/lang/String;)Ljava/lang/Class; java.base@21.0.12.1 (7 bytes) @ 0x000002ad620cf054 [0x000002ad620cef40+0x0000000000000114]
v  ~StubRoutines::call_stub 0x000002ad693d100d
j  com.google.common.cache.LocalCache.<init>(Lcom/google/common/cache/CacheBuilder;Lcom/google/common/cache/CacheLoader;)V+149
j  com.google.common.cache.LocalCache$LocalManualCache.<init>(Lcom/google/common/cache/CacheBuilder;)V+7
j  com.google.common.cache.CacheBuilder.build()Lcom/google/common/cache/Cache;+13
j  org.gradle.api.tasks.util.internal.CachingPatternSpecFactory.<init>()V+33
j  org.gradle.internal.service.scopes.GlobalScopeServices.createPatternSpecFactory(Lorg/gradle/internal/event/ListenerManager;)Lorg/gradle/api/tasks/util/internal/PatternSpecFactory;+4
j  java.lang.invoke.LambdaForm$DMH+0x000002ad0103a400.invokeVirtual(Ljava/lang/Object;Ljava/lang/Object;Ljava/lang/Object;)Ljava/lang/Object;+11 java.base@21.0.12.1
j  java.lang.invoke.LambdaForm$MH+0x000002ad0103b000.invoke(Ljava/lang/Object;Ljava/lang/Object;Ljava/lang/Object;)Ljava/lang/Object;+52 java.base@21.0.12.1
J 2248 c1 jdk.internal.reflect.DirectMethodHandleAccessor.invoke(Ljava/lang/Object;[Ljava/lang/Object;)Ljava/lang/Object; java.base@21.0.12.1 (92 bytes) @ 0x000002ad623d4bbc [0x000002ad623d2fc0+0x0000000000001bfc]
J 2246 c1 java.lang.reflect.Method.invoke(Ljava/lang/Object;[Ljava/lang/Object;)Ljava/lang/Object; java.base@21.0.12.1 (108 bytes) @ 0x000002ad623cd1d4 [0x000002ad623cccc0+0x0000000000000514]
j  org.gradle.internal.reflect.JavaMethod.invoke(Ljava/lang/Object;[Ljava/lang/Object;)Ljava/lang/Object;+6
j  org.gradle.internal.service.ReflectionBasedServiceMethod.invoke(Ljava/lang/Object;[Ljava/lang/Object;)Ljava/lang/Object;+6
j  org.gradle.internal.service.DefaultServiceRegistry$FactoryMethodService.invokeMethod([Ljava/lang/Object;)Ljava/lang/Object;+28
j  org.gradle.internal.service.DefaultServiceRegistry$FactoryService.createServiceInstance()Ljava/lang/Object;+7
j  org.gradle.internal.service.DefaultServiceRegistry$FactoryMethodService.createServiceInstance()Ljava/lang/Object;+1
j  org.gradle.internal.service.DefaultServiceRegistry$ManagedObjectServiceProvider.getInstance()Ljava/lang/Object;+24
j  org.gradle.internal.service.DefaultServiceRegistry$SingletonService.get()Ljava/lang/Object;+1
j  org.gradle.internal.service.DefaultServiceRegistry$FactoryService.assembleParameters()[Ljava/lang/Object;+75
j  org.gradle.internal.service.DefaultServiceRegistry$FactoryService.createServiceInstance()Ljava/lang/Object;+1
j  org.gradle.internal.service.DefaultServiceRegistry$FactoryMethodService.createServiceInstance()Ljava/lang/Object;+1
j  org.gradle.internal.service.DefaultServiceRegistry$ManagedObjectServiceProvider.getInstance()Ljava/lang/Object;+24
j  org.gradle.internal.service.DefaultServiceRegistry$SingletonService.get()Ljava/lang/Object;+1
j  org.gradle.internal.service.DefaultServiceRegistry$FactoryService.assembleParameters()[Ljava/lang/Object;+75
j  org.gradle.internal.service.DefaultServiceRegistry$FactoryService.createServiceInstance()Ljava/lang/Object;+1
j  org.gradle.internal.service.DefaultServiceRegistry$FactoryMethodService.createServiceInstance()Ljava/lang/Object;+1
j  org.gradle.internal.service.DefaultServiceRegistry$ManagedObjectServiceProvider.getInstance()Ljava/lang/Object;+24
j  org.gradle.internal.service.DefaultServiceRegistry$SingletonService.get()Ljava/lang/Object;+1
j  org.gradle.internal.service.DefaultServiceRegistry$FactoryService.assembleParameters()[Ljava/lang/Object;+75
j  org.gradle.internal.service.DefaultServiceRegistry$FactoryService.createServiceInstance()Ljava/lang/Object;+1
j  org.gradle.internal.service.DefaultServiceRegistry$FactoryMethodService.createServiceInstance()Ljava/lang/Object;+1
j  org.gradle.internal.service.DefaultServiceRegistry$ManagedObjectServiceProvider.getInstance()Ljava/lang/Object;+24
j  org.gradle.internal.service.DefaultServiceRegistry$SingletonService.get()Ljava/lang/Object;+1
j  org.gradle.internal.service.DefaultServiceRegistry$FactoryService.assembleParameters()[Ljava/lang/Object;+75
j  org.gradle.internal.service.DefaultServiceRegistry$FactoryService.createServiceInstance()Ljava/lang/Object;+1
j  org.gradle.internal.service.DefaultServiceRegistry$FactoryMethodService.createServiceInstance()Ljava/lang/Object;+1
j  org.gradle.internal.service.DefaultServiceRegistry$ManagedObjectServiceProvider.getInstance()Ljava/lang/Object;+24
j  org.gradle.internal.service.DefaultServiceRegistry$SingletonService.get()Ljava/lang/Object;+1
j  org.gradle.internal.service.DefaultServiceRegistry.applyConfigureMethod(Lorg/gradle/internal/service/ServiceAccessToken;Lorg/gradle/internal/service/ServiceMethod;Ljava/lang/Object;)V+132
j  org.gradle.internal.service.DefaultServiceRegistry.findProviderMethods(Lorg/gradle/internal/service/ServiceRegistrationProvider;Lorg/gradle/internal/service/ServiceAccessToken;)V+215
j  org.gradle.internal.service.DefaultServiceRegistry.addProvider(Lorg/gradle/internal/service/ServiceRegistrationProvider;)Lorg/gradle/internal/service/DefaultServiceRegistry;+18
j  org.gradle.internal.service.DefaultServiceRegistry$1.addProvider(Lorg/gradle/internal/service/ServiceRegistrationProvider;)V+5
j  org.gradle.internal.service.scopes.GradleUserHomeScopeServices.configure(Lorg/gradle/internal/service/ServiceRegistration;)V+13
j  java.lang.invoke.DirectMethodHandle$Holder.invokeVirtual(Ljava/lang/Object;Ljava/lang/Object;Ljava/lang/Object;)V+11 java.base@21.0.12.1
j  java.lang.invoke.LambdaForm$MH+0x000002ad0103a000.invoke(Ljava/lang/Object;Ljava/lang/Object;)Ljava/lang/Object;+39 java.base@21.0.12.1
j  java.lang.invoke.LambdaForm$MH+0x000002ad01039800.invoke(Ljava/lang/Object;Ljava/lang/Object;Ljava/lang/Object;)Ljava/lang/Object;+45 java.base@21.0.12.1
j  java.lang.invoke.Invokers$Holder.invokeExact_MT(Ljava/lang/Object;Ljava/lang/Object;Ljava/lang/Object;Ljava/lang/Object;)Ljava/lang/Object;+20 java.base@21.0.12.1
j  java.lang.invoke.MethodHandle.invokeWithArguments([Ljava/lang/Object;)Ljava/lang/Object;+28 java.base@21.0.12.1
j  org.gradle.internal.service.MethodHandleBasedServiceMethod.invoke(Ljava/lang/Object;[Ljava/lang/Object;)Ljava/lang/Object;+9
j  org.gradle.internal.service.DefaultServiceRegistry.applyConfigureMethod(Lorg/gradle/internal/service/ServiceAccessToken;Lorg/gradle/internal/service/ServiceMethod;Ljava/lang/Object;)V+148
j  org.gradle.internal.service.DefaultServiceRegistry.findProviderMethods(Lorg/gradle/internal/service/ServiceRegistrationProvider;Lorg/gradle/internal/service/ServiceAccessToken;)V+215
j  org.gradle.internal.service.DefaultServiceRegistry.addProvider(Lorg/gradle/internal/service/ServiceRegistrationProvider;)Lorg/gradle/internal/service/DefaultServiceRegistry;+18
j  org.gradle.internal.service.ServiceRegistryBuilder.build()Lorg/gradle/internal/service/CloseableServiceRegistry;+93
j  org.gradle.internal.service.scopes.DefaultGradleUserHomeScopeServiceRegistry.getServicesFor(Ljava/io/File;)Lorg/gradle/internal/service/ServiceRegistry;+152
j  org.gradle.internal.session.BuildSessionState.<init>(Lorg/gradle/internal/service/scopes/GradleUserHomeScopeServiceRegistry;Lorg/gradle/internal/session/CrossBuildSessionState;Lorg/gradle/api/internal/StartParameterInternal;Lorg/gradle/initialization/BuildRequestMetaData;Lorg/gradle/internal/classpath/ClassPath;Lorg/gradle/initialization/BuildCancellationToken;Lorg/gradle/initialization/BuildClientMetaData;Lorg/gradle/initialization/BuildEventConsumer;)V+15
j  org.gradle.internal.buildprocess.execution.BuildSessionLifecycleBuildActionExecutor.execute(Lorg/gradle/internal/invocation/BuildAction;Lorg/gradle/launcher/exec/BuildActionParameters;Lorg/gradle/initialization/BuildRequestContext;)Lorg/gradle/launcher/exec/BuildActionResult;+96
j  org.gradle.internal.buildprocess.execution.BuildSessionLifecycleBuildActionExecutor.execute(Lorg/gradle/internal/invocation/BuildAction;Ljava/lang/Object;Ljava/lang/Object;)Lorg/gradle/launcher/exec/BuildActionResult;+10
j  org.gradle.internal.buildprocess.execution.StartParamsValidatingActionExecutor.execute(Lorg/gradle/internal/invocation/BuildAction;Lorg/gradle/launcher/exec/BuildActionParameters;Lorg/gradle/initialization/BuildRequestContext;)Lorg/gradle/launcher/exec/BuildActionResult;+142
j  org.gradle.internal.buildprocess.execution.StartParamsValidatingActionExecutor.execute(Lorg/gradle/internal/invocation/BuildAction;Ljava/lang/Object;Ljava/lang/Object;)Lorg/gradle/launcher/exec/BuildActionResult;+10
j  org.gradle.internal.buildprocess.execution.SessionFailureReportingActionExecutor.execute(Lorg/gradle/internal/invocation/BuildAction;Lorg/gradle/launcher/exec/BuildActionParameters;Lorg/gradle/initialization/BuildRequestContext;)Lorg/gradle/launcher/exec/BuildActionResult;+7
j  org.gradle.internal.buildprocess.execution.SessionFailureReportingActionExecutor.execute(Lorg/gradle/internal/invocation/BuildAction;Ljava/lang/Object;Ljava/lang/Object;)Lorg/gradle/launcher/exec/BuildActionResult;+10
j  org.gradle.internal.buildprocess.execution.SetupLoggingActionExecutor.execute(Lorg/gradle/internal/invocation/BuildAction;Lorg/gradle/launcher/exec/BuildActionParameters;Lorg/gradle/initialization/BuildRequestContext;)Lorg/gradle/launcher/exec/BuildActionResult;+50
j  org.gradle.internal.buildprocess.execution.SetupLoggingActionExecutor.execute(Lorg/gradle/internal/invocation/BuildAction;Ljava/lang/Object;Ljava/lang/Object;)Lorg/gradle/launcher/exec/BuildActionResult;+10
j  org.gradle.launcher.daemon.server.exec.ExecuteBuild.doBuild(Lorg/gradle/launcher/daemon/server/api/DaemonCommandExecution;Lorg/gradle/launcher/daemon/protocol/Build;)V+147
j  org.gradle.launcher.daemon.server.exec.BuildCommandOnly.execute(Lorg/gradle/launcher/daemon/server/api/DaemonCommandExecution;)V+49
j  org.gradle.launcher.daemon.server.api.DaemonCommandExecution.proceed()Z+23
j  org.gradle.launcher.daemon.server.exec.WatchForDisconnection.execute(Lorg/gradle/launcher/daemon/server/api/DaemonCommandExecution;)V+19
j  org.gradle.launcher.daemon.server.api.DaemonCommandExecution.proceed()Z+23
j  org.gradle.launcher.daemon.server.exec.ResetDeprecationLogger.execute(Lorg/gradle/launcher/daemon/server/api/DaemonCommandExecution;)V+7
j  org.gradle.launcher.daemon.server.api.DaemonCommandExecution.proceed()Z+23
j  org.gradle.launcher.daemon.server.exec.RequestStopIfSingleUsedDaemon.execute(Lorg/gradle/launcher/daemon/server/api/DaemonCommandExecution;)V+33
j  org.gradle.launcher.daemon.server.api.DaemonCommandExecution.proceed()Z+23
j  org.gradle.launcher.daemon.server.exec.ForwardClientInput.lambda$execute$0(Lorg/gradle/launcher/daemon/server/api/DaemonCommandExecution;Lorg/gradle/internal/daemon/clientinput/StdinHandler;)Ljava/lang/Object;+11
j  org.gradle.launcher.daemon.server.exec.ForwardClientInput$$Lambda+0x000002ad0119a5c0.apply(Ljava/lang/Object;)Ljava/lang/Object;+8
j  org.gradle.internal.daemon.clientinput.ClientInputForwarder.forwardInput(Ljava/util/function/Function;)Ljava/lang/Object;+46
j  org.gradle.launcher.daemon.server.exec.ForwardClientInput.execute(Lorg/gradle/launcher/daemon/server/api/DaemonCommandExecution;)V+10
j  org.gradle.launcher.daemon.server.api.DaemonCommandExecution.proceed()Z+23
j  org.gradle.launcher.daemon.server.exec.LogAndCheckHealth.execute(Lorg/gradle/launcher/daemon/server/api/DaemonCommandExecution;)V+51
j  org.gradle.launcher.daemon.server.api.DaemonCommandExecution.proceed()Z+23
j  org.gradle.launcher.daemon.server.exec.LogToClient.doBuild(Lorg/gradle/launcher/daemon/server/api/DaemonCommandExecution;Lorg/gradle/launcher/daemon/protocol/Build;)V+87
j  org.gradle.launcher.daemon.server.exec.BuildCommandOnly.execute(Lorg/gradle/launcher/daemon/server/api/DaemonCommandExecution;)V+49
j  org.gradle.launcher.daemon.server.api.DaemonCommandExecution.proceed()Z+23
j  org.gradle.launcher.daemon.server.exec.EstablishBuildEnvironment.doBuild(Lorg/gradle/launcher/daemon/server/api/DaemonCommandExecution;Lorg/gradle/launcher/daemon/protocol/Build;)V+356
j  org.gradle.launcher.daemon.server.exec.BuildCommandOnly.execute(Lorg/gradle/launcher/daemon/server/api/DaemonCommandExecution;)V+49
j  org.gradle.launcher.daemon.server.api.DaemonCommandExecution.proceed()Z+23
j  org.gradle.launcher.daemon.server.exec.StartBuildOrRespondWithBusy$1.run()V+44
j  org.gradle.launcher.daemon.server.DaemonStateCoordinator.lambda$runCommand$0(Ljava/lang/Runnable;)V+1
j  org.gradle.launcher.daemon.server.DaemonStateCoordinator$$Lambda+0x000002ad01199358.run()V+8
j  org.gradle.internal.concurrent.ExecutorPolicy$CatchAndRecordFailures.onExecute(Ljava/lang/Runnable;)V+1
j  org.gradle.internal.concurrent.AbstractManagedExecutor$1.run()V+25
j  java.util.concurrent.ThreadPoolExecutor.runWorker(Ljava/util/concurrent/ThreadPoolExecutor$Worker;)V+92 java.base@21.0.12.1
j  java.util.concurrent.ThreadPoolExecutor$Worker.run()V+5 java.base@21.0.12.1
j  java.lang.Thread.runWith(Ljava/lang/Object;Ljava/lang/Runnable;)V+5 java.base@21.0.12.1
j  java.lang.Thread.run()V+19 java.base@21.0.12.1
v  ~StubRoutines::call_stub 0x000002ad693d100d

Compiled method (n/a) 183277  779     n 0       java.lang.ClassLoader::defineClass1 (native)
 total in heap  [0x000002ad69b69490,0x000002ad69b69a28] = 1432
 relocation     [0x000002ad69b695f0,0x000002ad69b69628] = 56
 main code      [0x000002ad69b69640,0x000002ad69b69a21] = 993
 stub code      [0x000002ad69b69a21,0x000002ad69b69a28] = 7

[Constant Pool (empty)]

[MachCode]
[Entry Point]
  # {method} {0x000002ad00434c38} 'defineClass1' '(Ljava/lang/ClassLoader;Ljava/lang/String;[BIILjava/security/ProtectionDomain;Ljava/lang/String;)Ljava/lang/Class;' in 'java/lang/ClassLoader'
  # parm0:    rdx:rdx   = 'java/lang/ClassLoader'
  # parm1:    r8:r8     = 'java/lang/String'
  # parm2:    r9:r9     = '[B'
  # parm3:    rdi       = int
  # parm4:    rsi       = int
  # parm5:    rcx:rcx   = 'java/security/ProtectionDomain'
  # parm6:    [sp+0xa0]   = 'java/lang/String'  (sp of caller)
  0x000002ad69b69640: 448b 5208 | 49bb 0000 | 0000 ad02 | 0000 4d03 | d349 3bc2 | 0f84 0600 

  0x000002ad69b69658: ;   {runtime_call ic_miss_stub}
  0x000002ad69b69658: 0000 e921 | 518b ff90 
[Verified Entry Point]
  0x000002ad69b69660: 8984 2400 | 80ff ff55 | 488b ec48 | 81ec 9000 | 0000 6690 | 4181 7f20 | 0100 0000 

  0x000002ad69b6967c: ;   {runtime_call StubRoutines (final stubs)}
  0x000002ad69b6967c: 7405 e81d | ce89 ff48 | 837d 1000 | 488d 4510 | 480f 4445 | 1048 8944 | 2440 4889 | 4c24 7048 
  0x000002ad69b6969c: 83f9 0048 | 8d44 2470 | 480f 4444 | 2470 4889 | 4424 3848 | 8974 2430 | 4889 7c24 | 284c 894c 
  0x000002ad69b696bc: 2458 4983 | f900 488d | 4424 5848 | 0f44 4424 | 5848 8944 | 2420 4c89 | 4424 5049 | 83f8 004c 
  0x000002ad69b696dc: 8d4c 2450 | 4c0f 444c | 2450 4889 | 5424 4848 | 83fa 004c | 8d44 2448 | 4c0f 4444 

  0x000002ad69b696f8: ;   {oop(a 'java/lang/Class'{0x00000000e08f64b0} = 'java/lang/ClassLoader')}
  0x000002ad69b696f8: 2448 49be | b064 8fe0 | 0000 0000 | 4c89 7424 | 784c 8d74 | 2478 498b | d6c5 f877 

  0x000002ad69b69714: ;   {internal_word}
  0x000002ad69b69714: 49ba 1197 | b669 ad02 | 0000 4d89 | 97a8 0300 | 0049 89a7 | a003 0000 

  0x000002ad69b6972c: ;   {external_word}
  0x000002ad69b6972c: 49ba 066d | 7b82 fd7f | 0000 4180 | 3a00 0f84 | 4e00 0000 | 5241 5041 

  0x000002ad69b69744: ;   {metadata({method} {0x000002ad00434c38} 'defineClass1' '(Ljava/lang/ClassLoader;Ljava/lang/String;[BIILjava/security/ProtectionDomain;Ljava/lang/String;)Ljava/lang/Class;' in 'java/lang/ClassLoader')}
  0x000002ad69b69744: 5148 ba30 | 4c43 00ad | 0200 0049 | 8bcf 4883 | ec20 40f6 | c40f 0f84 | 1900 0000 | 4883 ec08 
  0x000002ad69b69764: ;   {runtime_call}
  0x000002ad69b69764: 48b8 e0ea | 2482 fd7f | 0000 ffd0 | 4883 c408 | e90c 0000 

  0x000002ad69b69778: ;   {runtime_call}
  0x000002ad69b69778: 0048 b8e0 | ea24 82fd | 7f00 00ff | d048 83c4 | 2041 5941 | 585a 498d | 8fc0 0300 | 0041 c787 
  0x000002ad69b69798: 4c04 0000 | 0400 0000 

  0x000002ad69b697a0: ;   {runtime_call}
  0x000002ad69b697a0: 48b8 ac16 | 8140 fe7f | 0000 ffd0 | c5f8 7741 | c787 4c04 | 0000 0500 | 0000 f083 | 4424 c000 
  0x000002ad69b697c0: 493b af50 | 0400 000f | 870e 0000 | 0041 83bf | 4804 0000 | 000f 842b | 0000 00c5 | f877 4889 
  0x000002ad69b697e0: 45f8 498b | cf4c 8be4 | 4883 ec20 | 4883 e4f0 

  0x000002ad69b697f0: ;   {runtime_call}
  0x000002ad69b697f0: 48b8 0058 | f081 fd7f | 0000 ffd0 | 498b e44d | 33e4 488b | 45f8 41c7 | 874c 0400 | 0008 0000 
  0x000002ad69b69810: 0041 83bf | c804 0000 | 020f 84d5 

  0x000002ad69b6981c: ;   {external_word}
  0x000002ad69b6981c: 0100 0049 | ba06 6d7b | 82fd 7f00 | 0041 803a | 000f 844c | 0000 0048 

  0x000002ad69b69834: ;   {metadata({method} {0x000002ad00434c38} 'defineClass1' '(Ljava/lang/ClassLoader;Ljava/lang/String;[BIILjava/security/ProtectionDomain;Ljava/lang/String;)Ljava/lang/Class;' in 'java/lang/ClassLoader')}
  0x000002ad69b69834: 8945 f848 | ba30 4c43 | 00ad 0200 | 0049 8bcf | 4883 ec20 | 40f6 c40f | 0f84 1900 | 0000 4883 
  0x000002ad69b69854: ;   {runtime_call}
  0x000002ad69b69854: ec08 48b8 | e0ea 2482 | fd7f 0000 | ffd0 4883 | c408 e90c 

  0x000002ad69b69868: ;   {runtime_call}
  0x000002ad69b69868: 0000 0048 | b8e0 ea24 | 82fd 7f00 | 00ff d048 | 83c4 2048 | 8b45 f849 | c787 a003 | 0000 0000 
  0x000002ad69b69888: 0000 49c7 | 87a8 0300 | 0000 0000 | 00c5 f877 | 4885 c00f | 8430 0100 | 00a8 030f | 8508 0000 
  0x000002ad69b698a8: 0048 8b00 | e920 0100 | 00a8 010f | 8509 0000 | 0048 8b40 | fee9 0f01 | 0000 488b | 40ff 4180 
  0x000002ad69b698c8: 7f40 000f | 8400 0100 | 0048 83f8 | 000f 84f6 | 0000 0049 | 8b4f 2848 | 83f9 000f | 8414 0000 
  0x000002ad69b698e8: 0048 83e9 | 0849 894f | 2849 034f | 3848 8901 | e9d4 0000 | 0048 83ec | 7048 8904 | 2448 894c 
  0x000002ad69b69908: 2408 4889 | 5424 104c | 8944 2418 | 4c89 4c24 | 204c 8954 | 2428 4c89 | 5c24 30c5 | fb11 4424 
  0x000002ad69b69928: 40c5 fb11 | 4c24 48c5 | fb11 5424 | 50c5 fb11 | 5c24 58c5 | fb11 6424 | 60c5 fb11 | 6c24 6849 
  0x000002ad69b69948: 8bd7 488b | c848 83ec | 2040 f6c4 | 0f0f 8419 | 0000 0048 

  0x000002ad69b6995c: ;   {runtime_call}
  0x000002ad69b6995c: 83ec 0848 | b820 a4e3 | 81fd 7f00 | 00ff d048 | 83c4 08e9 | 0c00 0000 

  0x000002ad69b69974: ;   {runtime_call}
  0x000002ad69b69974: 48b8 20a4 | e381 fd7f | 0000 ffd0 | 4883 c420 | c5fb 106c | 2468 c5fb | 1064 2460 | c5fb 105c 
  0x000002ad69b69994: 2458 c5fb | 1054 2450 | c5fb 104c | 2448 c5fb | 1044 2440 | 4c8b 5c24 | 304c 8b54 | 2428 4c8b 
  0x000002ad69b699b4: 4c24 204c | 8b44 2418 | 488b 5424 | 1048 8b4c | 2408 488b | 0424 4883 | c470 c5f8 | 7749 8b8f 
  0x000002ad69b699d4: 3004 0000 | c781 0001 | 0000 0000 | 0000 c949 | 837f 0800 | 0f85 0100 

  0x000002ad69b699ec: ;   {runtime_call StubRoutines (initial stubs)}
  0x000002ad69b699ec: 0000 c3e9 | 0c75 86ff | c5f8 7748 | 8945 f84c | 8be4 4883 | ec20 4883 

  0x000002ad69b69a04: ;   {runtime_call}
  0x000002ad69b69a04: e4f0 48b8 | 3022 2582 | fd7f 0000 | ffd0 498b | e44d 33e4 | 488b 45f8 | e9fe fdff | fff4 f4f4 
  0x000002ad69b69a24: f4f4 f4f4 
[/MachCode]


Compiled method (c1) 185200 1057       3       java.lang.ClassLoader::defineClass (43 bytes)
 total in heap  [0x000002ad62149710,0x000002ad6214a060] = 2384
 relocation     [0x000002ad62149870,0x000002ad62149910] = 160
 main code      [0x000002ad62149920,0x000002ad62149db8] = 1176
 stub code      [0x000002ad62149db8,0x000002ad62149e30] = 120
 metadata       [0x000002ad62149e30,0x000002ad62149e60] = 48
 scopes data    [0x000002ad62149e60,0x000002ad62149f50] = 240
 scopes pcs     [0x000002ad62149f50,0x000002ad6214a030] = 224
 dependencies   [0x000002ad6214a030,0x000002ad6214a038] = 8
 nul chk table  [0x000002ad6214a038,0x000002ad6214a060] = 40

[Constant Pool (empty)]

[MachCode]
[Entry Point]
  # {method} {0x000002ad00434fb8} 'defineClass' '(Ljava/lang/String;[BIILjava/security/ProtectionDomain;)Ljava/lang/Class;' in 'java/lang/ClassLoader'
  # this:     rdx:rdx   = 'java/lang/ClassLoader'
  # parm0:    r8:r8     = 'java/lang/String'
  # parm1:    r9:r9     = '[B'
  # parm2:    rdi       = int
  # parm3:    rsi       = int
  # parm4:    rcx:rcx   = 'java/security/ProtectionDomain'
  #           [sp+0xc0]  (sp of caller)
  0x000002ad62149920: 448b 5208 | 49bb 0000 | 0000 ad02 | 0000 4d03 | d34c 3bd0 

  0x000002ad62149934: ;   {runtime_call ic_miss_stub}
  0x000002ad62149934: 0f85 464e | 2d07 660f | 1f44 0000 
[Verified Entry Point]
  0x000002ad62149940: 8984 2400 | 80ff ff55 | 4881 ecb0 | 0000 0090 | 4181 7f20 | 0100 0000 

  0x000002ad62149958: ;   {runtime_call StubRoutines (final stubs)}
  0x000002ad62149958: 7405 e841 | cb2b 0748 | 8954 2478 

  0x000002ad62149964: ;   {metadata(method data for {method} {0x000002ad00434fb8} 'defineClass' '(Ljava/lang/String;[BIILjava/security/ProtectionDomain;)Ljava/lang/Class;' in 'java/lang/ClassLoader')}
  0x000002ad62149964: 48bb 4076 | 1876 ad02 | 0000 8b83 | cc00 0000 | 83c0 0289 | 83cc 0000 | 0025 fe07 | 0000 85c0 
  0x000002ad62149984: 0f84 5003 | 0000 89b4 | 2494 0000 | 0089 bc24 | 9000 0000 | 4c89 8c24 | 8800 0000 

  0x000002ad621499a0: ;   {metadata(method data for {method} {0x000002ad00434fb8} 'defineClass' '(Ljava/lang/String;[BIILjava/security/ProtectionDomain;)Ljava/lang/Class;' in 'java/lang/ClassLoader')}
  0x000002ad621499a0: 488b da48 | b840 7618 | 76ad 0200 | 0048 8380 | 1001 0000 | 0149 8bd8 | 4c8b c34c | 8bc9 488b 
  0x000002ad621499c0: ca48 8bd1 | 4889 9c24 | 8000 0000 

  0x000002ad621499cc: ;   {optimized virtual_call}
  0x000002ad621499cc: 6666 90e8 

  0x000002ad621499d0: ; ImmutableOopMap {[120]=Oop [128]=Oop [136]=Oop }
                      ;*invokevirtual preDefineClass {reexecute=0 rethrow=0 return_oop=0}
                      ; - java.lang.ClassLoader::defineClass@4
  0x000002ad621499d0: 4c0a 0000 

  0x000002ad621499d4: ;   {other}
  0x000002ad621499d4: 0f1f 8400 | c402 0000 | 4889 8424 | 9800 0000 | 488b 5424 

  0x000002ad621499e8: ;   {metadata(method data for {method} {0x000002ad00434fb8} 'defineClass' '(Ljava/lang/String;[BIILjava/security/ProtectionDomain;)Ljava/lang/Class;' in 'java/lang/ClassLoader')}
  0x000002ad621499e8: 7849 b840 | 7618 76ad | 0200 0049 | 8380 4801 

  0x000002ad621499f8: ;   {metadata(method data for {method} {0x000002ad00434ca0} 'defineClassSourceLocation' '(Ljava/security/ProtectionDomain;)Ljava/lang/String;' in 'java/lang/ClassLoader')}
  0x000002ad621499f8: 0000 0149 | b858 7d18 | 76ad 0200 | 0041 8b90 | cc00 0000 | 83c2 0241 | 8990 cc00 | 0000 81e2 
  0x000002ad62149a18: feff 1f00 | 85d2 0f84 | d702 0000 

  0x000002ad62149a24: ; implicit exception: dispatches to 0x000002ad62149d1c
  0x000002ad62149a24: 483b 004c 

  0x000002ad62149a28: ;   {metadata(method data for {method} {0x000002ad00434ca0} 'defineClassSourceLocation' '(Ljava/security/ProtectionDomain;)Ljava/lang/String;' in 'java/lang/ClassLoader')}
  0x000002ad62149a28: 8bc0 48ba | 587d 1876 | ad02 0000 | 4883 8210 | 0100 0001 | 448b 4010 

  0x000002ad62149a40: ;   {metadata(method data for {method} {0x000002ad00434ca0} 'defineClassSourceLocation' '(Ljava/security/ProtectionDomain;)Ljava/lang/String;' in 'java/lang/ClassLoader')}
  0x000002ad62149a40: 4d85 c048 | ba58 7d18 | 76ad 0200 | 0048 c7c6 | 5801 0000 | 7507 48c7 | c648 0100 | 0048 8b3c 
  0x000002ad62149a60: 3248 8d7f | 0148 893c | 320f 850f 

  0x000002ad62149a6c: ;   {oop(nullptr)}
  0x000002ad62149a6c: 0000 0048 | bb00 0000 | 0000 0000 | 00e9 a101 | 0000 493b | 0049 8bd0 

  0x000002ad62149a84: ;   {metadata(method data for {method} {0x000002ad00434ca0} 'defineClassSourceLocation' '(Ljava/security/ProtectionDomain;)Ljava/lang/String;' in 'java/lang/ClassLoader')}
  0x000002ad62149a84: 48be 587d | 1876 ad02 | 0000 4883 | 8668 0100 | 0001 418b | 500c 4885 

  0x000002ad62149a9c: ;   {metadata(method data for {method} {0x000002ad00434ca0} 'defineClassSourceLocation' '(Ljava/security/ProtectionDomain;)Ljava/lang/String;' in 'java/lang/ClassLoader')}
  0x000002ad62149a9c: d248 be58 | 7d18 76ad | 0200 0048 | c7c7 b001 | 0000 7507 | 48c7 c7a0 | 0100 0048 | 8b1c 3e48 
  0x000002ad62149abc: 8d5b 0148 | 891c 3e0f | 850f 0000 

  0x000002ad62149ac8: ;   {oop(nullptr)}
  0x000002ad62149ac8: 0048 bb00 | 0000 0000 | 0000 00e9 | 4701 0000 

  0x000002ad62149ad8: ;   {metadata(method data for {method} {0x000002ad00434ca0} 'defineClassSourceLocation' '(Ljava/security/ProtectionDomain;)Ljava/lang/String;' in 'java/lang/ClassLoader')}
  0x000002ad62149ad8: 48be 587d | 1876 ad02 | 0000 4883 | 86c0 0100 | 0001 483b | 024c 8bc2 

  0x000002ad62149af0: ;   {metadata(method data for {method} {0x000002ad00434ca0} 'defineClassSourceLocation' '(Ljava/security/ProtectionDomain;)Ljava/lang/String;' in 'java/lang/ClassLoader')}
  0x000002ad62149af0: 48be 587d | 1876 ad02 | 0000 4883 | 86f8 0100 

  0x000002ad62149b00: ;   {metadata(method data for {method} {0x000002ad0001abf0} 'toString' '()Ljava/lang/String;' in 'java/net/URL')}
  0x000002ad62149b00: 0001 49b8 | 58d9 0e76 | ad02 0000 | 418b b0cc | 0000 0083 | c602 4189 | b0cc 0000 | 0081 e6fe 
  0x000002ad62149b20: ff1f 0085 | f60f 8400 | 0200 004c 

  0x000002ad62149b2c: ;   {metadata(method data for {method} {0x000002ad0001abf0} 'toString' '()Ljava/lang/String;' in 'java/net/URL')}
  0x000002ad62149b2c: 8bc2 48be | 58d9 0e76 | ad02 0000 | 4883 8610 | 0100 0001 

  0x000002ad62149b40: ;   {metadata(method data for {method} {0x000002ad00428840} 'toExternalForm' '()Ljava/lang/String;' in 'java/net/URL')}
  0x000002ad62149b40: 49b8 e0da | 0e76 ad02 | 0000 418b | b0cc 0000 | 0083 c602 | 4189 b0cc | 0000 0081 | e6fe ff1f 
  0x000002ad62149b60: 0085 f60f | 84e3 0100 | 008b 7238 

  0x000002ad62149b6c: ; implicit exception: dispatches to 0x000002ad62149d6d
  0x000002ad62149b6c: 483b 064c 

  0x000002ad62149b70: ;   {metadata(method data for {method} {0x000002ad00428840} 'toExternalForm' '()Ljava/lang/String;' in 'java/net/URL')}
  0x000002ad62149b70: 8bc6 48bf | e0da 0e76 | ad02 0000 | 458b 4008 | 49ba 0000 | 0000 ad02 | 0000 4d03 | c24c 3b87 
  0x000002ad62149b90: 2001 0000 | 750d 4883 | 8728 0100 | 0001 e960 | 0000 004c | 3b87 3001 | 0000 750d | 4883 8738 
  0x000002ad62149bb0: 0100 0001 | e94a 0000 | 0048 83bf | 2001 0000 | 0075 174c | 8987 2001 | 0000 48c7 | 8728 0100 
  0x000002ad62149bd0: 0001 0000 | 00e9 2900 | 0000 4883 | bf30 0100 | 0000 7517 | 4c89 8730 | 0100 0048 | c787 3801 
  0x000002ad62149bf0: 0000 0100 | 0000 e908 | 0000 0048 | 8387 1001 | 0000 014c | 8bc2 488b | d666 0f1f 

  0x000002ad62149c0c: ;   {optimized virtual_call}
  0x000002ad62149c0c: 4400 00e8 

  0x000002ad62149c10: ; ImmutableOopMap {[120]=Oop [128]=Oop [136]=Oop [152]=Oop }
                      ;*invokevirtual toExternalForm {reexecute=0 rethrow=0 return_oop=0}
                      ; - java.net.URL::toExternalForm@5
                      ; - java.net.URL::toString@1
                      ; - java.lang.ClassLoader::defineClassSourceLocation@22
                      ; - java.lang.ClassLoader::defineClass@12
  0x000002ad62149c10: 8c64 f6ff 

  0x000002ad62149c14: ;   {other}
  0x000002ad62149c14: 0f1f 8400 | 0405 0001 | 488b d848 | 8b84 2498 | 0000 008b | b424 9400 | 0000 8bbc | 2490 0000 
  0x000002ad62149c34: 004c 8b8c | 2488 0000 | 004c 8b84 | 2480 0000 | 0048 8b54 

  0x000002ad62149c48: ;   {metadata(method data for {method} {0x000002ad00434fb8} 'defineClass' '(Ljava/lang/String;[BIILjava/security/ProtectionDomain;)Ljava/lang/Class;' in 'java/lang/ClassLoader')}
  0x000002ad62149c48: 2478 48b9 | 4076 1876 | ad02 0000 | 4883 8180 | 0100 0001 | 4c8b da49 | 8bd3 488b | c848 891c 
  0x000002ad62149c68: 2466 0f1f 

  0x000002ad62149c6c: ;   {static_call}
  0x000002ad62149c6c: 4400 00e8 

  0x000002ad62149c70: ; ImmutableOopMap {[120]=Oop [152]=Oop }
                      ;*invokestatic defineClass1 {reexecute=0 rethrow=0 return_oop=0}
                      ; - java.lang.ClassLoader::defineClass@27
  0x000002ad62149c70: ecf9 a107 

  0x000002ad62149c74: ;   {other}
  0x000002ad62149c74: 0f1f 8400 | 6405 0002 | 488b 5424 

  0x000002ad62149c80: ;   {metadata(method data for {method} {0x000002ad00434fb8} 'defineClass' '(Ljava/lang/String;[BIILjava/security/ProtectionDomain;)Ljava/lang/Class;' in 'java/lang/ClassLoader')}
  0x000002ad62149c80: 7849 b840 | 7618 76ad | 0200 0049 | 8380 9001 | 0000 014c | 8bc0 4c8b | 8c24 9800 | 0000 488b 
  0x000002ad62149ca0: 5424 7848 | 8984 24a0 | 0000 000f 

  0x000002ad62149cac: ;   {optimized virtual_call}
  0x000002ad62149cac: 1f40 00e8 

  0x000002ad62149cb0: ; ImmutableOopMap {[160]=Oop }
                      ;*invokevirtual postDefineClass {reexecute=0 rethrow=0 return_oop=0}
                      ; - java.lang.ClassLoader::defineClass@37
  0x000002ad62149cb0: 6cdd ffff 

  0x000002ad62149cb4: ;   {other}
  0x000002ad62149cb4: 0f1f 8400 | a405 0003 | 488b 8424 | a000 0000 | 4881 c4b0 | 0000 005d 

  0x000002ad62149ccc: ;   {poll_return}
  0x000002ad62149ccc: 493b a750 | 0400 000f | 8799 0000 

  0x000002ad62149cd8: ;   {metadata({method} {0x000002ad00434fb8} 'defineClass' '(Ljava/lang/String;[BIILjava/security/ProtectionDomain;)Ljava/lang/Class;' in 'java/lang/ClassLoader')}
  0x000002ad62149cd8: 00c3 49ba | b04f 4300 | ad02 0000 | 4c89 5424 | 0848 c704 | 24ff ffff 

  0x000002ad62149cf0: ;   {runtime_call counter_overflow Runtime1 stub}
  0x000002ad62149cf0: ffe8 8a8c 

  0x000002ad62149cf4: ; ImmutableOopMap {rdx=Oop r8=Oop r9=Oop rcx=Oop [120]=Oop }
                      ;*synchronization entry
                      ; - java.lang.ClassLoader::defineClass@-1
  0x000002ad62149cf4: 3807 e98f 

  0x000002ad62149cf8: ;   {metadata({method} {0x000002ad00434ca0} 'defineClassSourceLocation' '(Ljava/security/ProtectionDomain;)Ljava/lang/String;' in 'java/lang/ClassLoader')}
  0x000002ad62149cf8: fcff ff49 | ba98 4c43 | 00ad 0200 | 004c 8954 | 2408 48c7 | 0424 ffff 

  0x000002ad62149d10: ;   {runtime_call counter_overflow Runtime1 stub}
  0x000002ad62149d10: ffff e869 

  0x000002ad62149d14: ; ImmutableOopMap {rax=Oop [120]=Oop [128]=Oop [136]=Oop [152]=Oop }
                      ;*synchronization entry
                      ; - java.lang.ClassLoader::defineClassSourceLocation@-1
                      ; - java.lang.ClassLoader::defineClass@12
  0x000002ad62149d14: 8c38 07e9 | 08fd ffff 

  0x000002ad62149d1c: ;   {runtime_call throw_null_pointer_exception Runtime1 stub}
  0x000002ad62149d1c: e85f 3338 

  0x000002ad62149d20: ; ImmutableOopMap {rax=Oop [120]=Oop [128]=Oop [136]=Oop [152]=Oop }
                      ;*invokevirtual getCodeSource {reexecute=0 rethrow=0 return_oop=0}
                      ; - java.lang.ClassLoader::defineClassSourceLocation@1
                      ; - java.lang.ClassLoader::defineClass@12
                      ;   {runtime_call throw_null_pointer_exception Runtime1 stub}
  0x000002ad62149d20: 07e8 5a33 

  0x000002ad62149d24: ; ImmutableOopMap {rax=Oop r8=Oop [120]=Oop [128]=Oop [136]=Oop [152]=Oop }
                      ;*invokevirtual getLocation {reexecute=0 rethrow=0 return_oop=0}
                      ; - java.lang.ClassLoader::defineClassSourceLocation@12
                      ; - java.lang.ClassLoader::defineClass@12
                      ;   {runtime_call throw_null_pointer_exception Runtime1 stub}
  0x000002ad62149d24: 3807 e855 

  0x000002ad62149d28: ; ImmutableOopMap {rdx=Oop [120]=Oop [128]=Oop [136]=Oop [152]=Oop }
                      ;*invokevirtual toString {reexecute=0 rethrow=0 return_oop=0}
                      ; - java.lang.ClassLoader::defineClassSourceLocation@22
                      ; - java.lang.ClassLoader::defineClass@12
                      ;   {metadata({method} {0x000002ad0001abf0} 'toString' '()Ljava/lang/String;' in 'java/net/URL')}
  0x000002ad62149d28: 3338 0749 | bae8 ab01 | 00ad 0200 | 004c 8954 | 2408 48c7 | 0424 ffff 

  0x000002ad62149d40: ;   {runtime_call counter_overflow Runtime1 stub}
  0x000002ad62149d40: ffff e839 

  0x000002ad62149d44: ; ImmutableOopMap {rdx=Oop [120]=Oop [128]=Oop [136]=Oop [152]=Oop }
                      ;*synchronization entry
                      ; - java.net.URL::toString@-1
                      ; - java.lang.ClassLoader::defineClassSourceLocation@22
                      ; - java.lang.ClassLoader::defineClass@12
  0x000002ad62149d44: 8c38 07e9 | dffd ffff 

  0x000002ad62149d4c: ;   {metadata({method} {0x000002ad00428840} 'toExternalForm' '()Ljava/lang/String;' in 'java/net/URL')}
  0x000002ad62149d4c: 49ba 3888 | 4200 ad02 | 0000 4c89 | 5424 0848 | c704 24ff 

  0x000002ad62149d60: ;   {runtime_call counter_overflow Runtime1 stub}
  0x000002ad62149d60: ffff ffe8 

  0x000002ad62149d64: ; ImmutableOopMap {rdx=Oop [120]=Oop [128]=Oop [136]=Oop [152]=Oop }
                      ;*synchronization entry
                      ; - java.net.URL::toExternalForm@-1
                      ; - java.net.URL::toString@1
                      ; - java.lang.ClassLoader::defineClassSourceLocation@22
                      ; - java.lang.ClassLoader::defineClass@12
  0x000002ad62149d64: 188c 3807 | e9fc fdff 

  0x000002ad62149d6c: ;   {runtime_call throw_null_pointer_exception Runtime1 stub}
  0x000002ad62149d6c: ffe8 0e33 

  0x000002ad62149d70: ; ImmutableOopMap {rdx=Oop rsi=Oop [120]=Oop [128]=Oop [136]=Oop [152]=Oop }
                      ;*invokevirtual toExternalForm {reexecute=0 rethrow=0 return_oop=0}
                      ; - java.net.URL::toExternalForm@5
                      ; - java.net.URL::toString@1
                      ; - java.lang.ClassLoader::defineClassSourceLocation@22
                      ; - java.lang.ClassLoader::defineClass@12
                      ;   {internal_word}
  0x000002ad62149d70: 3807 49ba | cc9c 1462 | ad02 0000 | 4d89 9768 

  0x000002ad62149d80: ;   {runtime_call SafepointBlob}
  0x000002ad62149d80: 0400 00e9 | f8b6 2d07 | 498b 8700 | 0500 0049 | c787 0005 | 0000 0000 | 0000 49c7 | 8708 0500 
  0x000002ad62149da0: 0000 0000 | 0048 81c4 | b000 0000 

  0x000002ad62149dac: ;   {runtime_call unwind_exception Runtime1 stub}
  0x000002ad62149dac: 5de9 ce23 | 3807 f4f4 | f4f4 f4f4 
[Stub Code]
  0x000002ad62149db8: ;   {no_reloc}
  0x000002ad62149db8: 0f1f 4400 

  0x000002ad62149dbc: ;   {static_stub}
  0x000002ad62149dbc: 0048 bb00 | 0000 0000 

  0x000002ad62149dc4: ;   {runtime_call nmethod}
  0x000002ad62149dc4: 0000 00e9 | fbff ffff 

  0x000002ad62149dcc: ;   {static_stub}
  0x000002ad62149dcc: 48bb 0000 | 0000 0000 

  0x000002ad62149dd4: ;   {runtime_call nmethod}
  0x000002ad62149dd4: 0000 e9fb 

  0x000002ad62149dd8: ;   {static_stub}
  0x000002ad62149dd8: ffff ff48 | bb00 0000 | 0000 0000 

  0x000002ad62149de4: ;   {runtime_call nmethod}
  0x000002ad62149de4: 00e9 fbff 

  0x000002ad62149de8: ;   {static_stub}
  0x000002ad62149de8: ffff 48bb | 0000 0000 | 0000 0000 

  0x000002ad62149df4: ;   {runtime_call nmethod}
  0x000002ad62149df4: e9fb ffff 

  0x000002ad62149df8: ;   {runtime_call handle_exception_from_callee Runtime1 stub}
  0x000002ad62149df8: ffe8 8250 

  0x000002ad62149dfc: ;   {external_word}
  0x000002ad62149dfc: 3807 48b9 | 5063 5182 | fd7f 0000 | 4883 e4f0 

  0x000002ad62149e0c: ;   {runtime_call}
  0x000002ad62149e0c: 48b8 c0c9 | 1382 fd7f | 0000 ffd0 

  0x000002ad62149e18: ;   {section_word}
  0x000002ad62149e18: f449 ba19 | 9e14 62ad | 0200 0041 

  0x000002ad62149e24: ;   {runtime_call DeoptimizationBlob}
  0x000002ad62149e24: 52e9 f6a8 | 2d07 f4f4 | f4f4 f4f4 
[/MachCode]


Compiled method (c1) 188628 1071       3       java.security.SecureClassLoader::defineClass (16 bytes)
 total in heap  [0x000002ad62156010,0x000002ad62156410] = 1024
 relocation     [0x000002ad62156170,0x000002ad621561c0] = 80
 main code      [0x000002ad621561c0,0x000002ad62156318] = 344
 stub code      [0x000002ad62156318,0x000002ad62156368] = 80
 metadata       [0x000002ad62156368,0x000002ad62156370] = 8
 scopes data    [0x000002ad62156370,0x000002ad621563b8] = 72
 scopes pcs     [0x000002ad621563b8,0x000002ad62156408] = 80
 dependencies   [0x000002ad62156408,0x000002ad62156410] = 8

[Constant Pool (empty)]

[MachCode]
[Entry Point]
  # {method} {0x000002ad0004e0e8} 'defineClass' '(Ljava/lang/String;[BIILjava/security/CodeSource;)Ljava/lang/Class;' in 'java/security/SecureClassLoader'
  # this:     rdx:rdx   = 'java/security/SecureClassLoader'
  # parm0:    r8:r8     = 'java/lang/String'
  # parm1:    r9:r9     = '[B'
  # parm2:    rdi       = int
  # parm3:    rsi       = int
  # parm4:    rcx:rcx   = 'java/security/CodeSource'
  #           [sp+0x80]  (sp of caller)
  0x000002ad621561c0: 448b 5208 | 49bb 0000 | 0000 ad02 | 0000 4d03 | d34c 3bd0 

  0x000002ad621561d4: ;   {runtime_call ic_miss_stub}
  0x000002ad621561d4: 0f85 a685 | 2c07 660f | 1f44 0000 
[Verified Entry Point]
  0x000002ad621561e0: 8984 2400 | 80ff ff55 | 4883 ec70 | 4181 7f20 | 0100 0000 

  0x000002ad621561f4: ;   {runtime_call StubRoutines (final stubs)}
  0x000002ad621561f4: 7405 e8a5 

  0x000002ad621561f8: ;   {metadata(method data for {method} {0x000002ad0004e0e8} 'defineClass' '(Ljava/lang/String;[BIILjava/security/CodeSource;)Ljava/lang/Class;' in 'java/security/SecureClassLoader')}
  0x000002ad621561f8: 022b 0748 | bb40 0117 | 76ad 0200 | 008b 83cc | 0000 0083 | c002 8983 | cc00 0000 | 25fe 0700 
  0x000002ad62156218: 0085 c00f | 8496 0000 | 0089 7424 | 5c89 7c24 | 584c 894c | 2450 4c89 | 4424 4848 

  0x000002ad62156234: ;   {metadata(method data for {method} {0x000002ad0004e0e8} 'defineClass' '(Ljava/lang/String;[BIILjava/security/CodeSource;)Ljava/lang/Class;' in 'java/security/SecureClassLoader')}
  0x000002ad62156234: 8bda 48b8 | 4001 1776 | ad02 0000 | 4883 8010 | 0100 0001 | 4c8b c148 | 8bc2 488b | d048 8944 
  0x000002ad62156254: ;   {optimized virtual_call}
  0x000002ad62156254: 2440 90e8 

  0x000002ad62156258: ; ImmutableOopMap {[64]=Oop [72]=Oop [80]=Oop }
                      ;*invokevirtual getProtectionDomain {reexecute=0 rethrow=0 return_oop=0}
                      ; - java.security.SecureClassLoader::defineClass@9
  0x000002ad62156258: c41e ffff 

  0x000002ad6215625c: ;   {other}
  0x000002ad6215625c: 0f1f 8400 | 4c02 0000 | 488b 5424 

  0x000002ad62156268: ;   {metadata(method data for {method} {0x000002ad0004e0e8} 'defineClass' '(Ljava/lang/String;[BIILjava/security/CodeSource;)Ljava/lang/Class;' in 'java/security/SecureClassLoader')}
  0x000002ad62156268: 4049 b840 | 0117 76ad | 0200 0049 | 8380 4801 | 0000 014c | 8b44 2448 | 4c8b 4c24 | 508b 7c24 
  0x000002ad62156288: 588b 7424 | 5c48 8bc8 | 488b 5424 

  0x000002ad62156294: ;   {optimized virtual_call}
  0x000002ad62156294: 4066 90e8 

  0x000002ad62156298: ; ImmutableOopMap {}
                      ;*invokevirtual defineClass {reexecute=0 rethrow=0 return_oop=0}
                      ; - java.security.SecureClassLoader::defineClass@12
  0x000002ad62156298: a436 ffff 

  0x000002ad6215629c: ;   {other}
  0x000002ad6215629c: 0f1f 8400 | 8c02 0001 | 4883 c470 

  0x000002ad621562a8: ;   {poll_return}
  0x000002ad621562a8: 5d49 3ba7 | 5004 0000 | 0f87 2200 

  0x000002ad621562b4: ;   {metadata({method} {0x000002ad0004e0e8} 'defineClass' '(Ljava/lang/String;[BIILjava/security/CodeSource;)Ljava/lang/Class;' in 'java/security/SecureClassLoader')}
  0x000002ad621562b4: 0000 c349 | bae0 e004 | 00ad 0200 | 004c 8954 | 2408 48c7 | 0424 ffff 

  0x000002ad621562cc: ;   {runtime_call counter_overflow Runtime1 stub}
  0x000002ad621562cc: ffff e8ad 

  0x000002ad621562d0: ; ImmutableOopMap {rdx=Oop r8=Oop r9=Oop rcx=Oop }
                      ;*synchronization entry
                      ; - java.security.SecureClassLoader::defineClass@-1
  0x000002ad621562d0: c637 07e9 | 49ff ffff 

  0x000002ad621562d8: ;   {internal_word}
  0x000002ad621562d8: 49ba a962 | 1562 ad02 | 0000 4d89 | 9768 0400 

  0x000002ad621562e8: ;   {runtime_call SafepointBlob}
  0x000002ad621562e8: 00e9 92f1 | 2c07 498b | 8700 0500 | 0049 c787 | 0005 0000 | 0000 0000 | 49c7 8708 | 0500 0000 
  0x000002ad62156308: 0000 0048 | 83c4 705d 

  0x000002ad62156310: ;   {runtime_call unwind_exception Runtime1 stub}
  0x000002ad62156310: e96b 5e37 | 07f4 f4f4 
[Stub Code]
  0x000002ad62156318: ;   {no_reloc}
  0x000002ad62156318: 48bb 0000 | 0000 0000 

  0x000002ad62156320: ;   {runtime_call nmethod}
  0x000002ad62156320: 0000 e9fb 

  0x000002ad62156324: ;   {static_stub}
  0x000002ad62156324: ffff ff48 | bb00 0000 | 0000 0000 

  0x000002ad62156330: ;   {runtime_call nmethod}
  0x000002ad62156330: 00e9 fbff 

  0x000002ad62156334: ;   {runtime_call handle_exception_from_callee Runtime1 stub}
  0x000002ad62156334: ffff e845 

  0x000002ad62156338: ;   {external_word}
  0x000002ad62156338: 8b37 0748 | b950 6351 | 82fd 7f00 | 0048 83e4 

  0x000002ad62156348: ;   {runtime_call}
  0x000002ad62156348: f048 b8c0 | c913 82fd | 7f00 00ff 

  0x000002ad62156354: ;   {section_word}
  0x000002ad62156354: d0f4 49ba | 5663 1562 | ad02 0000 

  0x000002ad62156360: ;   {runtime_call DeoptimizationBlob}
  0x000002ad62156360: 4152 e9b9 | e32c 07f4 
[/MachCode]


---------------  P R O C E S S  ---------------

Threads class SMR info:
_java_thread_list=0x000002ad7b1df1a0, length=22, elements={
0x000002ad5c95b370, 0x000002ad751bd1a0, 0x000002ad751bfc10, 0x000002ad751c31f0,
0x000002ad751c3c50, 0x000002ad751c46b0, 0x000002ad751c5110, 0x000002ad751c5ea0,
0x000002ad751c6940, 0x000002ad75453d10, 0x000002ad75448770, 0x000002ad7aeedf00,
0x000002ad7a55c830, 0x000002ad7a326000, 0x000002ad7a4d4220, 0x000002ad7a1294f0,
0x000002ad7b171cb0, 0x000002ad7b2a0230, 0x000002ad7b204870, 0x000002ad7b204f00,
0x000002ad7b205c20, 0x000002ad7b206940
}

Java Threads: ( => current thread )
  0x000002ad5c95b370 JavaThread "main"                              [_thread_blocked, id=30872, stack(0x000000cc05d00000,0x000000cc05e00000) (1024K)]
  0x000002ad751bd1a0 JavaThread "Reference Handler"          daemon [_thread_blocked, id=6968, stack(0x000000cc06500000,0x000000cc06600000) (1024K)]
  0x000002ad751bfc10 JavaThread "Finalizer"                  daemon [_thread_blocked, id=28804, stack(0x000000cc06600000,0x000000cc06700000) (1024K)]
  0x000002ad751c31f0 JavaThread "Signal Dispatcher"          daemon [_thread_blocked, id=36260, stack(0x000000cc06700000,0x000000cc06800000) (1024K)]
  0x000002ad751c3c50 JavaThread "Attach Listener"            daemon [_thread_blocked, id=35044, stack(0x000000cc06800000,0x000000cc06900000) (1024K)]
  0x000002ad751c46b0 JavaThread "Service Thread"             daemon [_thread_blocked, id=37348, stack(0x000000cc06900000,0x000000cc06a00000) (1024K)]
  0x000002ad751c5110 JavaThread "Monitor Deflation Thread"   daemon [_thread_blocked, id=6012, stack(0x000000cc06a00000,0x000000cc06b00000) (1024K)]
  0x000002ad751c5ea0 JavaThread "C2 CompilerThread0"         daemon [_thread_blocked, id=31184, stack(0x000000cc06b00000,0x000000cc06c00000) (1024K)]
  0x000002ad751c6940 JavaThread "C1 CompilerThread0"         daemon [_thread_blocked, id=5376, stack(0x000000cc06c00000,0x000000cc06d00000) (1024K)]
  0x000002ad75453d10 JavaThread "Common-Cleaner"             daemon [_thread_blocked, id=34388, stack(0x000000cc07000000,0x000000cc07100000) (1024K)]
  0x000002ad75448770 JavaThread "Notification Thread"        daemon [_thread_blocked, id=19212, stack(0x000000cc06e00000,0x000000cc06f00000) (1024K)]
  0x000002ad7aeedf00 JavaThread "Daemon health stats"               [_thread_blocked, id=20148, stack(0x000000cc07400000,0x000000cc07500000) (1024K)]
  0x000002ad7a55c830 JavaThread "Incoming local TCP Connector on port 51664"        [_thread_in_native, id=39688, stack(0x000000cc05c00000,0x000000cc05d00000) (1024K)]
  0x000002ad7a326000 JavaThread "Daemon periodic checks"            [_thread_blocked, id=37452, stack(0x000000cc05a00000,0x000000cc05b00000) (1024K)]
  0x000002ad7a4d4220 JavaThread "Daemon"                            [_thread_blocked, id=31732, stack(0x000000cc05b00000,0x000000cc05c00000) (1024K)]
  0x000002ad7a1294f0 JavaThread "Handler for socket connection from /127.0.0.1:51664 to /127.0.0.1:61704"        [_thread_in_native, id=3696, stack(0x000000cc07500000,0x000000cc07600000) (1024K)]
  0x000002ad7b171cb0 JavaThread "Cancel handler"                    [_thread_blocked, id=35240, stack(0x000000cc07900000,0x000000cc07a00000) (1024K)]
  0x000002ad7b2a0230 JavaThread "C1 CompilerThread1"         daemon [_thread_blocked, id=35376, stack(0x000000cc07a00000,0x000000cc07b00000) (1024K)]
=>0x000002ad7b204870 JavaThread "Daemon worker"                     [_thread_in_vm, id=18388, stack(0x000000cc07d00000,0x000000cc07e00000) (1024K)]
  0x000002ad7b204f00 JavaThread "Asynchronous log dispatcher for DefaultDaemonConnection: socket connection from /127.0.0.1:51664 to /127.0.0.1:61704"        [_thread_blocked, id=19236, stack(0x000000cc07e00000,0x000000cc07f00000) (1024K)]
  0x000002ad7b205c20 JavaThread "Stdin handler"                     [_thread_blocked, id=16588, stack(0x000000cc07f00000,0x000000cc08000000) (1024K)]
  0x000002ad7b206940 JavaThread "Daemon client event forwarder"        [_thread_blocked, id=35624, stack(0x000000cc08000000,0x000000cc08100000) (1024K)]
Total: 22

Other Threads:
  0x000002ad7519cd20 VMThread "VM Thread"                           [id=34196, stack(0x000000cc06400000,0x000000cc06500000) (1024K)] _threads_hazard_ptr=0x000002ad7b1df1a0
  0x000002ad752819e0 WatcherThread "VM Periodic Task Thread"        [id=14520, stack(0x000000cc06300000,0x000000cc06400000) (1024K)]
  0x000002ad5edad6d0 WorkerThread "GC Thread#0"                     [id=524, stack(0x000000cc05e00000,0x000000cc05f00000) (1024K)]
  0x000002ad7a0ad8e0 WorkerThread "GC Thread#1"                     [id=38164, stack(0x000000cc06d00000,0x000000cc06e00000) (1024K)]
  0x000002ad7a0adc90 WorkerThread "GC Thread#2"                     [id=26856, stack(0x000000cc06f00000,0x000000cc07000000) (1024K)]
  0x000002ad7a0ae040 WorkerThread "GC Thread#3"                     [id=28688, stack(0x000000cc07100000,0x000000cc07200000) (1024K)]
  0x000002ad75bdfe30 WorkerThread "GC Thread#4"                     [id=6880, stack(0x000000cc07200000,0x000000cc07300000) (1024K)]
  0x000002ad75be01e0 WorkerThread "GC Thread#5"                     [id=30880, stack(0x000000cc07300000,0x000000cc07400000) (1024K)]
  0x000002ad5edb2de0 ConcurrentGCThread "G1 Main Marker"            [id=25496, stack(0x000000cc05f00000,0x000000cc06000000) (1024K)]
  0x000002ad5edb4680 WorkerThread "G1 Conc#0"                       [id=16540, stack(0x000000cc06000000,0x000000cc06100000) (1024K)]
  0x000002ad750e3750 ConcurrentGCThread "G1 Refine#0"               [id=9608, stack(0x000000cc06100000,0x000000cc06200000) (1024K)]
  0x000002ad750e4f90 ConcurrentGCThread "G1 Service"                [id=2352, stack(0x000000cc06200000,0x000000cc06300000) (1024K)]
Total: 12

Threads with active compile tasks:
C1 CompilerThread1  189921 2970       3       java.util.concurrent.locks.AbstractQueuedSynchronizer$ConditionObject::awaitNanos (202 bytes)
Total: 1

VM state: synchronizing (normal execution)

VM Mutex/Monitor currently owned by a thread:  ([mutex/lock_event])
[0x00007ffd827cd530] Metaspace_lock - owner thread: 0x000002ad7b204870
[0x00007ffd827cf5b0] Threads_lock - owner thread: 0x000002ad7519cd20

Heap address: 0x00000000e0000000, size: 512 MB, Compressed Oops mode: 32-bit

CDS archive(s) mapped at: [0x000002ad00000000-0x000002ad00ba0000-0x000002ad00ba0000), size 12189696, SharedBaseAddress: 0x000002ad00000000, ArchiveRelocationMode: 1.
Compressed class space mapped at: 0x000002ad01000000-0x000002ad15000000, reserved size: 335544320
Narrow klass base: 0x000002ad00000000, Narrow klass shift: 0, Narrow klass range: 0x100000000

GC Precious Log:
 CardTable entry size: 512
 Card Set container configuration: InlinePtr #cards 5 size 8 Array Of Cards #cards 12 size 40 Howl #buckets 4 coarsen threshold 1843 Howl Bitmap #cards 512 size 80 coarsen threshold 460 Card regions per heap region 1 cards per card region 2048
 CPUs: 16 total, 16 available
 Memory: 16066M
 Large Page Support: Disabled
 NUMA Support: Disabled
 Compressed Oops: Enabled (32-bit)
 Heap Region Size: 1M
 Heap Min Capacity: 256M
 Heap Initial Capacity: 256M
 Heap Max Capacity: 512M
 Pre-touch: Disabled
 Parallel Workers: 13
 Concurrent Workers: 3
 Concurrent Refinement Workers: 13
 Periodic GC: Disabled

Heap:
 garbage-first heap   total 262144K, used 75809K [0x00000000e0000000, 0x0000000100000000)
  region size 1024K, 64 young (65536K), 4 survivors (4096K)
 Metaspace       used 12462K, committed 12800K, reserved 393216K
  class space    used 1663K, committed 1856K, reserved 327680K

Heap Regions: E=young(eden), S=young(survivor), O=old, HS=humongous(starts), HC=humongous(continues), CS=collection set, F=free, TAMS=top-at-mark-start, PB=parsable bottom
|   0|0x00000000e0000000, 0x00000000e0100000, 0x00000000e0100000|100%|HS|  |TAMS 0x00000000e0000000| PB 0x00000000e0000000| Complete 
|   1|0x00000000e0100000, 0x00000000e0200000, 0x00000000e0200000|100%|HC|  |TAMS 0x00000000e0100000| PB 0x00000000e0100000| Complete 
|   2|0x00000000e0200000, 0x00000000e0300000, 0x00000000e0300000|100%|HC|  |TAMS 0x00000000e0200000| PB 0x00000000e0200000| Complete 
|   3|0x00000000e0300000, 0x00000000e0400000, 0x00000000e0400000|100%|HC|  |TAMS 0x00000000e0300000| PB 0x00000000e0300000| Complete 
|   4|0x00000000e0400000, 0x00000000e0500000, 0x00000000e0500000|100%| O|  |TAMS 0x00000000e0400000| PB 0x00000000e0400000| Untracked 
|   5|0x00000000e0500000, 0x00000000e0600000, 0x00000000e0600000|100%| O|  |TAMS 0x00000000e0500000| PB 0x00000000e0500000| Untracked 
|   6|0x00000000e0600000, 0x00000000e0700000, 0x00000000e0700000|100%| O|  |TAMS 0x00000000e0600000| PB 0x00000000e0600000| Untracked 
|   7|0x00000000e0700000, 0x00000000e0800000, 0x00000000e0800000|100%| O|  |TAMS 0x00000000e0700000| PB 0x00000000e0700000| Untracked 
|   8|0x00000000e0800000, 0x00000000e0900000, 0x00000000e0900000|100%| O|  |TAMS 0x00000000e0800000| PB 0x00000000e0800000| Untracked 
|   9|0x00000000e0900000, 0x00000000e0a00000, 0x00000000e0a00000|100%|HS|  |TAMS 0x00000000e0900000| PB 0x00000000e0900000| Complete 
|  10|0x00000000e0a00000, 0x00000000e0a00000, 0x00000000e0b00000|  0%| F|  |TAMS 0x00000000e0a00000| PB 0x00000000e0a00000| Untracked 
|  11|0x00000000e0b00000, 0x00000000e0c00000, 0x00000000e0c00000|100%| O|  |TAMS 0x00000000e0b00000| PB 0x00000000e0b00000| Untracked 
|  12|0x00000000e0c00000, 0x00000000e0cfed08, 0x00000000e0d00000| 99%| O|  |TAMS 0x00000000e0c00000| PB 0x00000000e0c00000| Untracked 
|  13|0x00000000e0d00000, 0x00000000e0d00000, 0x00000000e0e00000|  0%| F|  |TAMS 0x00000000e0d00000| PB 0x00000000e0d00000| Untracked 
|  14|0x00000000e0e00000, 0x00000000e0e00000, 0x00000000e0f00000|  0%| F|  |TAMS 0x00000000e0e00000| PB 0x00000000e0e00000| Untracked 
|  15|0x00000000e0f00000, 0x00000000e0f00000, 0x00000000e1000000|  0%| F|  |TAMS 0x00000000e0f00000| PB 0x00000000e0f00000| Untracked 
|  16|0x00000000e1000000, 0x00000000e1000000, 0x00000000e1100000|  0%| F|  |TAMS 0x00000000e1000000| PB 0x00000000e1000000| Untracked 
|  17|0x00000000e1100000, 0x00000000e1100000, 0x00000000e1200000|  0%| F|  |TAMS 0x00000000e1100000| PB 0x00000000e1100000| Untracked 
|  18|0x00000000e1200000, 0x00000000e1200000, 0x00000000e1300000|  0%| F|  |TAMS 0x00000000e1200000| PB 0x00000000e1200000| Untracked 
|  19|0x00000000e1300000, 0x00000000e1300000, 0x00000000e1400000|  0%| F|  |TAMS 0x00000000e1300000| PB 0x00000000e1300000| Untracked 
|  20|0x00000000e1400000, 0x00000000e1400000, 0x00000000e1500000|  0%| F|  |TAMS 0x00000000e1400000| PB 0x00000000e1400000| Untracked 
|  21|0x00000000e1500000, 0x00000000e1500000, 0x00000000e1600000|  0%| F|  |TAMS 0x00000000e1500000| PB 0x00000000e1500000| Untracked 
|  22|0x00000000e1600000, 0x00000000e1600000, 0x00000000e1700000|  0%| F|  |TAMS 0x00000000e1600000| PB 0x00000000e1600000| Untracked 
|  23|0x00000000e1700000, 0x00000000e1700000, 0x00000000e1800000|  0%| F|  |TAMS 0x00000000e1700000| PB 0x00000000e1700000| Untracked 
|  24|0x00000000e1800000, 0x00000000e1800000, 0x00000000e1900000|  0%| F|  |TAMS 0x00000000e1800000| PB 0x00000000e1800000| Untracked 
|  25|0x00000000e1900000, 0x00000000e1900000, 0x00000000e1a00000|  0%| F|  |TAMS 0x00000000e1900000| PB 0x00000000e1900000| Untracked 
|  26|0x00000000e1a00000, 0x00000000e1a00000, 0x00000000e1b00000|  0%| F|  |TAMS 0x00000000e1a00000| PB 0x00000000e1a00000| Untracked 
|  27|0x00000000e1b00000, 0x00000000e1b00000, 0x00000000e1c00000|  0%| F|  |TAMS 0x00000000e1b00000| PB 0x00000000e1b00000| Untracked 
|  28|0x00000000e1c00000, 0x00000000e1c00000, 0x00000000e1d00000|  0%| F|  |TAMS 0x00000000e1c00000| PB 0x00000000e1c00000| Untracked 
|  29|0x00000000e1d00000, 0x00000000e1d00000, 0x00000000e1e00000|  0%| F|  |TAMS 0x00000000e1d00000| PB 0x00000000e1d00000| Untracked 
|  30|0x00000000e1e00000, 0x00000000e1e00000, 0x00000000e1f00000|  0%| F|  |TAMS 0x00000000e1e00000| PB 0x00000000e1e00000| Untracked 
|  31|0x00000000e1f00000, 0x00000000e1f00000, 0x00000000e2000000|  0%| F|  |TAMS 0x00000000e1f00000| PB 0x00000000e1f00000| Untracked 
|  32|0x00000000e2000000, 0x00000000e2000000, 0x00000000e2100000|  0%| F|  |TAMS 0x00000000e2000000| PB 0x00000000e2000000| Untracked 
|  33|0x00000000e2100000, 0x00000000e2100000, 0x00000000e2200000|  0%| F|  |TAMS 0x00000000e2100000| PB 0x00000000e2100000| Untracked 
|  34|0x00000000e2200000, 0x00000000e2200000, 0x00000000e2300000|  0%| F|  |TAMS 0x00000000e2200000| PB 0x00000000e2200000| Untracked 
|  35|0x00000000e2300000, 0x00000000e2300000, 0x00000000e2400000|  0%| F|  |TAMS 0x00000000e2300000| PB 0x00000000e2300000| Untracked 
|  36|0x00000000e2400000, 0x00000000e2400000, 0x00000000e2500000|  0%| F|  |TAMS 0x00000000e2400000| PB 0x00000000e2400000| Untracked 
|  37|0x00000000e2500000, 0x00000000e2500000, 0x00000000e2600000|  0%| F|  |TAMS 0x00000000e2500000| PB 0x00000000e2500000| Untracked 
|  38|0x00000000e2600000, 0x00000000e2600000, 0x00000000e2700000|  0%| F|  |TAMS 0x00000000e2600000| PB 0x00000000e2600000| Untracked 
|  39|0x00000000e2700000, 0x00000000e2700000, 0x00000000e2800000|  0%| F|  |TAMS 0x00000000e2700000| PB 0x00000000e2700000| Untracked 
|  40|0x00000000e2800000, 0x00000000e2800000, 0x00000000e2900000|  0%| F|  |TAMS 0x00000000e2800000| PB 0x00000000e2800000| Untracked 
|  41|0x00000000e2900000, 0x00000000e2900000, 0x00000000e2a00000|  0%| F|  |TAMS 0x00000000e2900000| PB 0x00000000e2900000| Untracked 
|  42|0x00000000e2a00000, 0x00000000e2a00000, 0x00000000e2b00000|  0%| F|  |TAMS 0x00000000e2a00000| PB 0x00000000e2a00000| Untracked 
|  43|0x00000000e2b00000, 0x00000000e2b00000, 0x00000000e2c00000|  0%| F|  |TAMS 0x00000000e2b00000| PB 0x00000000e2b00000| Untracked 
|  44|0x00000000e2c00000, 0x00000000e2c00000, 0x00000000e2d00000|  0%| F|  |TAMS 0x00000000e2c00000| PB 0x00000000e2c00000| Untracked 
|  45|0x00000000e2d00000, 0x00000000e2d00000, 0x00000000e2e00000|  0%| F|  |TAMS 0x00000000e2d00000| PB 0x00000000e2d00000| Untracked 
|  46|0x00000000e2e00000, 0x00000000e2e00000, 0x00000000e2f00000|  0%| F|  |TAMS 0x00000000e2e00000| PB 0x00000000e2e00000| Untracked 
|  47|0x00000000e2f00000, 0x00000000e2f00000, 0x00000000e3000000|  0%| F|  |TAMS 0x00000000e2f00000| PB 0x00000000e2f00000| Untracked 
|  48|0x00000000e3000000, 0x00000000e3000000, 0x00000000e3100000|  0%| F|  |TAMS 0x00000000e3000000| PB 0x00000000e3000000| Untracked 
|  49|0x00000000e3100000, 0x00000000e3100000, 0x00000000e3200000|  0%| F|  |TAMS 0x00000000e3100000| PB 0x00000000e3100000| Untracked 
|  50|0x00000000e3200000, 0x00000000e3200000, 0x00000000e3300000|  0%| F|  |TAMS 0x00000000e3200000| PB 0x00000000e3200000| Untracked 
|  51|0x00000000e3300000, 0x00000000e3300000, 0x00000000e3400000|  0%| F|  |TAMS 0x00000000e3300000| PB 0x00000000e3300000| Untracked 
|  52|0x00000000e3400000, 0x00000000e3400000, 0x00000000e3500000|  0%| F|  |TAMS 0x00000000e3400000| PB 0x00000000e3400000| Untracked 
|  53|0x00000000e3500000, 0x00000000e3500000, 0x00000000e3600000|  0%| F|  |TAMS 0x00000000e3500000| PB 0x00000000e3500000| Untracked 
|  54|0x00000000e3600000, 0x00000000e3600000, 0x00000000e3700000|  0%| F|  |TAMS 0x00000000e3600000| PB 0x00000000e3600000| Untracked 
|  55|0x00000000e3700000, 0x00000000e3700000, 0x00000000e3800000|  0%| F|  |TAMS 0x00000000e3700000| PB 0x00000000e3700000| Untracked 
|  56|0x00000000e3800000, 0x00000000e3800000, 0x00000000e3900000|  0%| F|  |TAMS 0x00000000e3800000| PB 0x00000000e3800000| Untracked 
|  57|0x00000000e3900000, 0x00000000e3900000, 0x00000000e3a00000|  0%| F|  |TAMS 0x00000000e3900000| PB 0x00000000e3900000| Untracked 
|  58|0x00000000e3a00000, 0x00000000e3a00000, 0x00000000e3b00000|  0%| F|  |TAMS 0x00000000e3a00000| PB 0x00000000e3a00000| Untracked 
|  59|0x00000000e3b00000, 0x00000000e3b00000, 0x00000000e3c00000|  0%| F|  |TAMS 0x00000000e3b00000| PB 0x00000000e3b00000| Untracked 
|  60|0x00000000e3c00000, 0x00000000e3c00000, 0x00000000e3d00000|  0%| F|  |TAMS 0x00000000e3c00000| PB 0x00000000e3c00000| Untracked 
|  61|0x00000000e3d00000, 0x00000000e3d00000, 0x00000000e3e00000|  0%| F|  |TAMS 0x00000000e3d00000| PB 0x00000000e3d00000| Untracked 
|  62|0x00000000e3e00000, 0x00000000e3e00000, 0x00000000e3f00000|  0%| F|  |TAMS 0x00000000e3e00000| PB 0x00000000e3e00000| Untracked 
|  63|0x00000000e3f00000, 0x00000000e3f00000, 0x00000000e4000000|  0%| F|  |TAMS 0x00000000e3f00000| PB 0x00000000e3f00000| Untracked 
|  64|0x00000000e4000000, 0x00000000e4000000, 0x00000000e4100000|  0%| F|  |TAMS 0x00000000e4000000| PB 0x00000000e4000000| Untracked 
|  65|0x00000000e4100000, 0x00000000e4100000, 0x00000000e4200000|  0%| F|  |TAMS 0x00000000e4100000| PB 0x00000000e4100000| Untracked 
|  66|0x00000000e4200000, 0x00000000e4200000, 0x00000000e4300000|  0%| F|  |TAMS 0x00000000e4200000| PB 0x00000000e4200000| Untracked 
|  67|0x00000000e4300000, 0x00000000e4300000, 0x00000000e4400000|  0%| F|  |TAMS 0x00000000e4300000| PB 0x00000000e4300000| Untracked 
|  68|0x00000000e4400000, 0x00000000e4400000, 0x00000000e4500000|  0%| F|  |TAMS 0x00000000e4400000| PB 0x00000000e4400000| Untracked 
|  69|0x00000000e4500000, 0x00000000e4500000, 0x00000000e4600000|  0%| F|  |TAMS 0x00000000e4500000| PB 0x00000000e4500000| Untracked 
|  70|0x00000000e4600000, 0x00000000e4600000, 0x00000000e4700000|  0%| F|  |TAMS 0x00000000e4600000| PB 0x00000000e4600000| Untracked 
|  71|0x00000000e4700000, 0x00000000e4700000, 0x00000000e4800000|  0%| F|  |TAMS 0x00000000e4700000| PB 0x00000000e4700000| Untracked 
|  72|0x00000000e4800000, 0x00000000e4800000, 0x00000000e4900000|  0%| F|  |TAMS 0x00000000e4800000| PB 0x00000000e4800000| Untracked 
|  73|0x00000000e4900000, 0x00000000e4900000, 0x00000000e4a00000|  0%| F|  |TAMS 0x00000000e4900000| PB 0x00000000e4900000| Untracked 
|  74|0x00000000e4a00000, 0x00000000e4a00000, 0x00000000e4b00000|  0%| F|  |TAMS 0x00000000e4a00000| PB 0x00000000e4a00000| Untracked 
|  75|0x00000000e4b00000, 0x00000000e4b00000, 0x00000000e4c00000|  0%| F|  |TAMS 0x00000000e4b00000| PB 0x00000000e4b00000| Untracked 
|  76|0x00000000e4c00000, 0x00000000e4c00000, 0x00000000e4d00000|  0%| F|  |TAMS 0x00000000e4c00000| PB 0x00000000e4c00000| Untracked 
|  77|0x00000000e4d00000, 0x00000000e4d00000, 0x00000000e4e00000|  0%| F|  |TAMS 0x00000000e4d00000| PB 0x00000000e4d00000| Untracked 
|  78|0x00000000e4e00000, 0x00000000e4e00000, 0x00000000e4f00000|  0%| F|  |TAMS 0x00000000e4e00000| PB 0x00000000e4e00000| Untracked 
|  79|0x00000000e4f00000, 0x00000000e4f00000, 0x00000000e5000000|  0%| F|  |TAMS 0x00000000e4f00000| PB 0x00000000e4f00000| Untracked 
|  80|0x00000000e5000000, 0x00000000e5000000, 0x00000000e5100000|  0%| F|  |TAMS 0x00000000e5000000| PB 0x00000000e5000000| Untracked 
|  81|0x00000000e5100000, 0x00000000e5100000, 0x00000000e5200000|  0%| F|  |TAMS 0x00000000e5100000| PB 0x00000000e5100000| Untracked 
|  82|0x00000000e5200000, 0x00000000e5200000, 0x00000000e5300000|  0%| F|  |TAMS 0x00000000e5200000| PB 0x00000000e5200000| Untracked 
|  83|0x00000000e5300000, 0x00000000e5300000, 0x00000000e5400000|  0%| F|  |TAMS 0x00000000e5300000| PB 0x00000000e5300000| Untracked 
|  84|0x00000000e5400000, 0x00000000e5400000, 0x00000000e5500000|  0%| F|  |TAMS 0x00000000e5400000| PB 0x00000000e5400000| Untracked 
|  85|0x00000000e5500000, 0x00000000e5500000, 0x00000000e5600000|  0%| F|  |TAMS 0x00000000e5500000| PB 0x00000000e5500000| Untracked 
|  86|0x00000000e5600000, 0x00000000e5600000, 0x00000000e5700000|  0%| F|  |TAMS 0x00000000e5600000| PB 0x00000000e5600000| Untracked 
|  87|0x00000000e5700000, 0x00000000e5700000, 0x00000000e5800000|  0%| F|  |TAMS 0x00000000e5700000| PB 0x00000000e5700000| Untracked 
|  88|0x00000000e5800000, 0x00000000e5800000, 0x00000000e5900000|  0%| F|  |TAMS 0x00000000e5800000| PB 0x00000000e5800000| Untracked 
|  89|0x00000000e5900000, 0x00000000e5900000, 0x00000000e5a00000|  0%| F|  |TAMS 0x00000000e5900000| PB 0x00000000e5900000| Untracked 
|  90|0x00000000e5a00000, 0x00000000e5a00000, 0x00000000e5b00000|  0%| F|  |TAMS 0x00000000e5a00000| PB 0x00000000e5a00000| Untracked 
|  91|0x00000000e5b00000, 0x00000000e5b00000, 0x00000000e5c00000|  0%| F|  |TAMS 0x00000000e5b00000| PB 0x00000000e5b00000| Untracked 
|  92|0x00000000e5c00000, 0x00000000e5c00000, 0x00000000e5d00000|  0%| F|  |TAMS 0x00000000e5c00000| PB 0x00000000e5c00000| Untracked 
|  93|0x00000000e5d00000, 0x00000000e5d00000, 0x00000000e5e00000|  0%| F|  |TAMS 0x00000000e5d00000| PB 0x00000000e5d00000| Untracked 
|  94|0x00000000e5e00000, 0x00000000e5e00000, 0x00000000e5f00000|  0%| F|  |TAMS 0x00000000e5e00000| PB 0x00000000e5e00000| Untracked 
|  95|0x00000000e5f00000, 0x00000000e5f00000, 0x00000000e6000000|  0%| F|  |TAMS 0x00000000e5f00000| PB 0x00000000e5f00000| Untracked 
|  96|0x00000000e6000000, 0x00000000e6000000, 0x00000000e6100000|  0%| F|  |TAMS 0x00000000e6000000| PB 0x00000000e6000000| Untracked 
|  97|0x00000000e6100000, 0x00000000e6100000, 0x00000000e6200000|  0%| F|  |TAMS 0x00000000e6100000| PB 0x00000000e6100000| Untracked 
|  98|0x00000000e6200000, 0x00000000e6200000, 0x00000000e6300000|  0%| F|  |TAMS 0x00000000e6200000| PB 0x00000000e6200000| Untracked 
|  99|0x00000000e6300000, 0x00000000e6300000, 0x00000000e6400000|  0%| F|  |TAMS 0x00000000e6300000| PB 0x00000000e6300000| Untracked 
| 100|0x00000000e6400000, 0x00000000e6400000, 0x00000000e6500000|  0%| F|  |TAMS 0x00000000e6400000| PB 0x00000000e6400000| Untracked 
| 101|0x00000000e6500000, 0x00000000e6500000, 0x00000000e6600000|  0%| F|  |TAMS 0x00000000e6500000| PB 0x00000000e6500000| Untracked 
| 102|0x00000000e6600000, 0x00000000e6600000, 0x00000000e6700000|  0%| F|  |TAMS 0x00000000e6600000| PB 0x00000000e6600000| Untracked 
| 103|0x00000000e6700000, 0x00000000e6700000, 0x00000000e6800000|  0%| F|  |TAMS 0x00000000e6700000| PB 0x00000000e6700000| Untracked 
| 104|0x00000000e6800000, 0x00000000e6800000, 0x00000000e6900000|  0%| F|  |TAMS 0x00000000e6800000| PB 0x00000000e6800000| Untracked 
| 105|0x00000000e6900000, 0x00000000e6900000, 0x00000000e6a00000|  0%| F|  |TAMS 0x00000000e6900000| PB 0x00000000e6900000| Untracked 
| 106|0x00000000e6a00000, 0x00000000e6a00000, 0x00000000e6b00000|  0%| F|  |TAMS 0x00000000e6a00000| PB 0x00000000e6a00000| Untracked 
| 107|0x00000000e6b00000, 0x00000000e6b00000, 0x00000000e6c00000|  0%| F|  |TAMS 0x00000000e6b00000| PB 0x00000000e6b00000| Untracked 
| 108|0x00000000e6c00000, 0x00000000e6c00000, 0x00000000e6d00000|  0%| F|  |TAMS 0x00000000e6c00000| PB 0x00000000e6c00000| Untracked 
| 109|0x00000000e6d00000, 0x00000000e6d00000, 0x00000000e6e00000|  0%| F|  |TAMS 0x00000000e6d00000| PB 0x00000000e6d00000| Untracked 
| 110|0x00000000e6e00000, 0x00000000e6e00000, 0x00000000e6f00000|  0%| F|  |TAMS 0x00000000e6e00000| PB 0x00000000e6e00000| Untracked 
| 111|0x00000000e6f00000, 0x00000000e6f00000, 0x00000000e7000000|  0%| F|  |TAMS 0x00000000e6f00000| PB 0x00000000e6f00000| Untracked 
| 112|0x00000000e7000000, 0x00000000e7000000, 0x00000000e7100000|  0%| F|  |TAMS 0x00000000e7000000| PB 0x00000000e7000000| Untracked 
| 113|0x00000000e7100000, 0x00000000e7100000, 0x00000000e7200000|  0%| F|  |TAMS 0x00000000e7100000| PB 0x00000000e7100000| Untracked 
| 114|0x00000000e7200000, 0x00000000e7200000, 0x00000000e7300000|  0%| F|  |TAMS 0x00000000e7200000| PB 0x00000000e7200000| Untracked 
| 115|0x00000000e7300000, 0x00000000e7300000, 0x00000000e7400000|  0%| F|  |TAMS 0x00000000e7300000| PB 0x00000000e7300000| Untracked 
| 116|0x00000000e7400000, 0x00000000e7400000, 0x00000000e7500000|  0%| F|  |TAMS 0x00000000e7400000| PB 0x00000000e7400000| Untracked 
| 117|0x00000000e7500000, 0x00000000e7500000, 0x00000000e7600000|  0%| F|  |TAMS 0x00000000e7500000| PB 0x00000000e7500000| Untracked 
| 118|0x00000000e7600000, 0x00000000e7600000, 0x00000000e7700000|  0%| F|  |TAMS 0x00000000e7600000| PB 0x00000000e7600000| Untracked 
| 119|0x00000000e7700000, 0x00000000e7700000, 0x00000000e7800000|  0%| F|  |TAMS 0x00000000e7700000| PB 0x00000000e7700000| Untracked 
| 120|0x00000000e7800000, 0x00000000e7800000, 0x00000000e7900000|  0%| F|  |TAMS 0x00000000e7800000| PB 0x00000000e7800000| Untracked 
| 121|0x00000000e7900000, 0x00000000e7900000, 0x00000000e7a00000|  0%| F|  |TAMS 0x00000000e7900000| PB 0x00000000e7900000| Untracked 
| 122|0x00000000e7a00000, 0x00000000e7a00000, 0x00000000e7b00000|  0%| F|  |TAMS 0x00000000e7a00000| PB 0x00000000e7a00000| Untracked 
| 123|0x00000000e7b00000, 0x00000000e7b00000, 0x00000000e7c00000|  0%| F|  |TAMS 0x00000000e7b00000| PB 0x00000000e7b00000| Untracked 
| 124|0x00000000e7c00000, 0x00000000e7c00000, 0x00000000e7d00000|  0%| F|  |TAMS 0x00000000e7c00000| PB 0x00000000e7c00000| Untracked 
| 125|0x00000000e7d00000, 0x00000000e7d00000, 0x00000000e7e00000|  0%| F|  |TAMS 0x00000000e7d00000| PB 0x00000000e7d00000| Untracked 
| 126|0x00000000e7e00000, 0x00000000e7e00000, 0x00000000e7f00000|  0%| F|  |TAMS 0x00000000e7e00000| PB 0x00000000e7e00000| Untracked 
| 127|0x00000000e7f00000, 0x00000000e7f00000, 0x00000000e8000000|  0%| F|  |TAMS 0x00000000e7f00000| PB 0x00000000e7f00000| Untracked 
| 128|0x00000000e8000000, 0x00000000e8000000, 0x00000000e8100000|  0%| F|  |TAMS 0x00000000e8000000| PB 0x00000000e8000000| Untracked 
| 129|0x00000000e8100000, 0x00000000e8100000, 0x00000000e8200000|  0%| F|  |TAMS 0x00000000e8100000| PB 0x00000000e8100000| Untracked 
| 130|0x00000000e8200000, 0x00000000e8200000, 0x00000000e8300000|  0%| F|  |TAMS 0x00000000e8200000| PB 0x00000000e8200000| Untracked 
| 131|0x00000000e8300000, 0x00000000e8300000, 0x00000000e8400000|  0%| F|  |TAMS 0x00000000e8300000| PB 0x00000000e8300000| Untracked 
| 132|0x00000000e8400000, 0x00000000e8400000, 0x00000000e8500000|  0%| F|  |TAMS 0x00000000e8400000| PB 0x00000000e8400000| Untracked 
| 133|0x00000000e8500000, 0x00000000e8500000, 0x00000000e8600000|  0%| F|  |TAMS 0x00000000e8500000| PB 0x00000000e8500000| Untracked 
| 134|0x00000000e8600000, 0x00000000e8600000, 0x00000000e8700000|  0%| F|  |TAMS 0x00000000e8600000| PB 0x00000000e8600000| Untracked 
| 135|0x00000000e8700000, 0x00000000e8700000, 0x00000000e8800000|  0%| F|  |TAMS 0x00000000e8700000| PB 0x00000000e8700000| Untracked 
| 136|0x00000000e8800000, 0x00000000e8800000, 0x00000000e8900000|  0%| F|  |TAMS 0x00000000e8800000| PB 0x00000000e8800000| Untracked 
| 137|0x00000000e8900000, 0x00000000e8900000, 0x00000000e8a00000|  0%| F|  |TAMS 0x00000000e8900000| PB 0x00000000e8900000| Untracked 
| 138|0x00000000e8a00000, 0x00000000e8a00000, 0x00000000e8b00000|  0%| F|  |TAMS 0x00000000e8a00000| PB 0x00000000e8a00000| Untracked 
| 139|0x00000000e8b00000, 0x00000000e8b00000, 0x00000000e8c00000|  0%| F|  |TAMS 0x00000000e8b00000| PB 0x00000000e8b00000| Untracked 
| 140|0x00000000e8c00000, 0x00000000e8c00000, 0x00000000e8d00000|  0%| F|  |TAMS 0x00000000e8c00000| PB 0x00000000e8c00000| Untracked 
| 141|0x00000000e8d00000, 0x00000000e8d00000, 0x00000000e8e00000|  0%| F|  |TAMS 0x00000000e8d00000| PB 0x00000000e8d00000| Untracked 
| 142|0x00000000e8e00000, 0x00000000e8e00000, 0x00000000e8f00000|  0%| F|  |TAMS 0x00000000e8e00000| PB 0x00000000e8e00000| Untracked 
| 143|0x00000000e8f00000, 0x00000000e8f00000, 0x00000000e9000000|  0%| F|  |TAMS 0x00000000e8f00000| PB 0x00000000e8f00000| Untracked 
| 144|0x00000000e9000000, 0x00000000e9000000, 0x00000000e9100000|  0%| F|  |TAMS 0x00000000e9000000| PB 0x00000000e9000000| Untracked 
| 145|0x00000000e9100000, 0x00000000e9100000, 0x00000000e9200000|  0%| F|  |TAMS 0x00000000e9100000| PB 0x00000000e9100000| Untracked 
| 146|0x00000000e9200000, 0x00000000e9200000, 0x00000000e9300000|  0%| F|  |TAMS 0x00000000e9200000| PB 0x00000000e9200000| Untracked 
| 147|0x00000000e9300000, 0x00000000e9300000, 0x00000000e9400000|  0%| F|  |TAMS 0x00000000e9300000| PB 0x00000000e9300000| Untracked 
| 148|0x00000000e9400000, 0x00000000e9400000, 0x00000000e9500000|  0%| F|  |TAMS 0x00000000e9400000| PB 0x00000000e9400000| Untracked 
| 149|0x00000000e9500000, 0x00000000e9500000, 0x00000000e9600000|  0%| F|  |TAMS 0x00000000e9500000| PB 0x00000000e9500000| Untracked 
| 150|0x00000000e9600000, 0x00000000e9600000, 0x00000000e9700000|  0%| F|  |TAMS 0x00000000e9600000| PB 0x00000000e9600000| Untracked 
| 151|0x00000000e9700000, 0x00000000e9700000, 0x00000000e9800000|  0%| F|  |TAMS 0x00000000e9700000| PB 0x00000000e9700000| Untracked 
| 152|0x00000000e9800000, 0x00000000e9800000, 0x00000000e9900000|  0%| F|  |TAMS 0x00000000e9800000| PB 0x00000000e9800000| Untracked 
| 153|0x00000000e9900000, 0x00000000e9900000, 0x00000000e9a00000|  0%| F|  |TAMS 0x00000000e9900000| PB 0x00000000e9900000| Untracked 
| 154|0x00000000e9a00000, 0x00000000e9a00000, 0x00000000e9b00000|  0%| F|  |TAMS 0x00000000e9a00000| PB 0x00000000e9a00000| Untracked 
| 155|0x00000000e9b00000, 0x00000000e9b00000, 0x00000000e9c00000|  0%| F|  |TAMS 0x00000000e9b00000| PB 0x00000000e9b00000| Untracked 
| 156|0x00000000e9c00000, 0x00000000e9c00000, 0x00000000e9d00000|  0%| F|  |TAMS 0x00000000e9c00000| PB 0x00000000e9c00000| Untracked 
| 157|0x00000000e9d00000, 0x00000000e9d00000, 0x00000000e9e00000|  0%| F|  |TAMS 0x00000000e9d00000| PB 0x00000000e9d00000| Untracked 
| 158|0x00000000e9e00000, 0x00000000e9e00000, 0x00000000e9f00000|  0%| F|  |TAMS 0x00000000e9e00000| PB 0x00000000e9e00000| Untracked 
| 159|0x00000000e9f00000, 0x00000000e9f00000, 0x00000000ea000000|  0%| F|  |TAMS 0x00000000e9f00000| PB 0x00000000e9f00000| Untracked 
| 160|0x00000000ea000000, 0x00000000ea000000, 0x00000000ea100000|  0%| F|  |TAMS 0x00000000ea000000| PB 0x00000000ea000000| Untracked 
| 161|0x00000000ea100000, 0x00000000ea100000, 0x00000000ea200000|  0%| F|  |TAMS 0x00000000ea100000| PB 0x00000000ea100000| Untracked 
| 162|0x00000000ea200000, 0x00000000ea200000, 0x00000000ea300000|  0%| F|  |TAMS 0x00000000ea200000| PB 0x00000000ea200000| Untracked 
| 163|0x00000000ea300000, 0x00000000ea300000, 0x00000000ea400000|  0%| F|  |TAMS 0x00000000ea300000| PB 0x00000000ea300000| Untracked 
| 164|0x00000000ea400000, 0x00000000ea400000, 0x00000000ea500000|  0%| F|  |TAMS 0x00000000ea400000| PB 0x00000000ea400000| Untracked 
| 165|0x00000000ea500000, 0x00000000ea500000, 0x00000000ea600000|  0%| F|  |TAMS 0x00000000ea500000| PB 0x00000000ea500000| Untracked 
| 166|0x00000000ea600000, 0x00000000ea600000, 0x00000000ea700000|  0%| F|  |TAMS 0x00000000ea600000| PB 0x00000000ea600000| Untracked 
| 167|0x00000000ea700000, 0x00000000ea700000, 0x00000000ea800000|  0%| F|  |TAMS 0x00000000ea700000| PB 0x00000000ea700000| Untracked 
| 168|0x00000000ea800000, 0x00000000ea800000, 0x00000000ea900000|  0%| F|  |TAMS 0x00000000ea800000| PB 0x00000000ea800000| Untracked 
| 169|0x00000000ea900000, 0x00000000ea900000, 0x00000000eaa00000|  0%| F|  |TAMS 0x00000000ea900000| PB 0x00000000ea900000| Untracked 
| 170|0x00000000eaa00000, 0x00000000eaa00000, 0x00000000eab00000|  0%| F|  |TAMS 0x00000000eaa00000| PB 0x00000000eaa00000| Untracked 
| 171|0x00000000eab00000, 0x00000000eab00000, 0x00000000eac00000|  0%| F|  |TAMS 0x00000000eab00000| PB 0x00000000eab00000| Untracked 
| 172|0x00000000eac00000, 0x00000000eac00000, 0x00000000ead00000|  0%| F|  |TAMS 0x00000000eac00000| PB 0x00000000eac00000| Untracked 
| 173|0x00000000ead00000, 0x00000000ead00000, 0x00000000eae00000|  0%| F|  |TAMS 0x00000000ead00000| PB 0x00000000ead00000| Untracked 
| 174|0x00000000eae00000, 0x00000000eae00000, 0x00000000eaf00000|  0%| F|  |TAMS 0x00000000eae00000| PB 0x00000000eae00000| Untracked 
| 175|0x00000000eaf00000, 0x00000000eaf00000, 0x00000000eb000000|  0%| F|  |TAMS 0x00000000eaf00000| PB 0x00000000eaf00000| Untracked 
| 176|0x00000000eb000000, 0x00000000eb000000, 0x00000000eb100000|  0%| F|  |TAMS 0x00000000eb000000| PB 0x00000000eb000000| Untracked 
| 177|0x00000000eb100000, 0x00000000eb100000, 0x00000000eb200000|  0%| F|  |TAMS 0x00000000eb100000| PB 0x00000000eb100000| Untracked 
| 178|0x00000000eb200000, 0x00000000eb200000, 0x00000000eb300000|  0%| F|  |TAMS 0x00000000eb200000| PB 0x00000000eb200000| Untracked 
| 179|0x00000000eb300000, 0x00000000eb300000, 0x00000000eb400000|  0%| F|  |TAMS 0x00000000eb300000| PB 0x00000000eb300000| Untracked 
| 180|0x00000000eb400000, 0x00000000eb400000, 0x00000000eb500000|  0%| F|  |TAMS 0x00000000eb400000| PB 0x00000000eb400000| Untracked 
| 181|0x00000000eb500000, 0x00000000eb500000, 0x00000000eb600000|  0%| F|  |TAMS 0x00000000eb500000| PB 0x00000000eb500000| Untracked 
| 182|0x00000000eb600000, 0x00000000eb600000, 0x00000000eb700000|  0%| F|  |TAMS 0x00000000eb600000| PB 0x00000000eb600000| Untracked 
| 183|0x00000000eb700000, 0x00000000eb700000, 0x00000000eb800000|  0%| F|  |TAMS 0x00000000eb700000| PB 0x00000000eb700000| Untracked 
| 184|0x00000000eb800000, 0x00000000eb800000, 0x00000000eb900000|  0%| F|  |TAMS 0x00000000eb800000| PB 0x00000000eb800000| Untracked 
| 185|0x00000000eb900000, 0x00000000eb900000, 0x00000000eba00000|  0%| F|  |TAMS 0x00000000eb900000| PB 0x00000000eb900000| Untracked 
| 186|0x00000000eba00000, 0x00000000eba00000, 0x00000000ebb00000|  0%| F|  |TAMS 0x00000000eba00000| PB 0x00000000eba00000| Untracked 
| 187|0x00000000ebb00000, 0x00000000ebb00000, 0x00000000ebc00000|  0%| F|  |TAMS 0x00000000ebb00000| PB 0x00000000ebb00000| Untracked 
| 188|0x00000000ebc00000, 0x00000000ebc00000, 0x00000000ebd00000|  0%| F|  |TAMS 0x00000000ebc00000| PB 0x00000000ebc00000| Untracked 
| 189|0x00000000ebd00000, 0x00000000ebd00000, 0x00000000ebe00000|  0%| F|  |TAMS 0x00000000ebd00000| PB 0x00000000ebd00000| Untracked 
| 190|0x00000000ebe00000, 0x00000000ebe00000, 0x00000000ebf00000|  0%| F|  |TAMS 0x00000000ebe00000| PB 0x00000000ebe00000| Untracked 
| 191|0x00000000ebf00000, 0x00000000ebf00000, 0x00000000ec000000|  0%| F|  |TAMS 0x00000000ebf00000| PB 0x00000000ebf00000| Untracked 
| 192|0x00000000ec000000, 0x00000000ec080000, 0x00000000ec100000| 50%| E|  |TAMS 0x00000000ec000000| PB 0x00000000ec000000| Complete 
| 193|0x00000000ec100000, 0x00000000ec200000, 0x00000000ec200000|100%| E|CS|TAMS 0x00000000ec100000| PB 0x00000000ec100000| Complete 
| 194|0x00000000ec200000, 0x00000000ec300000, 0x00000000ec300000|100%| E|CS|TAMS 0x00000000ec200000| PB 0x00000000ec200000| Complete 
| 195|0x00000000ec300000, 0x00000000ec400000, 0x00000000ec400000|100%| E|CS|TAMS 0x00000000ec300000| PB 0x00000000ec300000| Complete 
| 196|0x00000000ec400000, 0x00000000ec500000, 0x00000000ec500000|100%| E|CS|TAMS 0x00000000ec400000| PB 0x00000000ec400000| Complete 
| 197|0x00000000ec500000, 0x00000000ec600000, 0x00000000ec600000|100%| E|CS|TAMS 0x00000000ec500000| PB 0x00000000ec500000| Complete 
| 198|0x00000000ec600000, 0x00000000ec700000, 0x00000000ec700000|100%| E|CS|TAMS 0x00000000ec600000| PB 0x00000000ec600000| Complete 
| 199|0x00000000ec700000, 0x00000000ec800000, 0x00000000ec800000|100%| E|CS|TAMS 0x00000000ec700000| PB 0x00000000ec700000| Complete 
| 200|0x00000000ec800000, 0x00000000ec900000, 0x00000000ec900000|100%| E|CS|TAMS 0x00000000ec800000| PB 0x00000000ec800000| Complete 
| 201|0x00000000ec900000, 0x00000000eca00000, 0x00000000eca00000|100%| E|CS|TAMS 0x00000000ec900000| PB 0x00000000ec900000| Complete 
| 202|0x00000000eca00000, 0x00000000ecb00000, 0x00000000ecb00000|100%| E|CS|TAMS 0x00000000eca00000| PB 0x00000000eca00000| Complete 
| 203|0x00000000ecb00000, 0x00000000ecc00000, 0x00000000ecc00000|100%| E|CS|TAMS 0x00000000ecb00000| PB 0x00000000ecb00000| Complete 
| 204|0x00000000ecc00000, 0x00000000ecd00000, 0x00000000ecd00000|100%| E|CS|TAMS 0x00000000ecc00000| PB 0x00000000ecc00000| Complete 
| 205|0x00000000ecd00000, 0x00000000ece00000, 0x00000000ece00000|100%| E|CS|TAMS 0x00000000ecd00000| PB 0x00000000ecd00000| Complete 
| 206|0x00000000ece00000, 0x00000000ecf00000, 0x00000000ecf00000|100%| E|CS|TAMS 0x00000000ece00000| PB 0x00000000ece00000| Complete 
| 207|0x00000000ecf00000, 0x00000000ed000000, 0x00000000ed000000|100%| E|CS|TAMS 0x00000000ecf00000| PB 0x00000000ecf00000| Complete 
| 208|0x00000000ed000000, 0x00000000ed100000, 0x00000000ed100000|100%| E|CS|TAMS 0x00000000ed000000| PB 0x00000000ed000000| Complete 
| 209|0x00000000ed100000, 0x00000000ed200000, 0x00000000ed200000|100%| E|CS|TAMS 0x00000000ed100000| PB 0x00000000ed100000| Complete 
| 210|0x00000000ed200000, 0x00000000ed300000, 0x00000000ed300000|100%| E|CS|TAMS 0x00000000ed200000| PB 0x00000000ed200000| Complete 
| 211|0x00000000ed300000, 0x00000000ed400000, 0x00000000ed400000|100%| E|CS|TAMS 0x00000000ed300000| PB 0x00000000ed300000| Complete 
| 212|0x00000000ed400000, 0x00000000ed500000, 0x00000000ed500000|100%| E|CS|TAMS 0x00000000ed400000| PB 0x00000000ed400000| Complete 
| 213|0x00000000ed500000, 0x00000000ed600000, 0x00000000ed600000|100%| E|CS|TAMS 0x00000000ed500000| PB 0x00000000ed500000| Complete 
| 214|0x00000000ed600000, 0x00000000ed700000, 0x00000000ed700000|100%| E|CS|TAMS 0x00000000ed600000| PB 0x00000000ed600000| Complete 
| 215|0x00000000ed700000, 0x00000000ed800000, 0x00000000ed800000|100%| E|CS|TAMS 0x00000000ed700000| PB 0x00000000ed700000| Complete 
| 216|0x00000000ed800000, 0x00000000ed900000, 0x00000000ed900000|100%| E|CS|TAMS 0x00000000ed800000| PB 0x00000000ed800000| Complete 
| 217|0x00000000ed900000, 0x00000000eda00000, 0x00000000eda00000|100%| E|CS|TAMS 0x00000000ed900000| PB 0x00000000ed900000| Complete 
| 218|0x00000000eda00000, 0x00000000edb00000, 0x00000000edb00000|100%| E|CS|TAMS 0x00000000eda00000| PB 0x00000000eda00000| Complete 
| 219|0x00000000edb00000, 0x00000000edc00000, 0x00000000edc00000|100%| E|CS|TAMS 0x00000000edb00000| PB 0x00000000edb00000| Complete 
| 220|0x00000000edc00000, 0x00000000edd00000, 0x00000000edd00000|100%| E|CS|TAMS 0x00000000edc00000| PB 0x00000000edc00000| Complete 
| 221|0x00000000edd00000, 0x00000000edd09740, 0x00000000ede00000|  3%| S|CS|TAMS 0x00000000edd00000| PB 0x00000000edd00000| Complete 
| 222|0x00000000ede00000, 0x00000000edf00000, 0x00000000edf00000|100%| S|CS|TAMS 0x00000000ede00000| PB 0x00000000ede00000| Complete 
| 223|0x00000000edf00000, 0x00000000ee000000, 0x00000000ee000000|100%| S|CS|TAMS 0x00000000edf00000| PB 0x00000000edf00000| Complete 
| 224|0x00000000ee000000, 0x00000000ee100000, 0x00000000ee100000|100%| S|CS|TAMS 0x00000000ee000000| PB 0x00000000ee000000| Complete 
| 225|0x00000000ee100000, 0x00000000ee200000, 0x00000000ee200000|100%| E|CS|TAMS 0x00000000ee100000| PB 0x00000000ee100000| Complete 
| 226|0x00000000ee200000, 0x00000000ee300000, 0x00000000ee300000|100%| E|CS|TAMS 0x00000000ee200000| PB 0x00000000ee200000| Complete 
| 227|0x00000000ee300000, 0x00000000ee400000, 0x00000000ee400000|100%| E|CS|TAMS 0x00000000ee300000| PB 0x00000000ee300000| Complete 
| 228|0x00000000ee400000, 0x00000000ee500000, 0x00000000ee500000|100%| E|CS|TAMS 0x00000000ee400000| PB 0x00000000ee400000| Complete 
| 229|0x00000000ee500000, 0x00000000ee600000, 0x00000000ee600000|100%| E|CS|TAMS 0x00000000ee500000| PB 0x00000000ee500000| Complete 
| 230|0x00000000ee600000, 0x00000000ee700000, 0x00000000ee700000|100%| E|CS|TAMS 0x00000000ee600000| PB 0x00000000ee600000| Complete 
| 231|0x00000000ee700000, 0x00000000ee800000, 0x00000000ee800000|100%| E|CS|TAMS 0x00000000ee700000| PB 0x00000000ee700000| Complete 
| 232|0x00000000ee800000, 0x00000000ee900000, 0x00000000ee900000|100%| E|CS|TAMS 0x00000000ee800000| PB 0x00000000ee800000| Complete 
| 233|0x00000000ee900000, 0x00000000eea00000, 0x00000000eea00000|100%| E|CS|TAMS 0x00000000ee900000| PB 0x00000000ee900000| Complete 
| 234|0x00000000eea00000, 0x00000000eeb00000, 0x00000000eeb00000|100%| E|CS|TAMS 0x00000000eea00000| PB 0x00000000eea00000| Complete 
| 235|0x00000000eeb00000, 0x00000000eec00000, 0x00000000eec00000|100%| E|CS|TAMS 0x00000000eeb00000| PB 0x00000000eeb00000| Complete 
| 236|0x00000000eec00000, 0x00000000eed00000, 0x00000000eed00000|100%| E|CS|TAMS 0x00000000eec00000| PB 0x00000000eec00000| Complete 
| 237|0x00000000eed00000, 0x00000000eee00000, 0x00000000eee00000|100%| E|CS|TAMS 0x00000000eed00000| PB 0x00000000eed00000| Complete 
| 238|0x00000000eee00000, 0x00000000eef00000, 0x00000000eef00000|100%| E|CS|TAMS 0x00000000eee00000| PB 0x00000000eee00000| Complete 
| 239|0x00000000eef00000, 0x00000000ef000000, 0x00000000ef000000|100%| E|CS|TAMS 0x00000000eef00000| PB 0x00000000eef00000| Complete 
| 240|0x00000000ef000000, 0x00000000ef100000, 0x00000000ef100000|100%| E|CS|TAMS 0x00000000ef000000| PB 0x00000000ef000000| Complete 
| 241|0x00000000ef100000, 0x00000000ef200000, 0x00000000ef200000|100%| E|CS|TAMS 0x00000000ef100000| PB 0x00000000ef100000| Complete 
| 242|0x00000000ef200000, 0x00000000ef300000, 0x00000000ef300000|100%| E|CS|TAMS 0x00000000ef200000| PB 0x00000000ef200000| Complete 
| 243|0x00000000ef300000, 0x00000000ef400000, 0x00000000ef400000|100%| E|CS|TAMS 0x00000000ef300000| PB 0x00000000ef300000| Complete 
| 244|0x00000000ef400000, 0x00000000ef500000, 0x00000000ef500000|100%| E|CS|TAMS 0x00000000ef400000| PB 0x00000000ef400000| Complete 
| 245|0x00000000ef500000, 0x00000000ef600000, 0x00000000ef600000|100%| E|CS|TAMS 0x00000000ef500000| PB 0x00000000ef500000| Complete 
| 246|0x00000000ef600000, 0x00000000ef700000, 0x00000000ef700000|100%| E|CS|TAMS 0x00000000ef600000| PB 0x00000000ef600000| Complete 
| 247|0x00000000ef700000, 0x00000000ef800000, 0x00000000ef800000|100%| E|CS|TAMS 0x00000000ef700000| PB 0x00000000ef700000| Complete 
| 248|0x00000000ef800000, 0x00000000ef900000, 0x00000000ef900000|100%| E|CS|TAMS 0x00000000ef800000| PB 0x00000000ef800000| Complete 
| 249|0x00000000ef900000, 0x00000000efa00000, 0x00000000efa00000|100%| E|CS|TAMS 0x00000000ef900000| PB 0x00000000ef900000| Complete 
| 250|0x00000000efa00000, 0x00000000efb00000, 0x00000000efb00000|100%| E|CS|TAMS 0x00000000efa00000| PB 0x00000000efa00000| Complete 
| 251|0x00000000efb00000, 0x00000000efc00000, 0x00000000efc00000|100%| E|CS|TAMS 0x00000000efb00000| PB 0x00000000efb00000| Complete 
| 252|0x00000000efc00000, 0x00000000efd00000, 0x00000000efd00000|100%| E|CS|TAMS 0x00000000efc00000| PB 0x00000000efc00000| Complete 
| 253|0x00000000efd00000, 0x00000000efe00000, 0x00000000efe00000|100%| E|CS|TAMS 0x00000000efd00000| PB 0x00000000efd00000| Complete 
| 254|0x00000000efe00000, 0x00000000eff00000, 0x00000000eff00000|100%| E|CS|TAMS 0x00000000efe00000| PB 0x00000000efe00000| Complete 
| 255|0x00000000eff00000, 0x00000000f0000000, 0x00000000f0000000|100%| E|CS|TAMS 0x00000000eff00000| PB 0x00000000eff00000| Complete 

Card table byte_map: [0x000002ad71920000,0x000002ad71a20000] _byte_map_base: 0x000002ad71220000

Marking Bits: (CMBitMap*) 0x000002ad5edae500
 Bits: [0x000002ad71a20000, 0x000002ad72220000)

Polling page: 0x000002ad5cb90000

Metaspace:

Usage:
  Non-class:     10.55 MB used.
      Class:      1.62 MB used.
       Both:     12.17 MB used.

Virtual space:
  Non-class space:       64.00 MB reserved,      10.69 MB ( 17%) committed,  1 nodes.
      Class space:      320.00 MB reserved,       1.81 MB ( <1%) committed,  1 nodes.
             Both:      384.00 MB reserved,      12.50 MB (  3%) committed. 

Chunk freelists:
   Non-Class:  5.17 MB
       Class:  14.22 MB
        Both:  19.39 MB

MaxMetaspaceSize: 384.00 MB
CompressedClassSpaceSize: 320.00 MB
Initial GC threshold: 21.00 MB
Current GC threshold: 21.00 MB
CDS: on
 - commit_granule_bytes: 65536.
 - commit_granule_words: 8192.
 - virtual_space_node_default_size: 8388608.
 - enlarge_chunks_in_place: 1.
 - use_allocation_guard: 0.


Internal statistics:

num_allocs_failed_limit: 0.
num_arena_births: 348.
num_arena_deaths: 0.
num_vsnodes_births: 2.
num_vsnodes_deaths: 0.
num_space_committed: 200.
num_space_uncommitted: 0.
num_chunks_returned_to_freelist: 0.
num_chunks_taken_from_freelist: 728.
num_chunk_merges: 0.
num_chunk_splits: 474.
num_chunks_enlarged: 332.
num_inconsistent_stats: 0.

CodeHeap 'non-profiled nmethods': size=119168Kb used=1195Kb max_used=1195Kb free=117972Kb
 bounds [0x000002ad69b20000, 0x000002ad69d90000, 0x000002ad70f80000]
CodeHeap 'profiled nmethods': size=119104Kb used=5930Kb max_used=5930Kb free=113173Kb
 bounds [0x000002ad61f80000, 0x000002ad62550000, 0x000002ad693d0000]
CodeHeap 'non-nmethods': size=7488Kb used=1949Kb max_used=3088Kb free=5539Kb
 bounds [0x000002ad693d0000, 0x000002ad69740000, 0x000002ad69b20000]
CodeCache: size=245760Kb, used=9074Kb, max_used=10213Kb, free=236684Kb
 total_blobs=3513, nmethods=2965, adapters=451, full_count=0
Compilation: enabled, stopped_count=0, restarted_count=0

Compilation events (20 events):
Event: 178.531 Thread 0x000002ad751c6940 nmethod 2959 0x000002ad69c4a690 code [0x000002ad69c4a820, 0x000002ad69c4a8e8]
Event: 178.531 Thread 0x000002ad7b29edc0 nmethod 2958 0x000002ad69c4a990 code [0x000002ad69c4ab20, 0x000002ad69c4abe8]
Event: 178.531 Thread 0x000002ad751c6940 2962       3       java.lang.reflect.Method::isVarArgs (5 bytes)
Event: 178.532 Thread 0x000002ad7b2a0230 nmethod 2961 0x000002ad69c4ac90 code [0x000002ad69c4ae20, 0x000002ad69c4aee8]
Event: 178.532 Thread 0x000002ad751c6940 nmethod 2962 0x000002ad6253f510 code [0x000002ad6253f6c0, 0x000002ad6253f898]
Event: 178.533 Thread 0x000002ad751c6940 2963       3       java.lang.invoke.MethodHandles$Lookup::findBoundCallerLookup (30 bytes)
Event: 178.533 Thread 0x000002ad7b2a0230 2964       3       java.lang.invoke.MethodHandles$Lookup::getDirectMethodCommon (300 bytes)
Event: 178.533 Thread 0x000002ad7b29edc0 2965       3       java.lang.invoke.MethodHandles$Lookup::checkMethod (87 bytes)
Event: 178.534 Thread 0x000002ad7b29edc0 nmethod 2965 0x000002ad6253f990 code [0x000002ad6253fba0, 0x000002ad625401f8]
Event: 178.534 Thread 0x000002ad7b29edc0 2966       3       java.lang.invoke.MethodHandles$Lookup::maybeBindCaller (72 bytes)
Event: 178.534 Thread 0x000002ad751c6940 nmethod 2963 0x000002ad62540410 code [0x000002ad62540620, 0x000002ad62540c70]
Event: 178.535 Thread 0x000002ad751c6940 2967       3       java.net.URLClassLoader::definePackage (274 bytes)
Event: 178.535 Thread 0x000002ad7b29edc0 nmethod 2966 0x000002ad62540e90 code [0x000002ad625410c0, 0x000002ad62541828]
Event: 178.536 Thread 0x000002ad7b2a0230 nmethod 2964 0x000002ad62541b10 code [0x000002ad62541e80, 0x000002ad62542f90]
Event: 178.540 Thread 0x000002ad751c6940 nmethod 2967 0x000002ad62543590 code [0x000002ad62543c80, 0x000002ad62547cd0]
Event: 179.502 Thread 0x000002ad751c6940 2968       3       java.util.concurrent.locks.ReentrantLock::lockInterruptibly (8 bytes)
Event: 179.502 Thread 0x000002ad7b2a0230 2969       3       java.util.concurrent.locks.ReentrantLock$Sync::lockInterruptibly (27 bytes)
Event: 179.503 Thread 0x000002ad751c6940 nmethod 2968 0x000002ad62549610 code [0x000002ad62549820, 0x000002ad62549dc0]
Event: 179.503 Thread 0x000002ad7b2a0230 nmethod 2969 0x000002ad62549f90 code [0x000002ad6254a1a0, 0x000002ad6254a6d8]
Event: 179.517 Thread 0x000002ad7b2a0230 2970       3       java.util.concurrent.locks.AbstractQueuedSynchronizer$ConditionObject::awaitNanos (202 bytes)

GC Heap History (4 events):
Event: 19.049 GC heap before
{Heap before GC invocations=0 (full 0):
 garbage-first heap   total 262144K, used 27648K [0x00000000e0000000, 0x0000000100000000)
  region size 1024K, 23 young (23552K), 0 survivors (0K)
 Metaspace       used 2657K, committed 2816K, reserved 393216K
  class space    used 310K, committed 384K, reserved 327680K
}
Event: 19.066 GC heap after
{Heap after GC invocations=1 (full 0):
 garbage-first heap   total 262144K, used 11402K [0x00000000e0000000, 0x0000000100000000)
  region size 1024K, 3 young (3072K), 3 survivors (3072K)
 Metaspace       used 2657K, committed 2816K, reserved 393216K
  class space    used 310K, committed 384K, reserved 327680K
}
Event: 39.324 GC heap before
{Heap before GC invocations=1 (full 0):
 garbage-first heap   total 262144K, used 41098K [0x00000000e0000000, 0x0000000100000000)
  region size 1024K, 31 young (31744K), 3 survivors (3072K)
 Metaspace       used 4736K, committed 4928K, reserved 393216K
  class space    used 597K, committed 704K, reserved 327680K
}
Event: 39.333 GC heap after
{Heap after GC invocations=2 (full 0):
 garbage-first heap   total 262144K, used 15393K [0x00000000e0000000, 0x0000000100000000)
  region size 1024K, 4 young (4096K), 4 survivors (4096K)
 Metaspace       used 4736K, committed 4928K, reserved 393216K
  class space    used 597K, committed 704K, reserved 327680K
}

Dll operation events (20 events):
Event: 2.924 Attempting to load shared library C:\Users\chae0\.vscode\extensions\redhat.java-1.56.0-win32-x64\jre\21.0.12.1-win32-x86_64\bin\nio.dll
Event: 2.950 Loaded shared library C:\Users\chae0\.vscode\extensions\redhat.java-1.56.0-win32-x64\jre\21.0.12.1-win32-x86_64\bin\nio.dll
Event: 3.102 Attempting to load shared library C:\Users\chae0\.vscode\extensions\redhat.java-1.56.0-win32-x64\jre\21.0.12.1-win32-x86_64\bin\zip.dll
Event: 3.102 Loaded shared library C:\Users\chae0\.vscode\extensions\redhat.java-1.56.0-win32-x64\jre\21.0.12.1-win32-x86_64\bin\zip.dll
Event: 10.784 Attempting to load shared library C:\Users\chae0\.vscode\extensions\redhat.java-1.56.0-win32-x64\jre\21.0.12.1-win32-x86_64\bin\jimage.dll
Event: 10.784 Loaded shared library C:\Users\chae0\.vscode\extensions\redhat.java-1.56.0-win32-x64\jre\21.0.12.1-win32-x86_64\bin\jimage.dll
Event: 17.559 Attempting to load shared library C:\Users\chae0\.vscode\extensions\redhat.java-1.56.0-win32-x64\jre\21.0.12.1-win32-x86_64\bin\verify.dll
Event: 17.593 Loaded shared library C:\Users\chae0\.vscode\extensions\redhat.java-1.56.0-win32-x64\jre\21.0.12.1-win32-x86_64\bin\verify.dll
Event: 18.355 Attempting to load shared library C:\Users\chae0\.gradle\native\660c5614fbf4a5f2a75b1949f50a0caf5cd603558e7d8a26e50b933a0cfb79d1\windows-amd64\native-platform.dll
Event: 18.395 Loaded shared library C:\Users\chae0\.gradle\native\660c5614fbf4a5f2a75b1949f50a0caf5cd603558e7d8a26e50b933a0cfb79d1\windows-amd64\native-platform.dll
Event: 18.722 Attempting to load shared library C:\Users\chae0\.gradle\native\0.2.8\x86_64-windows-gnu\gradle-fileevents.dll
Event: 18.747 Loaded shared library C:\Users\chae0\.gradle\native\0.2.8\x86_64-windows-gnu\gradle-fileevents.dll
Event: 56.211 Attempting to load shared library C:\Users\chae0\.vscode\extensions\redhat.java-1.56.0-win32-x64\jre\21.0.12.1-win32-x86_64\bin\management.dll
Event: 56.234 Loaded shared library C:\Users\chae0\.vscode\extensions\redhat.java-1.56.0-win32-x64\jre\21.0.12.1-win32-x86_64\bin\management.dll
Event: 56.577 Attempting to load shared library C:\Users\chae0\.vscode\extensions\redhat.java-1.56.0-win32-x64\jre\21.0.12.1-win32-x86_64\bin\management_ext.dll
Event: 56.607 Loaded shared library C:\Users\chae0\.vscode\extensions\redhat.java-1.56.0-win32-x64\jre\21.0.12.1-win32-x86_64\bin\management_ext.dll
Event: 63.310 Attempting to load shared library C:\Users\chae0\.vscode\extensions\redhat.java-1.56.0-win32-x64\jre\21.0.12.1-win32-x86_64\bin\extnet.dll
Event: 63.352 Loaded shared library C:\Users\chae0\.vscode\extensions\redhat.java-1.56.0-win32-x64\jre\21.0.12.1-win32-x86_64\bin\extnet.dll
Event: 172.622 Attempting to load shared library C:\Users\chae0\.vscode\extensions\redhat.java-1.56.0-win32-x64\jre\21.0.12.1-win32-x86_64\bin\sunmscapi.dll
Event: 172.758 Loaded shared library C:\Users\chae0\.vscode\extensions\redhat.java-1.56.0-win32-x64\jre\21.0.12.1-win32-x86_64\bin\sunmscapi.dll

Deoptimization events (20 events):
Event: 173.375 Thread 0x000002ad7a55c830 Uncommon trap: trap_request=0xffffff45 fr.pc=0x000002ad69bbf724 relative=0x0000000000001de4
Event: 173.375 Thread 0x000002ad7a55c830 Uncommon trap: reason=unstable_if action=reinterpret pc=0x000002ad69bbf724 method=sun.nio.fs.WindowsPathParser.nextNonSlash(Ljava/lang/String;II)I @ 2 c2
Event: 173.375 Thread 0x000002ad7a55c830 DEOPT PACKING pc=0x000002ad69bbf724 sp=0x000000cc05cfe120
Event: 173.375 Thread 0x000002ad7a55c830 DEOPT UNPACKING pc=0x000002ad69424422 sp=0x000000cc05cfe0c0 mode 2
Event: 173.436 Thread 0x000002ad7a55c830 Uncommon trap: trap_request=0xffffff45 fr.pc=0x000002ad69c2a5e0 relative=0x0000000000000120
Event: 173.436 Thread 0x000002ad7a55c830 Uncommon trap: reason=unstable_if action=reinterpret pc=0x000002ad69c2a5e0 method=java.lang.ThreadLocal$ThreadLocalMap.getEntry(Ljava/lang/ThreadLocal;)Ljava/lang/ThreadLocal$ThreadLocalMap$Entry; @ 29 c2
Event: 173.436 Thread 0x000002ad7a55c830 DEOPT PACKING pc=0x000002ad69c2a5e0 sp=0x000000cc05cfe3f0
Event: 173.437 Thread 0x000002ad7a55c830 DEOPT UNPACKING pc=0x000002ad69424422 sp=0x000000cc05cfe2b0 mode 2
Event: 174.294 Thread 0x000002ad7a1294f0 Uncommon trap: trap_request=0xffffff45 fr.pc=0x000002ad69c37af4 relative=0x00000000000002f4
Event: 174.294 Thread 0x000002ad7a1294f0 Uncommon trap: reason=unstable_if action=reinterpret pc=0x000002ad69c37af4 method=java.io.WinNTFileSystem.isLetter(C)Z @ 3 c2
Event: 174.294 Thread 0x000002ad7a1294f0 DEOPT PACKING pc=0x000002ad69c37af4 sp=0x000000cc075fee90
Event: 174.294 Thread 0x000002ad7a1294f0 DEOPT UNPACKING pc=0x000002ad69424422 sp=0x000000cc075fedb0 mode 2
Event: 176.487 Thread 0x000002ad7a4d4220 Uncommon trap: trap_request=0xffffff45 fr.pc=0x000002ad69c225b4 relative=0x0000000000000194
Event: 176.487 Thread 0x000002ad7a4d4220 Uncommon trap: reason=unstable_if action=reinterpret pc=0x000002ad69c225b4 method=java.util.concurrent.locks.ReentrantLock$NonfairSync.initialTryLock()Z @ 25 c2
Event: 176.487 Thread 0x000002ad7a4d4220 DEOPT PACKING pc=0x000002ad69c225b4 sp=0x000000cc05bfeb90
Event: 176.487 Thread 0x000002ad7a4d4220 DEOPT UNPACKING pc=0x000002ad69424422 sp=0x000000cc05bfea78 mode 2
Event: 176.603 Thread 0x000002ad7b204870 Uncommon trap: trap_request=0xffffff6e fr.pc=0x000002ad69bc8dac relative=0x00000000000003ec
Event: 176.603 Thread 0x000002ad7b204870 Uncommon trap: reason=loop_limit_check action=maybe_recompile pc=0x000002ad69bc8dac method=java.lang.StringLatin1.indexOf([BI[BII)I @ 37 c2
Event: 176.603 Thread 0x000002ad7b204870 DEOPT PACKING pc=0x000002ad69bc8dac sp=0x000000cc07dfed90
Event: 176.603 Thread 0x000002ad7b204870 DEOPT UNPACKING pc=0x000002ad69424422 sp=0x000000cc07dfed18 mode 2

Classes loaded (20 events):
Event: 176.520 Loading class java/util/Collections$UnmodifiableMap$UnmodifiableEntrySet
Event: 176.521 Loading class java/util/Collections$UnmodifiableMap$UnmodifiableEntrySet done
Event: 176.521 Loading class java/util/Collections$UnmodifiableMap$UnmodifiableEntrySet$1
Event: 176.522 Loading class java/util/Collections$UnmodifiableMap$UnmodifiableEntrySet$1 done
Event: 176.522 Loading class java/util/Collections$UnmodifiableMap$UnmodifiableEntrySet$UnmodifiableEntry
Event: 176.522 Loading class java/util/Collections$UnmodifiableMap$UnmodifiableEntrySet$UnmodifiableEntry done
Event: 176.630 Loading class java/lang/invoke/DirectMethodHandle$StaticAccessor
Event: 176.630 Loading class java/lang/invoke/DirectMethodHandle$StaticAccessor done
Event: 176.680 Loading class java/util/concurrent/CountDownLatch
Event: 176.681 Loading class java/util/concurrent/CountDownLatch done
Event: 176.681 Loading class java/util/concurrent/CountDownLatch$Sync
Event: 176.681 Loading class java/util/concurrent/CountDownLatch$Sync done
Event: 176.697 Loading class java/math/BigDecimal
Event: 176.697 Loading class jdk/internal/event/ThreadSleepEvent
Event: 176.697 Loading class jdk/internal/event/ThreadSleepEvent done
Event: 176.699 Loading class java/math/BigDecimal done
Event: 176.930 Loading class sun/reflect/generics/tree/VoidDescriptor
Event: 176.930 Loading class sun/reflect/generics/tree/VoidDescriptor done
Event: 177.146 Loading class java/util/HashMap$EntrySpliterator
Event: 177.147 Loading class java/util/HashMap$EntrySpliterator done

Classes unloaded (0 events):
No events

Classes redefined (0 events):
No events

Internal exceptions (20 events):
Event: 42.705 Thread 0x000002ad5c95b370 Exception <a 'java/lang/NoSuchMethodError'{0x00000000ef1793f0}: 'void java.lang.invoke.DirectMethodHandle$Holder.invokeVirtual(java.lang.Object, java.lang.Object, java.lang.Object, java.lang.Object)'> (0x00000000ef1793f0) 
thrown [s\src\hotspot\share\interpreter\linkResolver.cpp, line 773]
Event: 42.706 Thread 0x000002ad5c95b370 Exception <a 'java/lang/NoSuchMethodError'{0x00000000ef17d160}: 'void java.lang.invoke.DirectMethodHandle$Holder.invokeSpecial(java.lang.Object, java.lang.Object, java.lang.Object, java.lang.Object, java.lang.Object)'> (0x00000000ef17d160) 
thrown [s\src\hotspot\share\interpreter\linkResolver.cpp, line 773]
Event: 49.488 Thread 0x000002ad5c95b370 Exception <a 'java/lang/NoSuchMethodError'{0x00000000ee939960}: 'int java.lang.invoke.DelegatingMethodHandle$Holder.reinvoke_L(java.lang.Object)'> (0x00000000ee939960) 
thrown [s\src\hotspot\share\interpreter\linkResolver.cpp, line 773]
Event: 53.858 Thread 0x000002ad5c95b370 Exception <a 'java/lang/NoSuchMethodError'{0x00000000ee6c84d0}: 'java.lang.Object java.lang.invoke.DirectMethodHandle$Holder.invokeVirtual(java.lang.Object, java.lang.Object, java.lang.Object, java.lang.Object, java.lang.Object)'> (0x00000000ee6c84d0) 
thrown [s\src\hotspot\share\interpreter\linkResolver.cpp, line 773]
Event: 54.178 Thread 0x000002ad5c95b370 Exception <a 'java/lang/NoSuchMethodError'{0x00000000ee6ddb78}: 'java.lang.Object java.lang.invoke.Invokers$Holder.invokeExact_MT(java.lang.Object, java.lang.Object, java.lang.Object, java.lang.Object, java.lang.Object, java.lang.Object)'> (0x00000000ee6ddb78) 
thrown [s\src\hotspot\share\interpreter\linkResolver.cpp, line 773]
Event: 54.991 Thread 0x000002ad5c95b370 Exception <a 'java/lang/NoSuchMethodError'{0x00000000ee537be8}: 'java.lang.Object java.lang.invoke.DirectMethodHandle$Holder.invokeVirtual(java.lang.Object, java.lang.Object, java.lang.Object, java.lang.Object, java.lang.Object, java.lang.Object)'> (0x00000000ee537be8) 
thrown [s\src\hotspot\share\interpreter\linkResolver.cpp, line 773]
Event: 57.643 Thread 0x000002ad5c95b370 Exception <a 'java/lang/NoSuchMethodError'{0x00000000ee351fc0}: 'java.lang.Object java.lang.invoke.DelegatingMethodHandle$Holder.reinvoke_L(java.lang.Object, java.lang.Object, java.lang.Object, java.lang.Object, java.lang.Object, java.lang.Object, java.lang.Object, java.lang.Object, java.lang.Object, java.lang.Object, java.lang.Object, java.lang.Object, java.lang.Object, java.lang.Object)'> (0x00000000ee351fc0) 
thrown [s\src\hotspot\share\interpreter\linkResolver.cpp, line 773]
Event: 57.674 Thread 0x000002ad5c95b370 Exception <a 'java/lang/NoSuchMethodError'{0x00000000ee220058}: 'java.lang.Object java.lang.invoke.DirectMethodHandle$Holder.invokeStatic(java.lang.Object, java.lang.Object, java.lang.Object, java.lang.Object, java.lang.Object, java.lang.Object, java.lang.Object, java.lang.Object, java.lang.Object, java.lang.Object, java.lang.Object, java.lang.Object, java.lang.Object)'> (0x00000000ee220058) 
thrown [s\src\hotspot\share\interpreter\linkResolver.cpp, line 773]
Event: 57.757 Thread 0x000002ad5c95b370 Exception <a 'java/lang/NoSuchMethodError'{0x00000000ee23f660}: 'java.lang.Object java.lang.invoke.DirectMethodHandle$Holder.invokeStatic(java.lang.Object, java.lang.Object, java.lang.Object, java.lang.Object, java.lang.Object, java.lang.Object, java.lang.Object, java.lang.Object, java.lang.Object, java.lang.Object, java.lang.Object, java.lang.Object, java.lang.Object, java.lang.Object)'> (0x00000000ee23f660) 
thrown [s\src\hotspot\share\interpreter\linkResolver.cpp, line 773]
Event: 57.777 Thread 0x000002ad5c95b370 Exception <a 'java/lang/NoSuchMethodError'{0x00000000ee25fbf8}: 'java.lang.Object java.lang.invoke.DirectMethodHandle$Holder.invokeStatic(java.lang.Object, java.lang.Object, java.lang.Object, java.lang.Object, java.lang.Object, java.lang.Object, java.lang.Object, java.lang.Object, java.lang.Object, java.lang.Object, java.lang.Object, java.lang.Object, java.lang.Object, java.lang.Object, java.lang.Object)'> (0x00000000ee25fbf8) 
thrown [s\src\hotspot\share\interpreter\linkResolver.cpp, line 773]
Event: 57.818 Thread 0x000002ad5c95b370 Exception <a 'java/lang/NoSuchMethodError'{0x00000000ee283548}: 'java.lang.Object java.lang.invoke.DirectMethodHandle$Holder.invokeStatic(java.lang.Object, java.lang.Object, java.lang.Object, java.lang.Object, java.lang.Object, java.lang.Object, java.lang.Object, java.lang.Object, java.lang.Object, java.lang.Object, java.lang.Object, java.lang.Object, java.lang.Object, java.lang.Object, java.lang.Object, java.lang.Object)'> (0x00000000ee283548) 
thrown [s\src\hotspot\share\interpreter\linkResolver.cpp, lin
Event: 63.839 Thread 0x000002ad5c95b370 Exception <a 'java/lang/NoSuchMethodError'{0x00000000ed80a4b0}: 'java.lang.Object java.lang.invoke.DirectMethodHandle$Holder.invokeVirtual(java.lang.Object, java.lang.Object, java.lang.Object, java.lang.Object, java.lang.Object, java.lang.Object, java.lang.Object, java.lang.Object, java.lang.Object)'> (0x00000000ed80a4b0) 
thrown [s\src\hotspot\share\interpreter\linkResolver.cpp, line 773]
Event: 64.571 Thread 0x000002ad5c95b370 Exception <a 'java/lang/NoSuchMethodError'{0x00000000ed78a538}: 'java.lang.Object java.lang.invoke.DirectMethodHandle$Holder.invokeStaticInit(java.lang.Object, int, int, int, int)'> (0x00000000ed78a538) 
thrown [s\src\hotspot\share\interpreter\linkResolver.cpp, line 773]
Event: 66.203 Thread 0x000002ad5c95b370 Exception <a 'java/lang/NoSuchMethodError'{0x00000000ed618918}: 'java.lang.Object java.lang.invoke.DirectMethodHandle$Holder.invokeStaticInit(java.lang.Object, java.lang.Object, int, int, int, int)'> (0x00000000ed618918) 
thrown [s\src\hotspot\share\interpreter\linkResolver.cpp, line 773]
Event: 70.061 Thread 0x000002ad5c95b370 Exception <a 'java/io/IOException'{0x00000000ed321fb0}> (0x00000000ed321fb0) 
thrown [s\src\hotspot\share\prims\jni.cpp, line 520]
Event: 70.532 Thread 0x000002ad5c95b370 Implicit null exception at 0x000002ad69b74720 to 0x000002ad69b74d6c
Event: 70.767 Thread 0x000002ad5c95b370 Exception <a 'java/lang/NoSuchMethodError'{0x00000000ed38cba8}: 'java.lang.Object java.lang.invoke.DirectMethodHandle$Holder.newInvokeSpecial(java.lang.Object, java.lang.Object, java.lang.Object, java.lang.Object, java.lang.Object)'> (0x00000000ed38cba8) 
thrown [s\src\hotspot\share\interpreter\linkResolver.cpp, line 773]
Event: 71.231 Thread 0x000002ad5c95b370 Exception <a 'java/lang/NoSuchMethodError'{0x00000000ed3b52f0}: 'void java.lang.invoke.DirectMethodHandle$Holder.invokeSpecial(java.lang.Object, java.lang.Object, java.lang.Object)'> (0x00000000ed3b52f0) 
thrown [s\src\hotspot\share\interpreter\linkResolver.cpp, line 773]
Event: 177.412 Thread 0x000002ad7b204870 Exception <a 'java/lang/NoSuchMethodError'{0x00000000ec328740}: 'java.lang.Object java.lang.invoke.DirectMethodHandle$Holder.invokeVirtual(java.lang.Object, java.lang.Object, java.lang.Object, java.lang.Object, java.lang.Object, java.lang.Object, java.lang.Object)'> (0x00000000ec328740) 
thrown [s\src\hotspot\share\interpreter\linkResolver.cpp, line 773]
Event: 178.515 Thread 0x000002ad7b204870 Exception <a 'java/lang/NoSuchMethodError'{0x00000000ec3c5238}: 'long java.lang.invoke.DirectMethodHandle$Holder.invokeInterface(java.lang.Object, java.lang.Object)'> (0x00000000ec3c5238) 
thrown [s\src\hotspot\share\interpreter\linkResolver.cpp, line 773]

ZGC Phase Switch (0 events):
No events

VM Operations (20 events):
Event: 152.899 Executing safepoint VM operation: Cleanup done
Event: 162.990 Executing safepoint VM operation: Cleanup
Event: 162.991 Executing safepoint VM operation: Cleanup done
Event: 171.851 Executing non-safepoint VM operation: HandshakeAllThreads (Deoptimize)
Event: 171.851 Executing non-safepoint VM operation: HandshakeAllThreads (Deoptimize) done
Event: 171.851 Executing safepoint VM operation: Cleanup
Event: 171.851 Executing safepoint VM operation: Cleanup done
Event: 172.866 Executing safepoint VM operation: Cleanup
Event: 172.866 Executing safepoint VM operation: Cleanup done
Event: 173.875 Executing safepoint VM operation: Cleanup
Event: 173.875 Executing safepoint VM operation: Cleanup done
Event: 174.888 Executing safepoint VM operation: Cleanup
Event: 174.888 Executing safepoint VM operation: Cleanup done
Event: 175.890 Executing safepoint VM operation: Cleanup
Event: 175.890 Executing safepoint VM operation: Cleanup done
Event: 176.892 Executing safepoint VM operation: Cleanup
Event: 176.892 Executing safepoint VM operation: Cleanup done
Event: 177.894 Executing safepoint VM operation: Cleanup
Event: 178.504 Executing safepoint VM operation: Cleanup done
Event: 179.517 Executing safepoint VM operation: Cleanup

Memory protections (0 events):
No events

Nmethod flushes (0 events):
No events

Events (20 events):
Event: 84.257 Thread 0x000002ad751c6940 Thread added: 0x000002ad7b29fb60
Event: 85.515 Thread 0x000002ad7b29fb60 Thread exited: 0x000002ad7b29fb60
Event: 152.733 Thread 0x000002ad751c6940 Thread added: 0x000002ad7b29edc0
Event: 154.515 Thread 0x000002ad7b29edc0 Thread exited: 0x000002ad7b29edc0
Event: 171.883 Thread 0x000002ad751c5ea0 Thread added: 0x000002ad7b29edc0
Event: 172.334 Thread 0x000002ad751c6940 Thread added: 0x000002ad7b2a0230
Event: 172.662 Thread 0x000002ad7b29edc0 Thread exited: 0x000002ad7b29edc0
Event: 173.330 Thread 0x000002ad7b2a0230 Thread exited: 0x000002ad7b2a0230
Event: 173.618 Thread 0x000002ad7a55c830 Thread added: 0x000002ad7a4d4220
Event: 173.696 Thread 0x000002ad7a4d4220 Thread added: 0x000002ad7a1294f0
Event: 174.401 Thread 0x000002ad7a4d4220 Thread added: 0x000002ad7b171cb0
Event: 176.416 Thread 0x000002ad751c5ea0 Thread added: 0x000002ad7b2a0230
Event: 176.417 Thread 0x000002ad7b2a0230 Thread added: 0x000002ad7b29edc0
Event: 176.418 Thread 0x000002ad7b2a0230 Thread added: 0x000002ad7b29fb60
Event: 176.487 Thread 0x000002ad7a4d4220 Thread added: 0x000002ad7b204870
Event: 176.696 Thread 0x000002ad7b204870 Thread added: 0x000002ad7b204f00
Event: 176.715 Thread 0x000002ad7b204870 Thread added: 0x000002ad7b205c20
Event: 176.767 Thread 0x000002ad7b204870 Thread added: 0x000002ad7b206940
Event: 178.504 Thread 0x000002ad7b29fb60 Thread exited: 0x000002ad7b29fb60
Event: 179.502 Thread 0x000002ad7b29edc0 Thread exited: 0x000002ad7b29edc0


Dynamic libraries:
0x00007ff7bf7b0000 - 0x00007ff7bf7be000 	C:\Users\chae0\.vscode\extensions\redhat.java-1.56.0-win32-x64\jre\21.0.12.1-win32-x86_64\bin\java.exe
0x00007ffe53c40000 - 0x00007ffe53ea6000 	C:\WINDOWS\SYSTEM32\ntdll.dll
0x00007ffe52d90000 - 0x00007ffe52e59000 	C:\WINDOWS\System32\KERNEL32.DLL
0x00007ffe51010000 - 0x00007ffe5140f000 	C:\WINDOWS\System32\KERNELBASE.dll
0x00007ffe51590000 - 0x00007ffe516dc000 	C:\WINDOWS\System32\ucrtbase.dll
0x00007ffe3cdc0000 - 0x00007ffe3cdd8000 	C:\Users\chae0\.vscode\extensions\redhat.java-1.56.0-win32-x64\jre\21.0.12.1-win32-x86_64\bin\jli.dll
0x00007ffe3cde0000 - 0x00007ffe3cdfe000 	C:\Users\chae0\.vscode\extensions\redhat.java-1.56.0-win32-x64\jre\21.0.12.1-win32-x86_64\bin\VCRUNTIME140.dll
0x00007ffe52e60000 - 0x00007ffe53026000 	C:\WINDOWS\System32\USER32.dll
0x00007ffe50fe0000 - 0x00007ffe51007000 	C:\WINDOWS\System32\win32u.dll
0x00007ffe52790000 - 0x00007ffe527bb000 	C:\WINDOWS\System32\GDI32.dll
0x00007ffe51840000 - 0x00007ffe51969000 	C:\WINDOWS\System32\gdi32full.dll
0x00007ffe514e0000 - 0x00007ffe51583000 	C:\WINDOWS\System32\msvcp_win.dll
0x00007ffe34960000 - 0x00007ffe34bf1000 	C:\WINDOWS\WinSxS\amd64_microsoft.windows.common-controls_6595b64144ccf1df_6.0.26100.8972_none_3e0da176e32f9d4b\COMCTL32.dll
0x00007ffe51d70000 - 0x00007ffe51e19000 	C:\WINDOWS\System32\msvcrt.dll
0x00007ffe52c10000 - 0x00007ffe52c42000 	C:\WINDOWS\System32\IMM32.DLL
0x00007ffe4d7a0000 - 0x00007ffe4d7ac000 	C:\Users\chae0\.vscode\extensions\redhat.java-1.56.0-win32-x64\jre\21.0.12.1-win32-x86_64\bin\vcruntime140_1.dll
0x00007ffe2ff60000 - 0x00007ffe2ffed000 	C:\Users\chae0\.vscode\extensions\redhat.java-1.56.0-win32-x64\jre\21.0.12.1-win32-x86_64\bin\msvcp140.dll
0x00007ffd81b10000 - 0x00007ffd828b2000 	C:\Users\chae0\.vscode\extensions\redhat.java-1.56.0-win32-x64\jre\21.0.12.1-win32-x86_64\bin\server\jvm.dll
0x00007ffe53050000 - 0x00007ffe5310c000 	C:\WINDOWS\System32\ADVAPI32.dll
0x00007ffe52b50000 - 0x00007ffe52bfa000 	C:\WINDOWS\System32\sechost.dll
0x00007ffe519e0000 - 0x00007ffe51af8000 	C:\WINDOWS\System32\RPCRT4.dll
0x00007ffe52d00000 - 0x00007ffe52d82000 	C:\WINDOWS\System32\WS2_32.dll
0x00007ffe36750000 - 0x00007ffe3675b000 	C:\WINDOWS\SYSTEM32\VERSION.dll
0x00007ffe50cb0000 - 0x00007ffe50d0e000 	C:\WINDOWS\SYSTEM32\POWRPROF.dll
0x00007ffe457f0000 - 0x00007ffe45826000 	C:\WINDOWS\SYSTEM32\WINMM.dll
0x00007ffe50c90000 - 0x00007ffe50ca5000 	C:\WINDOWS\SYSTEM32\UMPDC.dll
0x00007ffe4fb40000 - 0x00007ffe4fb5b000 	C:\WINDOWS\SYSTEM32\kernel.appcore.dll
0x00007ffe4c9d0000 - 0x00007ffe4c9da000 	C:\Users\chae0\.vscode\extensions\redhat.java-1.56.0-win32-x64\jre\21.0.12.1-win32-x86_64\bin\jimage.dll
0x00007ffe4e4f0000 - 0x00007ffe4e732000 	C:\WINDOWS\SYSTEM32\DBGHELP.DLL
0x00007ffe527c0000 - 0x00007ffe52b45000 	C:\WINDOWS\System32\combase.dll
0x00007ffe525b0000 - 0x00007ffe52689000 	C:\WINDOWS\System32\OLEAUT32.dll
0x00007ffe34c30000 - 0x00007ffe34c6b000 	C:\WINDOWS\SYSTEM32\dbgcore.DLL
0x00007ffe51420000 - 0x00007ffe514cc000 	C:\WINDOWS\System32\bcryptPrimitives.dll
0x00007ffe3d250000 - 0x00007ffe3d25f000 	C:\Users\chae0\.vscode\extensions\redhat.java-1.56.0-win32-x64\jre\21.0.12.1-win32-x86_64\bin\instrument.dll
0x00007ffe40810000 - 0x00007ffe40830000 	C:\Users\chae0\.vscode\extensions\redhat.java-1.56.0-win32-x64\jre\21.0.12.1-win32-x86_64\bin\java.dll
0x00007ffe51e20000 - 0x00007ffe525a8000 	C:\WINDOWS\System32\SHELL32.dll
0x00007ffe4e920000 - 0x00007ffe4f1bb000 	C:\WINDOWS\SYSTEM32\windows.storage.dll
0x00007ffe51c70000 - 0x00007ffe51d69000 	C:\WINDOWS\System32\SHCORE.dll
0x00007ffe51970000 - 0x00007ffe519d6000 	C:\WINDOWS\System32\shlwapi.dll
0x00007ffe50d70000 - 0x00007ffe50d99000 	C:\WINDOWS\SYSTEM32\profapi.dll
0x00007ffe3d7d0000 - 0x00007ffe3d7e8000 	C:\Users\chae0\.vscode\extensions\redhat.java-1.56.0-win32-x64\jre\21.0.12.1-win32-x86_64\bin\zip.dll
0x00007ffe3cf80000 - 0x00007ffe3cf90000 	C:\Users\chae0\.vscode\extensions\redhat.java-1.56.0-win32-x64\jre\21.0.12.1-win32-x86_64\bin\net.dll
0x00007ffe49d60000 - 0x00007ffe49e88000 	C:\WINDOWS\SYSTEM32\WINHTTP.dll
0x00007ffe500f0000 - 0x00007ffe5015c000 	C:\WINDOWS\system32\mswsock.dll
0x00007ffe3c5b0000 - 0x00007ffe3c5c6000 	C:\Users\chae0\.vscode\extensions\redhat.java-1.56.0-win32-x64\jre\21.0.12.1-win32-x86_64\bin\nio.dll
0x00007ffe3d240000 - 0x00007ffe3d250000 	C:\Users\chae0\.vscode\extensions\redhat.java-1.56.0-win32-x64\jre\21.0.12.1-win32-x86_64\bin\verify.dll
0x00007ffe10c10000 - 0x00007ffe10c37000 	C:\Users\chae0\.gradle\native\660c5614fbf4a5f2a75b1949f50a0caf5cd603558e7d8a26e50b933a0cfb79d1\windows-amd64\native-platform.dll
0x00007ffdc78f0000 - 0x00007ffdc7967000 	C:\Users\chae0\.gradle\native\0.2.8\x86_64-windows-gnu\gradle-fileevents.dll
0x00007ffe3cc50000 - 0x00007ffe3cc5a000 	C:\Users\chae0\.vscode\extensions\redhat.java-1.56.0-win32-x64\jre\21.0.12.1-win32-x86_64\bin\management.dll
0x00007ffe37d10000 - 0x00007ffe37d1c000 	C:\Users\chae0\.vscode\extensions\redhat.java-1.56.0-win32-x64\jre\21.0.12.1-win32-x86_64\bin\management_ext.dll
0x00007ffe536d0000 - 0x00007ffe536d8000 	C:\WINDOWS\System32\PSAPI.DLL
0x00007ffe4f5c0000 - 0x00007ffe4f5f3000 	C:\WINDOWS\SYSTEM32\IPHLPAPI.DLL
0x00007ffe52c00000 - 0x00007ffe52c0a000 	C:\WINDOWS\System32\NSI.dll
0x00007ffe34c70000 - 0x00007ffe34c79000 	C:\Users\chae0\.vscode\extensions\redhat.java-1.56.0-win32-x64\jre\21.0.12.1-win32-x86_64\bin\extnet.dll
0x00007ffe503e0000 - 0x00007ffe503fb000 	C:\WINDOWS\SYSTEM32\CRYPTSP.dll
0x00007ffe4faa0000 - 0x00007ffe4fad9000 	C:\WINDOWS\system32\rsaenh.dll
0x00007ffe501a0000 - 0x00007ffe501d2000 	C:\WINDOWS\SYSTEM32\USERENV.dll
0x00007ffe50d40000 - 0x00007ffe50d6a000 	C:\WINDOWS\SYSTEM32\bcrypt.dll
0x00007ffe50400000 - 0x00007ffe5040c000 	C:\WINDOWS\SYSTEM32\CRYPTBASE.dll
0x00007ffe325f0000 - 0x00007ffe325fe000 	C:\Users\chae0\.vscode\extensions\redhat.java-1.56.0-win32-x64\jre\21.0.12.1-win32-x86_64\bin\sunmscapi.dll
0x00007ffe50e50000 - 0x00007ffe50fce000 	C:\WINDOWS\System32\CRYPT32.dll
0x00007ffe50620000 - 0x00007ffe50650000 	C:\WINDOWS\SYSTEM32\ncrypt.dll
0x00007ffe505d0000 - 0x00007ffe5060f000 	C:\WINDOWS\SYSTEM32\NTASN1.dll
0x00007ffe25ed0000 - 0x00007ffe25ed8000 	C:\WINDOWS\system32\wshunix.dll

JVMTI agents:
C:\Users\chae0\.gradle\wrapper\dists\gradle-9.4.1-bin\arn2x92ynaizyzdaamcbpbhtj\gradle-9.4.1\lib\agents\gradle-instrumentation-agent-9.4.1.jar path:C:\Users\chae0\.vscode\extensions\redhat.java-1.56.0-win32-x64\jre\21.0.12.1-win32-x86_64\bin\instrument.dll, loaded, initialized, instrumentlib options:none

dbghelp: loaded successfully - version: 4.0.5 - missing functions: none
symbol engine: initialized successfully - sym options: 0x614 - pdb path: .;C:\Users\chae0\.vscode\extensions\redhat.java-1.56.0-win32-x64\jre\21.0.12.1-win32-x86_64\bin;C:\WINDOWS\SYSTEM32;C:\WINDOWS\WinSxS\amd64_microsoft.windows.common-controls_6595b64144ccf1df_6.0.26100.8972_none_3e0da176e32f9d4b;C:\Users\chae0\.vscode\extensions\redhat.java-1.56.0-win32-x64\jre\21.0.12.1-win32-x86_64\bin\server;C:\Users\chae0\.gradle\native\660c5614fbf4a5f2a75b1949f50a0caf5cd603558e7d8a26e50b933a0cfb79d1\windows-amd64;C:\Users\chae0\.gradle\native\0.2.8\x86_64-windows-gnu

VM Arguments:
jvm_args: --add-opens=java.base/java.lang=ALL-UNNAMED --add-opens=java.base/java.lang.invoke=ALL-UNNAMED --add-opens=java.base/java.util=ALL-UNNAMED --add-opens=java.prefs/java.util.prefs=ALL-UNNAMED --add-exports=jdk.compiler/com.sun.tools.javac.api=ALL-UNNAMED --add-exports=jdk.compiler/com.sun.tools.javac.util=ALL-UNNAMED --add-opens=java.base/java.util=ALL-UNNAMED --add-opens=java.prefs/java.util.prefs=ALL-UNNAMED --add-opens=java.base/java.nio.charset=ALL-UNNAMED --add-opens=java.base/java.net=ALL-UNNAMED --add-opens=java.base/java.util.concurrent=ALL-UNNAMED --add-opens=java.base/java.util.concurrent.atomic=ALL-UNNAMED --add-opens=java.xml/javax.xml.namespace=ALL-UNNAMED --add-opens=java.base/java.time=ALL-UNNAMED -XX:MaxMetaspaceSize=384m -XX:+HeapDumpOnOutOfMemoryError -Xms256m -Xmx512m -Dfile.encoding=UTF-8 -Duser.country=KR -Duser.language=ko -Duser.variant -javaagent:C:\Users\chae0\.gradle\wrapper\dists\gradle-9.4.1-bin\arn2x92ynaizyzdaamcbpbhtj\gradle-9.4.1\lib\agents\gradle-instrumentation-agent-9.4.1.jar 
java_command: org.gradle.launcher.daemon.bootstrap.GradleDaemon 9.4.1
java_class_path (initial): C:\Users\chae0\.gradle\wrapper\dists\gradle-9.4.1-bin\arn2x92ynaizyzdaamcbpbhtj\gradle-9.4.1\lib\gradle-daemon-main-9.4.1.jar
Launcher Type: SUN_STANDARD

[Global flags]
     intx CICompilerCount                          = 12                                        {product} {ergonomic}
   size_t CompressedClassSpaceSize                 = 335544320                                 {product} {ergonomic}
     uint ConcGCThreads                            = 3                                         {product} {ergonomic}
     uint G1ConcRefinementThreads                  = 13                                        {product} {ergonomic}
   size_t G1HeapRegionSize                         = 1048576                                   {product} {ergonomic}
    uintx GCDrainStackTargetSize                   = 64                                        {product} {ergonomic}
     bool HeapDumpOnOutOfMemoryError               = true                                   {manageable} {command line}
   size_t InitialHeapSize                          = 268435456                                 {product} {command line}
   size_t MarkStackSize                            = 4194304                                   {product} {ergonomic}
   size_t MaxHeapSize                              = 536870912                                 {product} {command line}
   size_t MaxMetaspaceSize                         = 402653184                                 {product} {command line}
   size_t MaxNewSize                               = 321912832                                 {product} {ergonomic}
   size_t MinHeapDeltaBytes                        = 1048576                                   {product} {ergonomic}
   size_t MinHeapSize                              = 268435456                                 {product} {command line}
    uintx NonNMethodCodeHeapSize                   = 7602480                                {pd product} {ergonomic}
    uintx NonProfiledCodeHeapSize                  = 122027880                              {pd product} {ergonomic}
    uintx ProfiledCodeHeapSize                     = 122027880                              {pd product} {ergonomic}
    uintx ReservedCodeCacheSize                    = 251658240                              {pd product} {ergonomic}
     bool SegmentedCodeCache                       = true                                      {product} {ergonomic}
   size_t SoftMaxHeapSize                          = 536870912                              {manageable} {ergonomic}
     bool UseCompressedOops                        = true                           {product lp64_product} {ergonomic}
     bool UseG1GC                                  = true                                      {product} {ergonomic}
     bool UseLargePagesIndividualAllocation        = false                                  {pd product} {ergonomic}

Logging:
Log output configuration:
 #0: stdout all=warning uptime,level,tags foldmultilines=false
 #1: stderr all=off uptime,level,tags foldmultilines=false

Release file:
JAVA_VERSION="21.0.12.1" 
MODULES="java.base java.compiler java.datatransfer java.xml java.prefs java.desktop java.instrument java.logging java.management java.security.sasl java.naming java.rmi java.management.rmi java.net.http java.scripting java.security.jgss java.transaction.xa java.sql java.sql.rowset java.xml.crypto java.se java.smartcardio jdk.accessibility jdk.internal.jvmstat jdk.attach jdk.charsets jdk.internal.opt jdk.zipfs jdk.compiler jdk.crypto.ec jdk.crypto.cryptoki jdk.crypto.mscapi jdk.dynalink jdk.internal.ed jdk.editpad jdk.hotspot.agent jdk.httpserver jdk.internal.le jdk.internal.vm.ci jdk.internal.vm.compiler jdk.internal.vm.compiler.management jdk.jartool jdk.javadoc jdk.jcmd jdk.management jdk.management.agent jdk.jconsole jdk.jdeps jdk.jdwp.agent jdk.jdi jdk.jfr jdk.jshell jdk.jsobject jdk.jstatd jdk.localedata jdk.management.jfr jdk.naming.dns jdk.naming.rmi jdk.net jdk.nio.mapmode jdk.random jdk.sctp jdk.security.auth jdk.security.jgss jdk.unsupported jdk.unsupported.desktop jdk.xml.dom" 

Environment Variables:
JAVA_HOME=C:\Program Files\Java\jdk-21
PATH=C:\Python314\Scripts\;C:\Python314\;C:\Program Files (x86)\VMware\VMware Workstation\bin\;C:\Program Files\Common Files\Oracle\Java\javapath;C:\WINDOWS\system32;C:\WINDOWS;C:\WINDOWS\System32\Wbem;C:\WINDOWS\System32\WindowsPowerShell\v1.0\;C:\WINDOWS\System32\OpenSSH\;C:\Program Files\Java\jdk-21\bin\;C:\Program Files\Java\jdk-21bin;C:\Program Files\Microsoft SQL Server\Client SDK\ODBC\170\Tools\Binn\;C:\Program Files (x86)\Microsoft SQL Server\150\Tools\Binn\;C:\Program Files\Microsoft SQL Server\150\Tools\Binn\;C:\Program Files\Microsoft SQL Server\150\DTS\Binn\;C:\Program Files (x86)\Microsoft SQL Server\150\DTS\Binn\;C:\Program Files\Azure Data Studio\bin;C:\Program Files\Java\jdk-21BIN;C:\Users\chae0\Downloads\node-v22.13.1-win-x64\;D:\Git\cmd;C:\Users\chae0\AppData\Local\Android\Sdk\platform-tools;C:\Program Files\dotnet\;C:\Program Files\nodejs\;C:\ProgramData\chocolatey\bin;C:\Users\chae0\AppData\Local\Android\Sdk\platform-tools;C:\Program Files\MySQL\MySQL Server 8.0\bin;C:\Users\chae0\AppData\Local\Programs\Python\Launcher\;C:\Users\chae0\AppData\Local\Microsoft\WindowsApps;C:\Program Files\Java\jdk-21\bin;C:\Program Files\Azure Data Studio\bin;C:\Users\chae0\AppData\Local\Programs\Microsoft VS Code\bin;C:\Users\chae0\.dotnet\tools;D:\downloads\flutter_windows_3.35.5-stable\flutter\bin;C:\Users\chae0\AppData\Roaming\npm
USERNAME=chae0
OS=Windows_NT
PROCESSOR_IDENTIFIER=Intel64 Family 6 Model 154 Stepping 3, GenuineIntel
TMP=C:\Users\chae0\AppData\Local\Temp
TEMP=C:\Users\chae0\AppData\Local\Temp




Periodic native trim disabled

---------------  S Y S T E M  ---------------

OS:
 Windows 11 , 64 bit Build 26100 (10.0.26100.9168)
OS uptime: 0 days 2:59 hours

CPU: total 16 (initial active 16) (16 cores per cpu, 1 threads per core) family 6 model 154 stepping 3 microcode 0x421, cx8, cmov, fxsr, mmx, 3dnowpref, sse, sse2, sse3, ssse3, sse4.1, sse4.2, popcnt, lzcnt, tsc, tscinvbit, avx, avx2, aes, erms, clmul, bmi1, bmi2, adx, sha, fma, vzeroupper, clflush, clflushopt, clwb, serialize, rdtscp, rdpid, fsrm, f16c, pku, cet_ibt, cet_ss
Processor Information for processor 0
  Max Mhz: 1700, Current Mhz: 1700, Mhz Limit: 1700
Processor Information for processor 1
  Max Mhz: 1700, Current Mhz: 1457, Mhz Limit: 1700
Processor Information for processor 2
  Max Mhz: 1700, Current Mhz: 1457, Mhz Limit: 1700
Processor Information for processor 3
  Max Mhz: 1700, Current Mhz: 1457, Mhz Limit: 1700
Processor Information for processor 4
  Max Mhz: 1700, Current Mhz: 1457, Mhz Limit: 1700
Processor Information for processor 5
  Max Mhz: 1700, Current Mhz: 1457, Mhz Limit: 1700
Processor Information for processor 6
  Max Mhz: 1700, Current Mhz: 1457, Mhz Limit: 1700
Processor Information for processor 7
  Max Mhz: 1700, Current Mhz: 1457, Mhz Limit: 1700
Processor Information for processor 8
  Max Mhz: 1700, Current Mhz: 1558, Mhz Limit: 1700
Processor Information for processor 9
  Max Mhz: 1700, Current Mhz: 1558, Mhz Limit: 1700
Processor Information for processor 10
  Max Mhz: 1700, Current Mhz: 1558, Mhz Limit: 1700
Processor Information for processor 11
  Max Mhz: 1700, Current Mhz: 1558, Mhz Limit: 1700
Processor Information for processor 12
  Max Mhz: 1700, Current Mhz: 1558, Mhz Limit: 1700
Processor Information for processor 13
  Max Mhz: 1700, Current Mhz: 1558, Mhz Limit: 1700
Processor Information for processor 14
  Max Mhz: 1700, Current Mhz: 1558, Mhz Limit: 1700
Processor Information for processor 15
  Max Mhz: 1700, Current Mhz: 1558, Mhz Limit: 1700

Memory: 4k page, system-wide physical 16066M (2331M free)
TotalPageFile size 44125M (AvailPageFile size 2310M)
current process WorkingSet (physical memory assigned to process): 149M, peak: 149M
current process commit charge ("private bytes"): 397M, peak: 404M

vm_info: OpenJDK 64-Bit Server VM (21.0.12.1+1-LTS) for windows-amd64 JRE (21.0.12.1+1-LTS), built on 2026-08-18T00:00:00Z by "admin" with MS VC++ 17.12 (VS2022)

END.
