#
# There is insufficient memory for the Java Runtime Environment to continue.
# Native memory allocation (mmap) failed to map 65536 bytes. Error detail: Failed to commit metaspace.
# Possible reasons:
#   The system is out of physical RAM or swap space
#   This process is running with CompressedOops enabled, and the Java Heap may be blocking the growth of the native heap
# Possible solutions:
#   Reduce memory load on the system
#   Increase physical memory or swap space
#   Check if swap backing store is full
#   Decrease Java heap size (-Xmx/-Xms)
#   Decrease number of Java threads
#   Decrease Java thread stack sizes (-Xss)
#   Set larger code cache with -XX:ReservedCodeCacheSize=
#   JVM is running with Unscaled Compressed Oops mode in which the Java heap is
#     placed in the first 4GB address space. The Java Heap base address is the
#     maximum limit for the native heap growth. Please use -XX:HeapBaseMinAddress
#     to set the Java Heap base and to place the Java Heap above 4GB virtual address.
# This output file may be truncated or incomplete.
#
#  Out of Memory Error (virtualSpaceNode.cpp:113), pid=31772, tid=8916
#
# JRE version: OpenJDK Runtime Environment Temurin-21.0.12.1+1 (21.0.12.1+1) (build 21.0.12.1+1-LTS)
# Java VM: OpenJDK 64-Bit Server VM Temurin-21.0.12.1+1 (21.0.12.1+1-LTS, mixed mode, sharing, tiered, compressed oops, compressed class ptrs, g1 gc, windows-amd64)
# No core dump will be written. Minidumps are not enabled by default on client versions of Windows
#

---------------  S U M M A R Y ------------

Command Line: --add-opens=java.base/java.lang=ALL-UNNAMED --add-opens=java.base/java.lang.invoke=ALL-UNNAMED --add-opens=java.base/java.util=ALL-UNNAMED --add-opens=java.prefs/java.util.prefs=ALL-UNNAMED --add-exports=jdk.compiler/com.sun.tools.javac.api=ALL-UNNAMED --add-exports=jdk.compiler/com.sun.tools.javac.util=ALL-UNNAMED --add-opens=java.base/java.util=ALL-UNNAMED --add-opens=java.prefs/java.util.prefs=ALL-UNNAMED --add-opens=java.base/java.nio.charset=ALL-UNNAMED --add-opens=java.base/java.net=ALL-UNNAMED --add-opens=java.base/java.util.concurrent=ALL-UNNAMED --add-opens=java.base/java.util.concurrent.atomic=ALL-UNNAMED --add-opens=java.xml/javax.xml.namespace=ALL-UNNAMED --add-opens=java.base/java.time=ALL-UNNAMED -XX:MaxMetaspaceSize=384m -XX:+HeapDumpOnOutOfMemoryError -Xms256m -Xmx512m -Dfile.encoding=UTF-8 -Duser.country=KR -Duser.language=ko -Duser.variant -javaagent:C:\Users\chae0\.gradle\wrapper\dists\gradle-9.4.1-bin\arn2x92ynaizyzdaamcbpbhtj\gradle-9.4.1\lib\agents\gradle-instrumentation-agent-9.4.1.jar org.gradle.launcher.daemon.bootstrap.GradleDaemon 9.4.1

Host: 12th Gen Intel(R) Core(TM) i5-1240P, 16 cores, 15G,  Windows 11 , 64 bit Build 26100 (10.0.26100.9168)
Time: Thu Sep 10 16:43:52 2026 elapsed time: 135.610617 seconds (0d 0h 2m 15s)

---------------  T H R E A D  ---------------

Current thread (0x000001d27ec8b480):  JavaThread "Daemon worker"        [_thread_in_vm, id=8916, stack(0x0000009f59100000,0x0000009f59200000) (1024K)]

Stack: [0x0000009f59100000,0x0000009f59200000]
Native frames: (J=compiled Java code, j=interpreted, Vv=VM code, C=native code)
V  [jvm.dll+0x6d83e9]
V  [jvm.dll+0x8b5736]
V  [jvm.dll+0x8b7cee]
V  [jvm.dll+0x8b83d3]
V  [jvm.dll+0x284596]
V  [jvm.dll+0x8b147e]
V  [jvm.dll+0x679ad4]
V  [jvm.dll+0x1e849b]
V  [jvm.dll+0x1e825e]
V  [jvm.dll+0x67c3d2]
V  [jvm.dll+0x67c202]
V  [jvm.dll+0x67a4ae]
V  [jvm.dll+0x684758]
V  [jvm.dll+0x21973e]
V  [jvm.dll+0x219be5]
V  [jvm.dll+0x21a5d8]
V  [jvm.dll+0x20f80e]
V  [jvm.dll+0x5b6a7f]
V  [jvm.dll+0x82f606]
V  [jvm.dll+0x479969]
V  [jvm.dll+0x48cde6]
C  [java.dll+0x1657]

Java frames: (J=compiled Java code, j=interpreted, Vv=VM code)
J 1960  java.lang.ClassLoader.defineClass0(Ljava/lang/ClassLoader;Ljava/lang/Class;Ljava/lang/String;[BIILjava/security/ProtectionDomain;ZILjava/lang/Object;)Ljava/lang/Class; java.base@21.0.12.1 (0 bytes) @ 0x000001d2589acfbc [0x000001d2589acec0+0x00000000000000fc]
J 2669 c1 java.lang.System$2.defineClass(Ljava/lang/ClassLoader;Ljava/lang/Class;Ljava/lang/String;[BLjava/security/ProtectionDomain;ZILjava/lang/Object;)Ljava/lang/Class; java.base@21.0.12.1 (21 bytes) @ 0x000001d25126dbf4 [0x000001d25126db40+0x00000000000000b4]
J 2668 c1 java.lang.invoke.MethodHandles$Lookup$ClassDefiner.defineClass(ZLjava/lang/Object;)Ljava/lang/Class; java.base@21.0.12.1 (213 bytes) @ 0x000001d25126e57c [0x000001d25126e020+0x000000000000055c]
j  java.lang.invoke.MethodHandles$Lookup$ClassDefiner.defineClass(Z)Ljava/lang/Class;+3 java.base@21.0.12.1
j  java.lang.invoke.MethodHandles$Lookup.defineClass([B)Ljava/lang/Class;+36 java.base@21.0.12.1
j  org.gradle.internal.classloader.ClassLoaderUtils$LookupClassDefiner.defineDecoratorClass(Ljava/lang/Class;Ljava/lang/ClassLoader;Ljava/lang/String;[B)Ljava/lang/Class;+22
j  org.gradle.internal.classloader.ClassLoaderUtils.defineDecorator(Ljava/lang/Class;Ljava/lang/ClassLoader;Ljava/lang/String;[B)Ljava/lang/Class;+7
j  org.gradle.model.internal.asm.AsmClassGenerator.define(Ljava/lang/ClassLoader;)Ljava/lang/Class;+16
j  org.gradle.model.internal.asm.AsmClassGenerator.define()Ljava/lang/Class;+8
j  org.gradle.internal.instantiation.generator.AsmBackedClassGenerator$ClassBuilderImpl.generate()Ljava/lang/Class;+12
j  org.gradle.internal.instantiation.generator.AbstractClassGenerator.generateUnderLock(Ljava/lang/Class;)Lorg/gradle/internal/instantiation/generator/AbstractClassGenerator$GeneratedClassImpl;+543
j  org.gradle.internal.instantiation.generator.AbstractClassGenerator$$Lambda+0x000001d2651dc460.apply(Ljava/lang/Object;)Ljava/lang/Object;+8
j  org.gradle.cache.internal.DefaultCrossBuildInMemoryCacheFactory$AbstractCrossBuildInMemoryCache.produce(Ljava/util/function/Function;Ljava/lang/Object;)Ljava/lang/Object;+2
j  org.gradle.cache.internal.DefaultCrossBuildInMemoryCacheFactory$AbstractCrossBuildInMemoryCache.produceAndRetain(Ljava/util/function/Function;Ljava/lang/Object;)Ljava/lang/Object;+3
j  org.gradle.cache.internal.DefaultCrossBuildInMemoryCacheFactory$AbstractCrossBuildInMemoryCache.lambda$get$1(Ljava/util/function/Function;Ljava/lang/Object;)Ljava/lang/Object;+3
j  org.gradle.cache.internal.DefaultCrossBuildInMemoryCacheFactory$AbstractCrossBuildInMemoryCache$$Lambda+0x000001d2651d79b8.get()Ljava/lang/Object;+12
J 5051 c1 org.gradle.internal.lazy.LockingLazy.get()Ljava/lang/Object; (62 bytes) @ 0x000001d25160c65c [0x000001d25160c460+0x00000000000001fc]
J 5058 c1 org.gradle.cache.internal.DefaultCrossBuildInMemoryCacheFactory$AbstractCrossBuildInMemoryCache.get(Ljava/lang/Object;Ljava/util/function/Function;)Ljava/lang/Object; (24 bytes) @ 0x000001d25160efe4 [0x000001d25160e940+0x00000000000006a4]
j  org.gradle.internal.instantiation.generator.AbstractClassGenerator.generate(Ljava/lang/Class;)Lorg/gradle/internal/instantiation/generator/ClassGenerator$GeneratedClass;+14
j  org.gradle.internal.instantiation.generator.AsmBackedClassGenerator.generate(Ljava/lang/Class;)Lorg/gradle/internal/instantiation/generator/ClassGenerator$GeneratedClass;+2
j  org.gradle.internal.instantiation.generator.Jsr330ConstructorSelector.lambda$forType$0(Ljava/lang/Class;)Lorg/gradle/internal/instantiation/generator/Jsr330ConstructorSelector$CachedConstructor;+9
j  org.gradle.internal.instantiation.generator.Jsr330ConstructorSelector$$Lambda+0x000001d2651d7548.get()Ljava/lang/Object;+8
j  org.gradle.cache.Cache.lambda$get$0(Ljava/util/function/Supplier;Ljava/lang/Object;)Ljava/lang/Object;+1
j  org.gradle.cache.Cache$$Lambda+0x000001d26511b4e0.apply(Ljava/lang/Object;)Ljava/lang/Object;+5
j  org.gradle.cache.internal.DefaultCrossBuildInMemoryCacheFactory$AbstractCrossBuildInMemoryCache.produce(Ljava/util/function/Function;Ljava/lang/Object;)Ljava/lang/Object;+2
j  org.gradle.cache.internal.DefaultCrossBuildInMemoryCacheFactory$AbstractCrossBuildInMemoryCache.produceAndRetain(Ljava/util/function/Function;Ljava/lang/Object;)Ljava/lang/Object;+3
j  org.gradle.cache.internal.DefaultCrossBuildInMemoryCacheFactory$AbstractCrossBuildInMemoryCache.lambda$get$1(Ljava/util/function/Function;Ljava/lang/Object;)Ljava/lang/Object;+3
j  org.gradle.cache.internal.DefaultCrossBuildInMemoryCacheFactory$AbstractCrossBuildInMemoryCache$$Lambda+0x000001d2651d79b8.get()Ljava/lang/Object;+12
J 5051 c1 org.gradle.internal.lazy.LockingLazy.get()Ljava/lang/Object; (62 bytes) @ 0x000001d25160c65c [0x000001d25160c460+0x00000000000001fc]
J 5058 c1 org.gradle.cache.internal.DefaultCrossBuildInMemoryCacheFactory$AbstractCrossBuildInMemoryCache.get(Ljava/lang/Object;Ljava/util/function/Function;)Ljava/lang/Object; (24 bytes) @ 0x000001d25160efe4 [0x000001d25160e940+0x00000000000006a4]
j  org.gradle.cache.Cache.get(Ljava/lang/Object;Ljava/util/function/Supplier;)Ljava/lang/Object;+8
j  org.gradle.internal.instantiation.generator.Jsr330ConstructorSelector.forType(Ljava/lang/Class;)Lorg/gradle/internal/instantiation/generator/ClassGenerator$GeneratedConstructor;+12
j  org.gradle.internal.instantiation.generator.Jsr330ConstructorSelector.forParams(Ljava/lang/Class;[Ljava/lang/Object;)Lorg/gradle/internal/instantiation/generator/ClassGenerator$GeneratedConstructor;+2
J 5157 c1 org.gradle.internal.instantiation.generator.DependencyInjectingInstantiator.doCreate(Ljava/lang/Class;Lorg/gradle/api/Describable;[Ljava/lang/Object;)Ljava/lang/Object; (64 bytes) @ 0x000001d25162e3cc [0x000001d25162e2a0+0x000000000000012c]
J 5162 c1 org.gradle.internal.instantiation.generator.DependencyInjectingInstantiator.newInstance(Ljava/lang/Class;[Ljava/lang/Object;)Ljava/lang/Object; (8 bytes) @ 0x000001d25162f1cc [0x000001d25162f140+0x000000000000008c]
j  org.gradle.api.internal.model.DefaultObjectFactory.newInstance(Ljava/lang/Class;[Ljava/lang/Object;)Ljava/lang/Object;+6
j  org.gradle.internal.flow.services.FlowServices$FlowServicesProvider.createBuildFlowScope(Lorg/gradle/api/model/ObjectFactory;Lorg/gradle/internal/flow/services/FlowScheduler;Lorg/gradle/api/flow/FlowProviders;Lorg/gradle/internal/flow/services/FlowParametersInstantiator;Lorg/gradle/internal/instantiation/InstantiatorFactory;Lorg/gradle/internal/event/ListenerManager;)Lorg/gradle/api/flow/FlowScope;+72
j  java.lang.invoke.DirectMethodHandle$Holder.invokeSpecial(Ljava/lang/Object;Ljava/lang/Object;Ljava/lang/Object;Ljava/lang/Object;Ljava/lang/Object;Ljava/lang/Object;Ljava/lang/Object;Ljava/lang/Object;)Ljava/lang/Object;+22 java.base@21.0.12.1
j  java.lang.invoke.LambdaForm$MH+0x000001d265797800.invoke(Ljava/lang/Object;Ljava/lang/Object;Ljava/lang/Object;Ljava/lang/Object;Ljava/lang/Object;Ljava/lang/Object;Ljava/lang/Object;)Ljava/lang/Object;+141 java.base@21.0.12.1
j  java.lang.invoke.LambdaForm$MH+0x000001d265796000.invoke(Ljava/lang/Object;Ljava/lang/Object;Ljava/lang/Object;)Ljava/lang/Object;+81 java.base@21.0.12.1
J 5242 c1 java.lang.invoke.Invokers$Holder.invokeExact_MT(Ljava/lang/Object;Ljava/lang/Object;Ljava/lang/Object;Ljava/lang/Object;)Ljava/lang/Object; java.base@21.0.12.1 (24 bytes) @ 0x000001d251663d64 [0x000001d2516638a0+0x00000000000004c4]
j  java.lang.invoke.MethodHandle.invokeWithArguments([Ljava/lang/Object;)Ljava/lang/Object;+28 java.base@21.0.12.1
j  org.gradle.internal.service.MethodHandleBasedServiceMethod.invoke(Ljava/lang/Object;[Ljava/lang/Object;)Ljava/lang/Object;+9
J 4775 c1 org.gradle.internal.service.DefaultServiceRegistry$FactoryMethodService.invokeMethod([Ljava/lang/Object;)Ljava/lang/Object; (147 bytes) @ 0x000001d250e4097c [0x000001d250e407e0+0x000000000000019c]
J 3629 c1 org.gradle.internal.service.DefaultServiceRegistry$FactoryMethodService.createServiceInstance()Ljava/lang/Object; (17 bytes) @ 0x000001d2514849d4 [0x000001d2514848e0+0x00000000000000f4]
J 2830 c1 org.gradle.internal.service.DefaultServiceRegistry$ManagedObjectServiceProvider.getInstance()Ljava/lang/Object; (44 bytes) @ 0x000001d2512c3c8c [0x000001d2512c3ae0+0x00000000000001ac]
J 2829 c1 org.gradle.internal.service.DefaultServiceRegistry$SingletonService.get()Ljava/lang/Object; (5 bytes) @ 0x000001d2512c37bc [0x000001d2512c3740+0x000000000000007c]
j  org.gradle.internal.service.DefaultServiceRegistry.find(Ljava/lang/reflect/Type;)Ljava/lang/Object;+22
j  org.gradle.internal.service.scopes.BuildScopeServices.createSharedServiceRegistry(Lorg/gradle/internal/build/BuildState;Lorg/gradle/internal/reflect/Instantiator;Lorg/gradle/api/internal/collections/DomainObjectCollectionFactory;Lorg/gradle/internal/instantiation/InstantiatorFactory;Lorg/gradle/internal/service/ServiceRegistry;Lorg/gradle/internal/event/ListenerManager;Lorg/gradle/internal/isolation/IsolatableFactory;Lorg/gradle/internal/resources/SharedResourceLeaseRegistry;Lorg/gradle/internal/buildoption/FeatureFlags;)Lorg/gradle/api/services/internal/DefaultBuildServicesRegistry;+5
j  java.lang.invoke.LambdaForm$DMH+0x000001d265311400.invokeVirtual(Ljava/lang/Object;Ljava/lang/Object;Ljava/lang/Object;Ljava/lang/Object;Ljava/lang/Object;Ljava/lang/Object;Ljava/lang/Object;Ljava/lang/Object;Ljava/lang/Object;Ljava/lang/Object;Ljava/lang/Object;)Ljava/lang/Object;+28 java.base@21.0.12.1
j  java.lang.invoke.LambdaForm$MH+0x000001d265795800.invoke(Ljava/lang/Object;Ljava/lang/Object;Ljava/lang/Object;)Ljava/lang/Object;+254 java.base@21.0.12.1
j  java.lang.invoke.LambdaForm$MH+0x000001d26509c000.invoke(Ljava/lang/Object;Ljava/lang/Object;Ljava/lang/Object;)Ljava/lang/Object;+34 java.base@21.0.12.1
J 2234 c1 jdk.internal.reflect.DirectMethodHandleAccessor.invoke(Ljava/lang/Object;[Ljava/lang/Object;)Ljava/lang/Object; java.base@21.0.12.1 (92 bytes) @ 0x000001d251199ba4 [0x000001d251199340+0x0000000000000864]
J 3574 c1 org.gradle.internal.reflect.JavaMethod.invoke(Ljava/lang/Object;[Ljava/lang/Object;)Ljava/lang/Object; (87 bytes) @ 0x000001d25146ac3c [0x000001d25146a6c0+0x000000000000057c]
J 3573 c1 org.gradle.internal.service.ReflectionBasedServiceMethod.invoke(Ljava/lang/Object;[Ljava/lang/Object;)Ljava/lang/Object; (16 bytes) @ 0x000001d25146a0d4 [0x000001d25146a040+0x0000000000000094]
J 4775 c1 org.gradle.internal.service.DefaultServiceRegistry$FactoryMethodService.invokeMethod([Ljava/lang/Object;)Ljava/lang/Object; (147 bytes) @ 0x000001d250e4097c [0x000001d250e407e0+0x000000000000019c]
J 3629 c1 org.gradle.internal.service.DefaultServiceRegistry$FactoryMethodService.createServiceInstance()Ljava/lang/Object; (17 bytes) @ 0x000001d2514849d4 [0x000001d2514848e0+0x00000000000000f4]
J 2830 c1 org.gradle.internal.service.DefaultServiceRegistry$ManagedObjectServiceProvider.getInstance()Ljava/lang/Object; (44 bytes) @ 0x000001d2512c3c8c [0x000001d2512c3ae0+0x00000000000001ac]
J 2829 c1 org.gradle.internal.service.DefaultServiceRegistry$SingletonService.get()Ljava/lang/Object; (5 bytes) @ 0x000001d2512c37bc [0x000001d2512c3740+0x000000000000007c]
j  org.gradle.internal.service.DefaultServiceRegistry.find(Ljava/lang/reflect/Type;)Ljava/lang/Object;+22
j  org.gradle.internal.service.DefaultServiceRegistry.get(Ljava/lang/reflect/Type;)Ljava/lang/Object;+2
j  org.gradle.invocation.DefaultGradle_Decorated.getSharedServices()Lorg/gradle/api/services/BuildServiceRegistry;+16
j  org.gradle.api.internal.initialization.DefaultScriptClassPathResolver$$Lambda+0x000001d2653bcd88.get()Ljava/lang/Object;+4
j  org.gradle.internal.lazy.AtomicLazy.get()Ljava/lang/Object;+10
j  org.gradle.api.internal.initialization.transform.registration.InstrumentationTransformRegisterer.registerTransforms(Lorg/gradle/api/artifacts/dsl/DependencyHandler;)Lorg/gradle/api/internal/initialization/ScriptClassPathResolutionContext;+20
j  org.gradle.api.internal.initialization.DefaultScriptClassPathResolver.prepareDependencyHandler(Lorg/gradle/api/artifacts/dsl/DependencyHandler;)Lorg/gradle/api/internal/initialization/ScriptClassPathResolutionContext;+29
j  org.gradle.api.internal.initialization.DefaultBuildLogicBuilder.prepareDependencyHandler(Lorg/gradle/api/artifacts/dsl/DependencyHandler;)Lorg/gradle/api/internal/initialization/ScriptClassPathResolutionContext;+5
j  org.gradle.api.internal.initialization.DefaultScriptHandler.defineConfiguration()V+52
j  org.gradle.api.internal.initialization.DefaultScriptHandler.addScriptClassPathDependency(Lorg/gradle/api/artifacts/Dependency;)V+1
j  org.gradle.plugin.use.internal.DefaultPluginRequestApplicator$$Lambda+0x000001d2657874e8.accept(Ljava/lang/Object;)V+8
j  java.util.ArrayList.forEach(Ljava/util/function/Consumer;)V+46 java.base@21.0.12.1
j  org.gradle.plugin.use.internal.DefaultPluginRequestApplicator.applyPlugins(Lorg/gradle/plugin/management/internal/PluginRequests;Lorg/gradle/api/internal/initialization/ScriptHandlerInternal;Lorg/gradle/api/internal/plugins/PluginManagerInternal;Lorg/gradle/api/internal/initialization/ClassLoaderScope;)V+236
j  org.gradle.configuration.DefaultScriptPluginFactory$ScriptPluginImpl.apply(Ljava/lang/Object;)V+174
j  org.gradle.configuration.BuildOperationScriptPlugin$1.run(Lorg/gradle/internal/operations/BuildOperationContext;)V+11
j  org.gradle.internal.operations.DefaultBuildOperationRunner$1.execute(Lorg/gradle/internal/operations/RunnableBuildOperation;Lorg/gradle/internal/operations/BuildOperationContext;)V+2
j  org.gradle.internal.operations.DefaultBuildOperationRunner$1.execute(Lorg/gradle/internal/operations/BuildOperation;Lorg/gradle/internal/operations/BuildOperationContext;)V+6
j  org.gradle.internal.operations.DefaultBuildOperationRunner$2.execute(Lorg/gradle/internal/operations/BuildOperationDescriptor;Lorg/gradle/internal/operations/BuildOperationState;Lorg/gradle/internal/operations/BuildOperationState;Lorg/gradle/internal/operations/DefaultBuildOperationRunner$ReadableBuildOperationContext;Lorg/gradle/internal/operations/DefaultBuildOperationRunner$BuildOperationExecutionListener;)Lorg/gradle/internal/operations/BuildOperation;+22
j  org.gradle.internal.operations.DefaultBuildOperationRunner$2.execute(Lorg/gradle/internal/operations/BuildOperationDescriptor;Lorg/gradle/internal/operations/BuildOperationState;Lorg/gradle/internal/operations/BuildOperationState;Lorg/gradle/internal/operations/DefaultBuildOperationRunner$ReadableBuildOperationContext;Lorg/gradle/internal/operations/DefaultBuildOperationRunner$BuildOperationExecutionListener;)Ljava/lang/Object;+8
j  org.gradle.internal.operations.DefaultBuildOperationRunner.execute(Lorg/gradle/internal/operations/BuildOperationDescriptor$Builder;Lorg/gradle/internal/operations/DefaultBuildOperationRunner$BuildOperationExecution;)Ljava/lang/Object;+141
j  org.gradle.internal.operations.DefaultBuildOperationRunner.execute(Lorg/gradle/internal/operations/BuildOperation;Lorg/gradle/internal/operations/BuildOperationWorker;)V+17
j  org.gradle.internal.operations.DefaultBuildOperationRunner.run(Lorg/gradle/internal/operations/RunnableBuildOperation;)V+5
j  org.gradle.configuration.BuildOperationScriptPlugin.lambda$apply$0(Ljava/lang/Object;Lorg/gradle/internal/code/UserCodeApplicationId;)V+14
j  org.gradle.configuration.BuildOperationScriptPlugin$$Lambda+0x000001d2655663f8.execute(Ljava/lang/Object;)V+12
j  org.gradle.internal.code.DefaultUserCodeApplicationContext.apply(Lorg/gradle/internal/code/UserCodeSource;Lorg/gradle/api/Action;)V+37
j  org.gradle.configuration.BuildOperationScriptPlugin.apply(Ljava/lang/Object;)V+71
j  org.gradle.configuration.project.BuildScriptProcessor$$Lambda+0x000001d2656cef20.accept(Ljava/lang/Object;)V+8
j  org.gradle.api.internal.project.DefaultProjectStateRegistry$ProjectStateImpl.lambda$applyToMutableState$0(Ljava/util/function/Consumer;Lorg/gradle/api/internal/project/ProjectInternal;)Ljava/lang/Object;+2
j  org.gradle.api.internal.project.DefaultProjectStateRegistry$ProjectStateImpl$$Lambda+0x000001d26568f798.apply(Ljava/lang/Object;)Ljava/lang/Object;+8
j  org.gradle.api.internal.project.DefaultProjectStateRegistry$ProjectStateImpl.lambda$fromMutableState$1(Ljava/util/function/Function;)Ljava/lang/Object;+5
j  org.gradle.api.internal.project.DefaultProjectStateRegistry$ProjectStateImpl$$Lambda+0x000001d26568f9e0.get()Ljava/lang/Object;+8
j  org.gradle.api.internal.project.DefaultProjectStateRegistry$ProjectStateImpl.runWithModelLock(Ljava/util/function/Supplier;)Ljava/lang/Object;+89
j  org.gradle.api.internal.project.DefaultProjectStateRegistry$ProjectStateImpl.fromMutableState(Ljava/util/function/Function;)Ljava/lang/Object;+8
j  org.gradle.api.internal.project.DefaultProjectStateRegistry$ProjectStateImpl.applyToMutableState(Ljava/util/function/Consumer;)V+7
j  org.gradle.configuration.project.BuildScriptProcessor.execute(Lorg/gradle/api/internal/project/ProjectInternal;)V+88
j  org.gradle.configuration.project.BuildScriptProcessor.execute(Ljava/lang/Object;)V+5
j  org.gradle.configuration.project.ConfigureActionsProjectEvaluator.evaluate(Lorg/gradle/api/internal/project/ProjectInternal;Lorg/gradle/api/internal/project/ProjectStateInternal;)V+33
j  org.gradle.configuration.project.LifecycleProjectEvaluator$EvaluateProject.lambda$run$0(Lorg/gradle/internal/operations/BuildOperationContext;Lorg/gradle/api/internal/project/ProjectInternal;)V+67
j  org.gradle.configuration.project.LifecycleProjectEvaluator$EvaluateProject$$Lambda+0x000001d26569d848.accept(Ljava/lang/Object;)V+12
j  org.gradle.api.internal.project.DefaultProjectStateRegistry$ProjectStateImpl.lambda$applyToMutableState$0(Ljava/util/function/Consumer;Lorg/gradle/api/internal/project/ProjectInternal;)Ljava/lang/Object;+2
j  org.gradle.api.internal.project.DefaultProjectStateRegistry$ProjectStateImpl$$Lambda+0x000001d26568f798.apply(Ljava/lang/Object;)Ljava/lang/Object;+8
j  org.gradle.api.internal.project.DefaultProjectStateRegistry$ProjectStateImpl.lambda$fromMutableState$1(Ljava/util/function/Function;)Ljava/lang/Object;+5
j  org.gradle.api.internal.project.DefaultProjectStateRegistry$ProjectStateImpl$$Lambda+0x000001d26568f9e0.get()Ljava/lang/Object;+8
j  org.gradle.api.internal.project.DefaultProjectStateRegistry$ProjectStateImpl$$Lambda+0x000001d26568fc08.create()Ljava/lang/Object;+4
j  org.gradle.internal.work.DefaultWorkerLeaseService.lambda$withLocksAcquired$0(Lorg/gradle/internal/Factory;Ljava/util/Collection;)Ljava/lang/Object;+1
j  org.gradle.internal.work.DefaultWorkerLeaseService$$Lambda+0x000001d26528fb50.create()Ljava/lang/Object;+12
j  org.gradle.internal.work.ResourceLockStatistics$1.measure(Ljava/lang/String;Ljava/lang/Iterable;Lorg/gradle/internal/Factory;)Ljava/lang/Object;+1
j  org.gradle.internal.work.DefaultWorkerLeaseService.withLocksAcquired(Ljava/util/Collection;Lorg/gradle/internal/Factory;)Ljava/lang/Object;+21
j  org.gradle.internal.work.DefaultWorkerLeaseService.lambda$withReplacedLocks$3(Lorg/gradle/internal/resources/ResourceLock;Lorg/gradle/internal/Factory;)Ljava/lang/Object;+6
j  org.gradle.internal.work.DefaultWorkerLeaseService$$Lambda+0x000001d26568b000.create()Ljava/lang/Object;+12
j  org.gradle.internal.work.DefaultWorkerLeaseService.withoutLocks(Ljava/util/Collection;Lorg/gradle/internal/Factory;)Ljava/lang/Object;+10
j  org.gradle.internal.work.DefaultWorkerLeaseService.withReplacedLocks(Ljava/util/Collection;Lorg/gradle/internal/resources/ResourceLock;Lorg/gradle/internal/Factory;)Ljava/lang/Object;+27
j  org.gradle.api.internal.project.DefaultProjectStateRegistry$ProjectStateImpl.runWithModelLock(Ljava/util/function/Supplier;)Ljava/lang/Object;+129
j  org.gradle.api.internal.project.DefaultProjectStateRegistry$ProjectStateImpl.fromMutableState(Ljava/util/function/Function;)Ljava/lang/Object;+8
j  org.gradle.api.internal.project.DefaultProjectStateRegistry$ProjectStateImpl.applyToMutableState(Ljava/util/function/Consumer;)V+7
j  org.gradle.configuration.project.LifecycleProjectEvaluator$EvaluateProject.run(Lorg/gradle/internal/operations/BuildOperationContext;)V+16
j  org.gradle.internal.operations.DefaultBuildOperationRunner$1.execute(Lorg/gradle/internal/operations/RunnableBuildOperation;Lorg/gradle/internal/operations/BuildOperationContext;)V+2
j  org.gradle.internal.operations.DefaultBuildOperationRunner$1.execute(Lorg/gradle/internal/operations/BuildOperation;Lorg/gradle/internal/operations/BuildOperationContext;)V+6
j  org.gradle.internal.operations.DefaultBuildOperationRunner$2.execute(Lorg/gradle/internal/operations/BuildOperationDescriptor;Lorg/gradle/internal/operations/BuildOperationState;Lorg/gradle/internal/operations/BuildOperationState;Lorg/gradle/internal/operations/DefaultBuildOperationRunner$ReadableBuildOperationContext;Lorg/gradle/internal/operations/DefaultBuildOperationRunner$BuildOperationExecutionListener;)Lorg/gradle/internal/operations/BuildOperation;+22
j  org.gradle.internal.operations.DefaultBuildOperationRunner$2.execute(Lorg/gradle/internal/operations/BuildOperationDescriptor;Lorg/gradle/internal/operations/BuildOperationState;Lorg/gradle/internal/operations/BuildOperationState;Lorg/gradle/internal/operations/DefaultBuildOperationRunner$ReadableBuildOperationContext;Lorg/gradle/internal/operations/DefaultBuildOperationRunner$BuildOperationExecutionListener;)Ljava/lang/Object;+8
j  org.gradle.internal.operations.DefaultBuildOperationRunner.execute(Lorg/gradle/internal/operations/BuildOperationDescriptor$Builder;Lorg/gradle/internal/operations/DefaultBuildOperationRunner$BuildOperationExecution;)Ljava/lang/Object;+141
j  org.gradle.internal.operations.DefaultBuildOperationRunner.execute(Lorg/gradle/internal/operations/BuildOperation;Lorg/gradle/internal/operations/BuildOperationWorker;)V+17
j  org.gradle.internal.operations.DefaultBuildOperationRunner.run(Lorg/gradle/internal/operations/RunnableBuildOperation;)V+5
j  org.gradle.configuration.project.LifecycleProjectEvaluator.evaluate(Lorg/gradle/api/internal/project/ProjectInternal;Lorg/gradle/api/internal/project/ProjectStateInternal;)V+42
j  org.gradle.api.internal.project.DefaultProject.evaluateUnchecked()Lorg/gradle/api/internal/project/ProjectInternal;+20
j  org.gradle.api.internal.project.ProjectLifecycleController.lambda$ensureSelfConfigured$2()V+4
j  org.gradle.api.internal.project.ProjectLifecycleController$$Lambda+0x000001d265697bf8.run()V+4
j  org.gradle.internal.model.StateTransitionController.lambda$doTransition$15(Ljava/lang/Runnable;)Lorg/gradle/internal/build/ExecutionResult;+1
j  org.gradle.internal.model.StateTransitionController$$Lambda+0x000001d265465038.get()Ljava/lang/Object;+4
j  org.gradle.internal.model.StateTransitionController.doTransition(Lorg/gradle/internal/model/StateTransitionController$State;Lorg/gradle/internal/model/StateTransitionController$State;Ljava/util/function/Supplier;)Lorg/gradle/internal/build/ExecutionResult;+24
j  org.gradle.internal.model.StateTransitionController.doTransition(Lorg/gradle/internal/model/StateTransitionController$State;Lorg/gradle/internal/model/StateTransitionController$State;Ljava/lang/Runnable;)V+9
j  org.gradle.internal.model.StateTransitionController.lambda$maybeTransitionIfNotCurrentlyTransitioning$11(Lorg/gradle/internal/model/StateTransitionController$State;Lorg/gradle/internal/model/StateTransitionController$State;Ljava/lang/Runnable;)V+16
j  org.gradle.internal.model.StateTransitionController$$Lambda+0x000001d26569c000.run()V+16
j  org.gradle.internal.work.DefaultSynchronizer.withLock(Ljava/lang/Runnable;)V+6
j  org.gradle.internal.model.StateTransitionController.maybeTransitionIfNotCurrentlyTransitioning(Lorg/gradle/internal/model/StateTransitionController$State;Lorg/gradle/internal/model/StateTransitionController$State;Ljava/lang/Runnable;)V+13
j  org.gradle.api.internal.project.ProjectLifecycleController.ensureSelfConfigured()V+16
j  org.gradle.api.internal.project.DefaultProjectStateRegistry$ProjectStateImpl.ensureConfigured()V+19
j  org.gradle.execution.TaskPathProjectEvaluator.configure(Lorg/gradle/api/internal/project/ProjectInternal;)V+6
j  org.gradle.execution.TaskPathProjectEvaluator.configureHierarchy(Lorg/gradle/api/internal/project/ProjectInternal;)V+2
j  org.gradle.configuration.DefaultProjectsPreparer.prepareProjects(Lorg/gradle/api/internal/GradleInternal;)V+52
j  org.gradle.configuration.BuildTreePreparingProjectsPreparer.prepareProjects(Lorg/gradle/api/internal/GradleInternal;)V+114
j  org.gradle.configuration.BuildOperationFiringProjectsPreparer$ConfigureBuild.run(Lorg/gradle/internal/operations/BuildOperationContext;)V+11
j  org.gradle.internal.operations.DefaultBuildOperationRunner$1.execute(Lorg/gradle/internal/operations/RunnableBuildOperation;Lorg/gradle/internal/operations/BuildOperationContext;)V+2
j  org.gradle.internal.operations.DefaultBuildOperationRunner$1.execute(Lorg/gradle/internal/operations/BuildOperation;Lorg/gradle/internal/operations/BuildOperationContext;)V+6
j  org.gradle.internal.operations.DefaultBuildOperationRunner$2.execute(Lorg/gradle/internal/operations/BuildOperationDescriptor;Lorg/gradle/internal/operations/BuildOperationState;Lorg/gradle/internal/operations/BuildOperationState;Lorg/gradle/internal/operations/DefaultBuildOperationRunner$ReadableBuildOperationContext;Lorg/gradle/internal/operations/DefaultBuildOperationRunner$BuildOperationExecutionListener;)Lorg/gradle/internal/operations/BuildOperation;+22
j  org.gradle.internal.operations.DefaultBuildOperationRunner$2.execute(Lorg/gradle/internal/operations/BuildOperationDescriptor;Lorg/gradle/internal/operations/BuildOperationState;Lorg/gradle/internal/operations/BuildOperationState;Lorg/gradle/internal/operations/DefaultBuildOperationRunner$ReadableBuildOperationContext;Lorg/gradle/internal/operations/DefaultBuildOperationRunner$BuildOperationExecutionListener;)Ljava/lang/Object;+8
j  org.gradle.internal.operations.DefaultBuildOperationRunner.execute(Lorg/gradle/internal/operations/BuildOperationDescriptor$Builder;Lorg/gradle/internal/operations/DefaultBuildOperationRunner$BuildOperationExecution;)Ljava/lang/Object;+141
j  org.gradle.internal.operations.DefaultBuildOperationRunner.execute(Lorg/gradle/internal/operations/BuildOperation;Lorg/gradle/internal/operations/BuildOperationWorker;)V+17
j  org.gradle.internal.operations.DefaultBuildOperationRunner.run(Lorg/gradle/internal/operations/RunnableBuildOperation;)V+5
j  org.gradle.configuration.BuildOperationFiringProjectsPreparer.prepareProjects(Lorg/gradle/api/internal/GradleInternal;)V+13
j  org.gradle.initialization.VintageBuildModelController.lambda$prepareProjects$2()V+8
j  org.gradle.initialization.VintageBuildModelController$$Lambda+0x000001d265642ce8.run()V+4
j  org.gradle.internal.model.StateTransitionController.lambda$doTransition$15(Ljava/lang/Runnable;)Lorg/gradle/internal/build/ExecutionResult;+1
j  org.gradle.internal.model.StateTransitionController$$Lambda+0x000001d265465038.get()Ljava/lang/Object;+4
j  org.gradle.internal.model.StateTransitionController.doTransition(Lorg/gradle/internal/model/StateTransitionController$State;Lorg/gradle/internal/model/StateTransitionController$State;Ljava/util/function/Supplier;)Lorg/gradle/internal/build/ExecutionResult;+24
j  org.gradle.internal.model.StateTransitionController.doTransition(Lorg/gradle/internal/model/StateTransitionController$State;Lorg/gradle/internal/model/StateTransitionController$State;Ljava/lang/Runnable;)V+9
j  org.gradle.internal.model.StateTransitionController.lambda$transitionIfNotPreviously$12(Lorg/gradle/internal/model/StateTransitionController$State;Lorg/gradle/internal/model/StateTransitionController$State;Ljava/lang/Runnable;)V+16
j  org.gradle.internal.model.StateTransitionController$$Lambda+0x000001d265465488.run()V+16
j  org.gradle.internal.work.DefaultSynchronizer.withLock(Ljava/lang/Runnable;)V+6
j  org.gradle.internal.model.StateTransitionController.transitionIfNotPreviously(Lorg/gradle/internal/model/StateTransitionController$State;Lorg/gradle/internal/model/StateTransitionController$State;Ljava/lang/Runnable;)V+13
j  org.gradle.initialization.VintageBuildModelController.prepareProjects()V+16
j  org.gradle.initialization.VintageBuildModelController.prepareToScheduleTasks()V+5
j  org.gradle.internal.build.DefaultBuildLifecycleController.lambda$prepareToScheduleTasks$7()V+9
j  org.gradle.internal.build.DefaultBuildLifecycleController$$Lambda+0x000001d265464be8.run()V+4
j  org.gradle.internal.model.StateTransitionController.lambda$doTransition$15(Ljava/lang/Runnable;)Lorg/gradle/internal/build/ExecutionResult;+1
j  org.gradle.internal.model.StateTransitionController$$Lambda+0x000001d265465038.get()Ljava/lang/Object;+4
j  org.gradle.internal.model.StateTransitionController.doTransition(Lorg/gradle/internal/model/StateTransitionController$State;Lorg/gradle/internal/model/StateTransitionController$State;Ljava/util/function/Supplier;)Lorg/gradle/internal/build/ExecutionResult;+24
j  org.gradle.internal.model.StateTransitionController.doTransition(Lorg/gradle/internal/model/StateTransitionController$State;Lorg/gradle/internal/model/StateTransitionController$State;Ljava/lang/Runnable;)V+9
j  org.gradle.internal.model.StateTransitionController.lambda$maybeTransition$10(Lorg/gradle/internal/model/StateTransitionController$State;Lorg/gradle/internal/model/StateTransitionController$State;Ljava/lang/Runnable;)V+16
j  org.gradle.internal.model.StateTransitionController$$Lambda+0x000001d265464e10.run()V+16
j  org.gradle.internal.work.DefaultSynchronizer.withLock(Ljava/lang/Runnable;)V+6
j  org.gradle.internal.model.StateTransitionController.maybeTransition(Lorg/gradle/internal/model/StateTransitionController$State;Lorg/gradle/internal/model/StateTransitionController$State;Ljava/lang/Runnable;)V+13
j  org.gradle.internal.build.DefaultBuildLifecycleController.prepareToScheduleTasks()V+16
j  org.gradle.internal.buildtree.DefaultBuildTreeWorkPreparer.scheduleRequestedTasks(Lorg/gradle/internal/buildtree/BuildTreeWorkGraph;Lorg/gradle/execution/EntryTaskSelector;)Lorg/gradle/internal/buildtree/BuildTreeWorkGraph$FinalizedGraph;+4
j  org.gradle.internal.cc.impl.barrier.BarrierAwareBuildTreeWorkPreparer.scheduleRequestedTasks$lambda$0(Lorg/gradle/internal/cc/impl/barrier/BarrierAwareBuildTreeWorkPreparer;Lorg/gradle/internal/buildtree/BuildTreeWorkGraph;Lorg/gradle/execution/EntryTaskSelector;)Lorg/gradle/internal/buildtree/BuildTreeWorkGraph$FinalizedGraph;+6
j  org.gradle.internal.cc.impl.barrier.BarrierAwareBuildTreeWorkPreparer$$Lambda+0x000001d2654604c0.invoke()Ljava/lang/Object;+12
j  org.gradle.internal.cc.impl.barrier.VintageConfigurationTimeActionRunner.runConfigurationTimeAction(Lkotlin/jvm/functions/Function0;)Ljava/lang/Object;+25
j  org.gradle.internal.cc.impl.barrier.BarrierAwareBuildTreeWorkPreparer.scheduleRequestedTasks(Lorg/gradle/internal/buildtree/BuildTreeWorkGraph;Lorg/gradle/execution/EntryTaskSelector;)Lorg/gradle/internal/buildtree/BuildTreeWorkGraph$FinalizedGraph;+18
j  org.gradle.internal.cc.impl.VintageBuildTreeWorkController$scheduleAndRunRequestedTasks$1$finalizedGraph$1.call()Lorg/gradle/internal/buildtree/BuildTreeWorkGraph$FinalizedGraph;+15
j  org.gradle.internal.cc.impl.VintageBuildTreeWorkController$scheduleAndRunRequestedTasks$1$finalizedGraph$1.call()Ljava/lang/Object;+1
j  org.gradle.internal.Try.ofFailable(Ljava/util/concurrent/Callable;)Lorg/gradle/internal/Try;+1
j  org.gradle.internal.cc.impl.VintageBuildTreeWorkController$scheduleAndRunRequestedTasks$1.apply(Lorg/gradle/internal/buildtree/BuildTreeWorkGraph;)Lorg/gradle/internal/buildtree/BuildTreeWorkController$TaskRunResult;+25
j  org.gradle.internal.cc.impl.VintageBuildTreeWorkController$scheduleAndRunRequestedTasks$1.apply(Ljava/lang/Object;)Ljava/lang/Object;+5
j  org.gradle.composite.internal.DefaultIncludedBuildTaskGraph.withNewWorkGraph(Ljava/util/function/Function;)Ljava/lang/Object;+30
j  org.gradle.internal.cc.impl.VintageBuildTreeWorkController.scheduleAndRunRequestedTasks(Lorg/gradle/execution/EntryTaskSelector;)Lorg/gradle/internal/buildtree/BuildTreeWorkController$TaskRunResult;+16
j  org.gradle.internal.buildtree.DefaultBuildTreeLifecycleController.lambda$scheduleAndRunTasks$1(Lorg/gradle/execution/EntryTaskSelector;)Lorg/gradle/internal/build/ExecutionResult;+5
j  org.gradle.internal.buildtree.DefaultBuildTreeLifecycleController$$Lambda+0x000001d26545b848.get()Ljava/lang/Object;+8
j  org.gradle.internal.buildtree.DefaultBuildTreeLifecycleController.lambda$runBuild$5(Ljava/util/function/Supplier;)Ljava/lang/Object;+1
j  org.gradle.internal.buildtree.DefaultBuildTreeLifecycleController$$Lambda+0x000001d26545ba70.get()Ljava/lang/Object;+8
j  org.gradle.internal.model.StateTransitionController.lambda$transition$7(Ljava/util/function/Supplier;)Lorg/gradle/internal/build/ExecutionResult;+1
j  org.gradle.internal.model.StateTransitionController$$Lambda+0x000001d265458800.get()Ljava/lang/Object;+4
j  org.gradle.internal.model.StateTransitionController.doTransition(Lorg/gradle/internal/model/StateTransitionController$State;Lorg/gradle/internal/model/StateTransitionController$State;Ljava/util/function/Supplier;)Lorg/gradle/internal/build/ExecutionResult;+24
j  org.gradle.internal.model.StateTransitionController.lambda$transition$8(Lorg/gradle/internal/model/StateTransitionController$State;Lorg/gradle/internal/model/StateTransitionController$State;Ljava/util/function/Supplier;)Ljava/lang/Object;+9
j  org.gradle.internal.model.StateTransitionController$$Lambda+0x000001d26545bc98.create()Ljava/lang/Object;+16
j  org.gradle.internal.work.DefaultSynchronizer.withLock(Lorg/gradle/internal/Factory;)Ljava/lang/Object;+6
j  org.gradle.internal.model.StateTransitionController.transition(Lorg/gradle/internal/model/StateTransitionController$State;Lorg/gradle/internal/model/StateTransitionController$State;Ljava/util/function/Supplier;)Ljava/lang/Object;+13
j  org.gradle.internal.buildtree.DefaultBuildTreeLifecycleController.runBuild(Ljava/util/function/Supplier;)Ljava/lang/Object;+17
j  org.gradle.internal.buildtree.DefaultBuildTreeLifecycleController.scheduleAndRunTasks(Lorg/gradle/execution/EntryTaskSelector;)V+8
j  org.gradle.internal.buildtree.DefaultBuildTreeLifecycleController.scheduleAndRunTasks()V+2
j  org.gradle.tooling.internal.provider.runner.BuildModelActionRunner.run(Lorg/gradle/internal/invocation/BuildAction;Lorg/gradle/internal/buildtree/BuildTreeLifecycleController;)Lorg/gradle/internal/buildtree/BuildActionRunner$Result;+71
j  org.gradle.launcher.exec.ChainingBuildActionRunner.run(Lorg/gradle/internal/invocation/BuildAction;Lorg/gradle/internal/buildtree/BuildTreeLifecycleController;)Lorg/gradle/internal/buildtree/BuildActionRunner$Result;+34
j  org.gradle.internal.buildtree.ProblemReportingBuildActionRunner.run(Lorg/gradle/internal/invocation/BuildAction;Lorg/gradle/internal/buildtree/BuildTreeLifecycleController;)Lorg/gradle/internal/buildtree/BuildActionRunner$Result;+12
j  org.gradle.launcher.exec.BuildOutcomeReportingBuildActionRunner.run(Lorg/gradle/internal/invocation/BuildAction;Lorg/gradle/internal/buildtree/BuildTreeLifecycleController;)Lorg/gradle/internal/buildtree/BuildActionRunner$Result;+69
j  org.gradle.tooling.internal.provider.FileSystemWatchingBuildActionRunner.run(Lorg/gradle/internal/invocation/BuildAction;Lorg/gradle/internal/buildtree/BuildTreeLifecycleController;)Lorg/gradle/internal/buildtree/BuildActionRunner$Result;+317
j  org.gradle.launcher.exec.BuildCompletionNotifyingBuildActionRunner.run(Lorg/gradle/internal/invocation/BuildAction;Lorg/gradle/internal/buildtree/BuildTreeLifecycleController;)Lorg/gradle/internal/buildtree/BuildActionRunner$Result;+6
j  org.gradle.launcher.exec.RootBuildLifecycleBuildActionExecutor.lambda$execute$0(Lorg/gradle/internal/invocation/BuildAction;Lorg/gradle/internal/buildtree/BuildTreeLifecycleController;)Lorg/gradle/internal/buildtree/BuildActionRunner$Result;+6
j  org.gradle.launcher.exec.RootBuildLifecycleBuildActionExecutor$$Lambda+0x000001d265443760.apply(Ljava/lang/Object;)Ljava/lang/Object;+12
j  org.gradle.composite.internal.DefaultRootBuildState.run(Ljava/util/function/Function;)Ljava/lang/Object;+92
j  org.gradle.launcher.exec.RootBuildLifecycleBuildActionExecutor.execute(Lorg/gradle/internal/invocation/BuildAction;)Lorg/gradle/internal/buildtree/BuildActionRunner$Result;+91
j  org.gradle.launcher.exec.BuildTreeLifecycleBuildActionExecutor.runRootBuildAction(Lorg/gradle/internal/invocation/BuildAction;Lorg/gradle/internal/service/ServiceRegistry;Lorg/gradle/internal/buildtree/BuildActionModelRequirements;Lorg/gradle/internal/buildtree/BuildModelParameters;)Lorg/gradle/internal/buildtree/BuildActionRunner$Result;+42
j  org.gradle.launcher.exec.BuildTreeLifecycleBuildActionExecutor.execute(Lorg/gradle/internal/invocation/BuildAction;Lorg/gradle/internal/session/BuildSessionContext;)Lorg/gradle/internal/buildtree/BuildActionRunner$Result;+50
j  org.gradle.launcher.exec.RunAsBuildOperationBuildActionExecutor$2.call(Lorg/gradle/internal/operations/BuildOperationContext;)Lorg/gradle/internal/buildtree/BuildActionRunner$Result;+25
j  org.gradle.launcher.exec.RunAsBuildOperationBuildActionExecutor$2.call(Lorg/gradle/internal/operations/BuildOperationContext;)Ljava/lang/Object;+2
j  org.gradle.internal.operations.DefaultBuildOperationRunner$CallableBuildOperationWorker.execute(Lorg/gradle/internal/operations/CallableBuildOperation;Lorg/gradle/internal/operations/BuildOperationContext;)V+3
j  org.gradle.internal.operations.DefaultBuildOperationRunner$CallableBuildOperationWorker.execute(Lorg/gradle/internal/operations/BuildOperation;Lorg/gradle/internal/operations/BuildOperationContext;)V+6
j  org.gradle.internal.operations.DefaultBuildOperationRunner$2.execute(Lorg/gradle/internal/operations/BuildOperationDescriptor;Lorg/gradle/internal/operations/BuildOperationState;Lorg/gradle/internal/operations/BuildOperationState;Lorg/gradle/internal/operations/DefaultBuildOperationRunner$ReadableBuildOperationContext;Lorg/gradle/internal/operations/DefaultBuildOperationRunner$BuildOperationExecutionListener;)Lorg/gradle/internal/operations/BuildOperation;+22
j  org.gradle.internal.operations.DefaultBuildOperationRunner$2.execute(Lorg/gradle/internal/operations/BuildOperationDescriptor;Lorg/gradle/internal/operations/BuildOperationState;Lorg/gradle/internal/operations/BuildOperationState;Lorg/gradle/internal/operations/DefaultBuildOperationRunner$ReadableBuildOperationContext;Lorg/gradle/internal/operations/DefaultBuildOperationRunner$BuildOperationExecutionListener;)Ljava/lang/Object;+8
j  org.gradle.internal.operations.DefaultBuildOperationRunner.execute(Lorg/gradle/internal/operations/BuildOperationDescriptor$Builder;Lorg/gradle/internal/operations/DefaultBuildOperationRunner$BuildOperationExecution;)Ljava/lang/Object;+141
j  org.gradle.internal.operations.DefaultBuildOperationRunner.execute(Lorg/gradle/internal/operations/BuildOperation;Lorg/gradle/internal/operations/BuildOperationWorker;)V+17
j  org.gradle.internal.operations.DefaultBuildOperationRunner.call(Lorg/gradle/internal/operations/CallableBuildOperation;)Ljava/lang/Object;+12
j  org.gradle.launcher.exec.RunAsBuildOperationBuildActionExecutor.execute(Lorg/gradle/internal/invocation/BuildAction;Lorg/gradle/internal/session/BuildSessionContext;)Lorg/gradle/internal/buildtree/BuildActionRunner$Result;+23
j  org.gradle.launcher.exec.RunAsWorkerThreadBuildActionExecutor.lambda$execute$0(Lorg/gradle/internal/invocation/BuildAction;Lorg/gradle/internal/session/BuildSessionContext;)Lorg/gradle/internal/buildtree/BuildActionRunner$Result;+6
j  org.gradle.launcher.exec.RunAsWorkerThreadBuildActionExecutor$$Lambda+0x000001d265282f68.create()Ljava/lang/Object;+12
j  org.gradle.internal.work.DefaultWorkerLeaseService.lambda$withLocksAcquired$0(Lorg/gradle/internal/Factory;Ljava/util/Collection;)Ljava/lang/Object;+1
j  org.gradle.internal.work.DefaultWorkerLeaseService$$Lambda+0x000001d26528fb50.create()Ljava/lang/Object;+12
j  org.gradle.internal.work.ResourceLockStatistics$1.measure(Ljava/lang/String;Ljava/lang/Iterable;Lorg/gradle/internal/Factory;)Ljava/lang/Object;+1
j  org.gradle.internal.work.DefaultWorkerLeaseService.withLocksAcquired(Ljava/util/Collection;Lorg/gradle/internal/Factory;)Ljava/lang/Object;+21
j  org.gradle.internal.work.DefaultWorkerLeaseService.withLocks(Ljava/util/Collection;Lorg/gradle/internal/Factory;)Ljava/lang/Object;+25
j  org.gradle.internal.work.DefaultWorkerLeaseService.runAsWorkerThread(Lorg/gradle/internal/Factory;)Ljava/lang/Object;+33
j  org.gradle.launcher.exec.RunAsWorkerThreadBuildActionExecutor.execute(Lorg/gradle/internal/invocation/BuildAction;Lorg/gradle/internal/session/BuildSessionContext;)Lorg/gradle/internal/buildtree/BuildActionRunner$Result;+12
j  org.gradle.tooling.internal.provider.continuous.ContinuousBuildActionExecutor.execute(Lorg/gradle/internal/invocation/BuildAction;Lorg/gradle/internal/session/BuildSessionContext;)Lorg/gradle/internal/buildtree/BuildActionRunner$Result;+58
j  org.gradle.tooling.internal.provider.SubscribableBuildActionExecutor.execute(Lorg/gradle/internal/invocation/BuildAction;Lorg/gradle/internal/session/BuildSessionContext;)Lorg/gradle/internal/buildtree/BuildActionRunner$Result;+30
j  org.gradle.internal.session.DefaultBuildSessionContext.execute(Lorg/gradle/internal/invocation/BuildAction;)Lorg/gradle/internal/buildtree/BuildActionRunner$Result;+64
j  org.gradle.internal.buildprocess.execution.BuildSessionLifecycleBuildActionExecutor$ActionImpl.apply(Lorg/gradle/internal/session/BuildSessionContext;)Lorg/gradle/launcher/exec/BuildActionResult;+6
j  org.gradle.internal.buildprocess.execution.BuildSessionLifecycleBuildActionExecutor$ActionImpl.apply(Ljava/lang/Object;)Ljava/lang/Object;+5
j  org.gradle.internal.session.BuildSessionState.run(Ljava/util/function/Function;)Ljava/lang/Object;+5
j  org.gradle.internal.buildprocess.execution.BuildSessionLifecycleBuildActionExecutor.execute(Lorg/gradle/internal/invocation/BuildAction;Lorg/gradle/launcher/exec/BuildActionParameters;Lorg/gradle/initialization/BuildRequestContext;)Lorg/gradle/launcher/exec/BuildActionResult;+105
j  org.gradle.internal.buildprocess.execution.BuildSessionLifecycleBuildActionExecutor.execute(Lorg/gradle/internal/invocation/BuildAction;Ljava/lang/Object;Ljava/lang/Object;)Lorg/gradle/launcher/exec/BuildActionResult;+10
j  org.gradle.internal.buildprocess.execution.StartParamsValidatingActionExecutor.execute(Lorg/gradle/internal/invocation/BuildAction;Lorg/gradle/launcher/exec/BuildActionParameters;Lorg/gradle/initialization/BuildRequestContext;)Lorg/gradle/launcher/exec/BuildActionResult;+142
j  org.gradle.internal.buildprocess.execution.StartParamsValidatingActionExecutor.execute(Lorg/gradle/internal/invocation/BuildAction;Ljava/lang/Object;Ljava/lang/Object;)Lorg/gradle/launcher/exec/BuildActionResult;+10
j  org.gradle.internal.buildprocess.execution.SessionFailureReportingActionExecutor.execute(Lorg/gradle/internal/invocation/BuildAction;Lorg/gradle/launcher/exec/BuildActionParameters;Lorg/gradle/initialization/BuildRequestContext;)Lorg/gradle/launcher/exec/BuildActionResult;+7
j  org.gradle.internal.buildprocess.execution.SessionFailureReportingActionExecutor.execute(Lorg/gradle/internal/invocation/BuildAction;Ljava/lang/Object;Ljava/lang/Object;)Lorg/gradle/launcher/exec/BuildActionResult;+10
j  org.gradle.internal.buildprocess.execution.SetupLoggingActionExecutor.execute(Lorg/gradle/internal/invocation/BuildAction;Lorg/gradle/launcher/exec/BuildActionParameters;Lorg/gradle/initialization/BuildRequestContext;)Lorg/gradle/launcher/exec/BuildActionResult;+50
j  org.gradle.internal.buildprocess.execution.SetupLoggingActionExecutor.execute(Lorg/gradle/internal/invocation/BuildAction;Ljava/lang/Object;Ljava/lang/Object;)Lorg/gradle/launcher/exec/BuildActionResult;+10
j  org.gradle.launcher.daemon.server.exec.ExecuteBuild.doBuild(Lorg/gradle/launcher/daemon/server/api/DaemonCommandExecution;Lorg/gradle/launcher/daemon/protocol/Build;)V+147
j  org.gradle.launcher.daemon.server.exec.BuildCommandOnly.execute(Lorg/gradle/launcher/daemon/server/api/DaemonCommandExecution;)V+49
j  org.gradle.launcher.daemon.server.api.DaemonCommandExecution.proceed()Z+23
j  org.gradle.launcher.daemon.server.exec.WatchForDisconnection.execute(Lorg/gradle/launcher/daemon/server/api/DaemonCommandExecution;)V+19
j  org.gradle.launcher.daemon.server.api.DaemonCommandExecution.proceed()Z+23
j  org.gradle.launcher.daemon.server.exec.ResetDeprecationLogger.execute(Lorg/gradle/launcher/daemon/server/api/DaemonCommandExecution;)V+7
j  org.gradle.launcher.daemon.server.api.DaemonCommandExecution.proceed()Z+23
j  org.gradle.launcher.daemon.server.exec.RequestStopIfSingleUsedDaemon.execute(Lorg/gradle/launcher/daemon/server/api/DaemonCommandExecution;)V+33
j  org.gradle.launcher.daemon.server.api.DaemonCommandExecution.proceed()Z+23
j  org.gradle.launcher.daemon.server.exec.ForwardClientInput.lambda$execute$0(Lorg/gradle/launcher/daemon/server/api/DaemonCommandExecution;Lorg/gradle/internal/daemon/clientinput/StdinHandler;)Ljava/lang/Object;+11
j  org.gradle.launcher.daemon.server.exec.ForwardClientInput$$Lambda+0x000001d265198b98.apply(Ljava/lang/Object;)Ljava/lang/Object;+8
j  org.gradle.internal.daemon.clientinput.ClientInputForwarder.forwardInput(Ljava/util/function/Function;)Ljava/lang/Object;+46
j  org.gradle.launcher.daemon.server.exec.ForwardClientInput.execute(Lorg/gradle/launcher/daemon/server/api/DaemonCommandExecution;)V+10
j  org.gradle.launcher.daemon.server.api.DaemonCommandExecution.proceed()Z+23
j  org.gradle.launcher.daemon.server.exec.LogAndCheckHealth.execute(Lorg/gradle/launcher/daemon/server/api/DaemonCommandExecution;)V+51
j  org.gradle.launcher.daemon.server.api.DaemonCommandExecution.proceed()Z+23
j  org.gradle.launcher.daemon.server.exec.LogToClient.doBuild(Lorg/gradle/launcher/daemon/server/api/DaemonCommandExecution;Lorg/gradle/launcher/daemon/protocol/Build;)V+87
j  org.gradle.launcher.daemon.server.exec.BuildCommandOnly.execute(Lorg/gradle/launcher/daemon/server/api/DaemonCommandExecution;)V+49
j  org.gradle.launcher.daemon.server.api.DaemonCommandExecution.proceed()Z+23
j  org.gradle.launcher.daemon.server.exec.EstablishBuildEnvironment.doBuild(Lorg/gradle/launcher/daemon/server/api/DaemonCommandExecution;Lorg/gradle/launcher/daemon/protocol/Build;)V+356
j  org.gradle.launcher.daemon.server.exec.BuildCommandOnly.execute(Lorg/gradle/launcher/daemon/server/api/DaemonCommandExecution;)V+49
j  org.gradle.launcher.daemon.server.api.DaemonCommandExecution.proceed()Z+23
j  org.gradle.launcher.daemon.server.exec.StartBuildOrRespondWithBusy$1.run()V+44
j  org.gradle.launcher.daemon.server.DaemonStateCoordinator.lambda$runCommand$0(Ljava/lang/Runnable;)V+1
j  org.gradle.launcher.daemon.server.DaemonStateCoordinator$$Lambda+0x000001d2651978f0.run()V+8
j  org.gradle.internal.concurrent.ExecutorPolicy$CatchAndRecordFailures.onExecute(Ljava/lang/Runnable;)V+1
j  org.gradle.internal.concurrent.AbstractManagedExecutor$1.run()V+25
j  java.util.concurrent.ThreadPoolExecutor.runWorker(Ljava/util/concurrent/ThreadPoolExecutor$Worker;)V+92 java.base@21.0.12.1
j  java.util.concurrent.ThreadPoolExecutor$Worker.run()V+5 java.base@21.0.12.1
j  java.lang.Thread.runWith(Ljava/lang/Object;Ljava/lang/Runnable;)V+5 java.base@21.0.12.1
j  java.lang.Thread.run()V+19 java.base@21.0.12.1
v  ~StubRoutines::call_stub 0x000001d2581a100d

Compiled method (n/a) 139240 1960     n 0       java.lang.ClassLoader::defineClass0 (native)
 total in heap  [0x000001d2589acd10,0x000001d2589ad2d0] = 1472
 relocation     [0x000001d2589ace70,0x000001d2589acea8] = 56
 main code      [0x000001d2589acec0,0x000001d2589ad2cc] = 1036
 stub code      [0x000001d2589ad2cc,0x000001d2589ad2d0] = 4

[Constant Pool (empty)]

[MachCode]
[Entry Point]
  # {method} {0x000001d264434610} 'defineClass0' '(Ljava/lang/ClassLoader;Ljava/lang/Class;Ljava/lang/String;[BIILjava/security/ProtectionDomain;ZILjava/lang/Object;)Ljava/lang/Class;' in 'java/lang/ClassLoader'
  # parm0:    rdx:rdx   = 'java/lang/ClassLoader'
  # parm1:    r8:r8     = 'java/lang/Class'
  # parm2:    r9:r9     = 'java/lang/String'
  # parm3:    rdi:rdi   = '[B'
  # parm4:    rsi       = int
  # parm5:    rcx       = int
  # parm6:    [sp+0xb0]   = 'java/security/ProtectionDomain'  (sp of caller)
  # parm7:    [sp+0xb8]   = boolean
  # parm8:    [sp+0xc0]   = int
  # parm9:    [sp+0xc8]   = 'java/lang/Object'
  0x000001d2589acec0: 448b 5208 | 49bb 0000 | 0064 d201 | 0000 4d03 | d349 3bc2 | 0f84 0600 

  0x000001d2589aced8: ;   {runtime_call ic_miss_stub}
  0x000001d2589aced8: 0000 e9a1 | 1884 ff90 
[Verified Entry Point]
  0x000001d2589acee0: 8984 2400 | 80ff ff55 | 488b ec48 | 81ec a000 | 0000 6690 | 4181 7f20 | 0500 0000 

  0x000001d2589acefc: ;   {runtime_call StubRoutines (final stubs)}
  0x000001d2589acefc: 7405 e89d | 9582 ff48 | 837d 2800 | 488d 4528 | 480f 4445 | 2848 8944 | 2458 4863 | 4520 4889 
  0x000001d2589acf1c: 4424 5048 | 6345 1848 | 8944 2448 | 4883 7d10 | 0048 8d45 | 1048 0f44 | 4510 4889 | 4424 4048 
  0x000001d2589acf3c: 894c 2438 | 4889 7424 | 3048 897c | 2478 4883 | ff00 488d | 4424 7848 | 0f44 4424 | 7848 8944 
  0x000001d2589acf5c: 2428 4c89 | 4c24 7049 | 83f9 0048 | 8d44 2470 | 480f 4444 | 2470 4889 | 4424 204c | 8944 2468 
  0x000001d2589acf7c: 4983 f800 | 4c8d 4c24 | 684c 0f44 | 4c24 6848 | 8954 2460 | 4883 fa00 | 4c8d 4424 | 604c 0f44 
  0x000001d2589acf9c: ;   {oop(a 'java/lang/Class'{0x00000000e06dea10} = 'java/lang/ClassLoader')}
  0x000001d2589acf9c: 4424 6049 | be10 ea6d | e000 0000 | 004c 89b4 | 2490 0000 | 004c 8db4 | 2490 0000 | 0049 8bd6 
  0x000001d2589acfbc: ;   {internal_word}
  0x000001d2589acfbc: c5f8 7749 | babc cf9a | 58d2 0100 | 004d 8997 | a803 0000 | 4989 a7a0 

  0x000001d2589acfd4: ;   {external_word}
  0x000001d2589acfd4: 0300 0049 | ba06 6df9 | 00fa 7f00 | 0041 803a | 000f 844e | 0000 0052 | 4150 4151 

  0x000001d2589acff0: ;   {metadata({method} {0x000001d264434610} 'defineClass0' '(Ljava/lang/ClassLoader;Ljava/lang/Class;Ljava/lang/String;[BIILjava/security/ProtectionDomain;ZILjava/lang/Object;)Ljava/lang/Class;' in 'java/lang/ClassLoader')}
  0x000001d2589acff0: 48ba 0846 | 4364 d201 | 0000 498b | cf48 83ec | 2040 f6c4 | 0f0f 8419 | 0000 0048 

  0x000001d2589ad00c: ;   {runtime_call}
  0x000001d2589ad00c: 83ec 0848 | b8e0 eaa2 | 00fa 7f00 | 00ff d048 | 83c4 08e9 | 0c00 0000 

  0x000001d2589ad024: ;   {runtime_call}
  0x000001d2589ad024: 48b8 e0ea | a200 fa7f | 0000 ffd0 | 4883 c420 | 4159 4158 | 5a49 8d8f | c003 0000 | 41c7 874c 
  0x000001d2589ad044: 0400 0004 

  0x000001d2589ad048: ;   {runtime_call}
  0x000001d2589ad048: 0000 0048 | b81c 15df | 97fa 7f00 | 00ff d0c5 | f877 41c7 | 874c 0400 | 0005 0000 | 00f0 8344 
  0x000001d2589ad068: 24c0 0049 | 3baf 5004 | 0000 0f87 | 0e00 0000 | 4183 bf48 | 0400 0000 | 0f84 2b00 | 0000 c5f8 
  0x000001d2589ad088: 7748 8945 | f849 8bcf | 4c8b e448 | 83ec 2048 

  0x000001d2589ad098: ;   {runtime_call}
  0x000001d2589ad098: 83e4 f048 | b800 586e | 00fa 7f00 | 00ff d049 | 8be4 4d33 | e448 8b45 | f841 c787 | 4c04 0000 
  0x000001d2589ad0b8: 0800 0000 | 4183 bfc8 | 0400 0002 | 0f84 d501 

  0x000001d2589ad0c8: ;   {external_word}
  0x000001d2589ad0c8: 0000 49ba | 066d f900 | fa7f 0000 | 4180 3a00 | 0f84 4c00 | 0000 4889 

  0x000001d2589ad0e0: ;   {metadata({method} {0x000001d264434610} 'defineClass0' '(Ljava/lang/ClassLoader;Ljava/lang/Class;Ljava/lang/String;[BIILjava/security/ProtectionDomain;ZILjava/lang/Object;)Ljava/lang/Class;' in 'java/lang/ClassLoader')}
  0x000001d2589ad0e0: 45f8 48ba | 0846 4364 | d201 0000 | 498b cf48 | 83ec 2040 | f6c4 0f0f | 8419 0000 | 0048 83ec 
  0x000001d2589ad100: ;   {runtime_call}
  0x000001d2589ad100: 0848 b8e0 | eaa2 00fa | 7f00 00ff | d048 83c4 | 08e9 0c00 

  0x000001d2589ad114: ;   {runtime_call}
  0x000001d2589ad114: 0000 48b8 | e0ea a200 | fa7f 0000 | ffd0 4883 | c420 488b | 45f8 49c7 | 87a0 0300 | 0000 0000 
  0x000001d2589ad134: 0049 c787 | a803 0000 | 0000 0000 | c5f8 7748 | 85c0 0f84 | 3001 0000 | a803 0f85 | 0800 0000 
  0x000001d2589ad154: 488b 00e9 | 2001 0000 | a801 0f85 | 0900 0000 | 488b 40fe | e90f 0100 | 0048 8b40 | ff41 807f 
  0x000001d2589ad174: 4000 0f84 | 0001 0000 | 4883 f800 | 0f84 f600 | 0000 498b | 4f28 4883 | f900 0f84 | 1400 0000 
  0x000001d2589ad194: 4883 e908 | 4989 4f28 | 4903 4f38 | 4889 01e9 | d400 0000 | 4883 ec70 | 4889 0424 | 4889 4c24 
  0x000001d2589ad1b4: 0848 8954 | 2410 4c89 | 4424 184c | 894c 2420 | 4c89 5424 | 284c 895c | 2430 c5fb | 1144 2440 
  0x000001d2589ad1d4: c5fb 114c | 2448 c5fb | 1154 2450 | c5fb 115c | 2458 c5fb | 1164 2460 | c5fb 116c | 2468 498b 
  0x000001d2589ad1f4: d748 8bc8 | 4883 ec20 | 40f6 c40f | 0f84 1900 | 0000 4883 

  0x000001d2589ad208: ;   {runtime_call}
  0x000001d2589ad208: ec08 48b8 | 20a4 6100 | fa7f 0000 | ffd0 4883 | c408 e90c 

  0x000001d2589ad21c: ;   {runtime_call}
  0x000001d2589ad21c: 0000 0048 | b820 a461 | 00fa 7f00 | 00ff d048 | 83c4 20c5 | fb10 6c24 | 68c5 fb10 | 6424 60c5 
  0x000001d2589ad23c: fb10 5c24 | 58c5 fb10 | 5424 50c5 | fb10 4c24 | 48c5 fb10 | 4424 404c | 8b5c 2430 | 4c8b 5424 
  0x000001d2589ad25c: 284c 8b4c | 2420 4c8b | 4424 1848 | 8b54 2410 | 488b 4c24 | 0848 8b04 | 2448 83c4 | 70c5 f877 
  0x000001d2589ad27c: 498b 8f30 | 0400 00c7 | 8100 0100 | 0000 0000 | 00c9 4983 | 7f08 000f | 8501 0000 

  0x000001d2589ad298: ;   {runtime_call StubRoutines (initial stubs)}
  0x000001d2589ad298: 00c3 e961 | 3c7f ffc5 | f877 4889 | 45f8 4c8b | e448 83ec | 2048 83e4 

  0x000001d2589ad2b0: ;   {runtime_call}
  0x000001d2589ad2b0: f048 b830 | 22a3 00fa | 7f00 00ff | d049 8be4 | 4d33 e448 | 8b45 f8e9 | fefd ffff 
[Stub Code]
  0x000001d2589ad2cc: f4f4 f4f4 
[/MachCode]


Compiled method (c1) 140906 2669       3       java.lang.System$2::defineClass (21 bytes)
 total in heap  [0x000001d25126d990,0x000001d25126dd70] = 992
 relocation     [0x000001d25126daf0,0x000001d25126db30] = 64
 main code      [0x000001d25126db40,0x000001d25126dc78] = 312
 stub code      [0x000001d25126dc78,0x000001d25126dcb8] = 64
 metadata       [0x000001d25126dcb8,0x000001d25126dcc0] = 8
 scopes data    [0x000001d25126dcc0,0x000001d25126dd08] = 72
 scopes pcs     [0x000001d25126dd08,0x000001d25126dd58] = 80
 dependencies   [0x000001d25126dd58,0x000001d25126dd60] = 8
 nul chk table  [0x000001d25126dd60,0x000001d25126dd70] = 16

[Constant Pool (empty)]

[MachCode]
[Entry Point]
  # {method} {0x000001d264019588} 'defineClass' '(Ljava/lang/ClassLoader;Ljava/lang/Class;Ljava/lang/String;[BLjava/security/ProtectionDomain;ZILjava/lang/Object;)Ljava/lang/Class;' in 'java/lang/System$2'
  # this:     rdx:rdx   = 'java/lang/System$2'
  # parm0:    r8:r8     = 'java/lang/ClassLoader'
  # parm1:    r9:r9     = 'java/lang/Class'
  # parm2:    rdi:rdi   = 'java/lang/String'
  # parm3:    rsi:rsi   = '[B'
  # parm4:    rcx:rcx   = 'java/security/ProtectionDomain'
  # parm5:    [sp+0x70]   = boolean  (sp of caller)
  # parm6:    [sp+0x78]   = int
  # parm7:    [sp+0x80]   = 'java/lang/Object'
  0x000001d25126db40: 448b 5208 | 49bb 0000 | 0064 d201 | 0000 4d03 | d34c 3bd0 

  0x000001d25126db54: ;   {runtime_call ic_miss_stub}
  0x000001d25126db54: 0f85 260c | f806 660f | 1f44 0000 
[Verified Entry Point]
  0x000001d25126db60: 8984 2400 | 80ff ff55 | 4883 ec60 | 4181 7f20 | 0500 0000 

  0x000001d25126db74: ;   {runtime_call StubRoutines (final stubs)}
  0x000001d25126db74: 7405 e825 | 89f6 0648 

  0x000001d25126db7c: ;   {metadata(method data for {method} {0x000001d264019588} 'defineClass' '(Ljava/lang/ClassLoader;Ljava/lang/Class;Ljava/lang/String;[BLjava/security/ProtectionDomain;ZILjava/lang/Object;)Ljava/lang/Class;' in 'java/lang/System$2')}
  0x000001d25126db7c: 8bd9 48b9 | 58f8 9a79 | d201 0000 | 8b81 cc00 | 0000 83c0 | 0289 81cc | 0000 0025 | fe07 0000 
  0x000001d25126db9c: 85c0 0f84 | 6b00 0000 | 4c8b ac24 | 8000 0000 | 448b 5c24 | 788b 4424 | 708b 4e0c 

  0x000001d25126dbb8: ;   {metadata(method data for {method} {0x000001d264019588} 'defineClass' '(Ljava/lang/ClassLoader;Ljava/lang/Class;Ljava/lang/String;[BLjava/security/ProtectionDomain;ZILjava/lang/Object;)Ljava/lang/Class;' in 'java/lang/System$2')}
  0x000001d25126dbb8: 48ba 58f8 | 9a79 d201 | 0000 4883 | 8210 0100 | 0001 498b | d04d 8bc1 | 4c8b cf48 | 8bfe be00 
  0x000001d25126dbd8: 0000 0048 | 891c 2489 | 4424 0844 | 895c 2410 | 4c89 6c24 

  0x000001d25126dbec: ;   {static_call}
  0x000001d25126dbec: 1866 90e8 

  0x000001d25126dbf0: ; ImmutableOopMap {}
                      ;*invokestatic defineClass0 {reexecute=0 rethrow=0 return_oop=0}
                      ; - java.lang.System$2::defineClass@17
  0x000001d25126dbf0: ecf2 7307 

  0x000001d25126dbf4: ;   {other}
  0x000001d25126dbf4: 0f1f 8400 | 6402 0000 | 4883 c460 

  0x000001d25126dc00: ;   {poll_return}
  0x000001d25126dc00: 5d49 3ba7 | 5004 0000 | 0f87 2700 

  0x000001d25126dc0c: ;   {metadata({method} {0x000001d264019588} 'defineClass' '(Ljava/lang/ClassLoader;Ljava/lang/Class;Ljava/lang/String;[BLjava/security/ProtectionDomain;ZILjava/lang/Object;)Ljava/lang/Class;' in 'java/lang/System$2')}
  0x000001d25126dc0c: 0000 c349 | ba80 9501 | 64d2 0100 | 004c 8954 | 2408 48c7 | 0424 ffff 

  0x000001d25126dc24: ;   {runtime_call counter_overflow Runtime1 stub}
  0x000001d25126dc24: ffff e8d5 

  0x000001d25126dc28: ; ImmutableOopMap {rdx=Oop r8=Oop r9=Oop rdi=Oop rsi=Oop rbx=Oop [128]=Oop }
                      ;*synchronization entry
                      ; - java.lang.System$2::defineClass@-1
  0x000001d25126dc28: 1d04 07e9 | 74ff ffff 

  0x000001d25126dc30: ;   {runtime_call throw_null_pointer_exception Runtime1 stub}
  0x000001d25126dc30: e8cb cc03 

  0x000001d25126dc34: ; ImmutableOopMap {r8=Oop r9=Oop rdi=Oop rsi=Oop rbx=Oop r13=Oop [128]=Oop }
                      ;*arraylength {reexecute=0 rethrow=0 return_oop=0}
                      ; - java.lang.System$2::defineClass@8
                      ;   {internal_word}
  0x000001d25126dc34: 0749 ba01 | dc26 51d2 | 0100 004d | 8997 6804 

  0x000001d25126dc44: ;   {runtime_call SafepointBlob}
  0x000001d25126dc44: 0000 e935 | 78f8 0649 | 8b87 0005 | 0000 49c7 | 8700 0500 | 0000 0000 | 0049 c787 | 0805 0000 
  0x000001d25126dc64: 0000 0000 | 4883 c460 

  0x000001d25126dc6c: ;   {runtime_call unwind_exception Runtime1 stub}
  0x000001d25126dc6c: 5de9 8ebd | 0307 f4f4 | f4f4 f4f4 
[Stub Code]
  0x000001d25126dc78: ;   {no_reloc}
  0x000001d25126dc78: 48bb 0000 | 0000 0000 

  0x000001d25126dc80: ;   {runtime_call nmethod}
  0x000001d25126dc80: 0000 e9fb 

  0x000001d25126dc84: ;   {runtime_call handle_exception_from_callee Runtime1 stub}
  0x000001d25126dc84: ffff ffe8 | 74ea 0307 

  0x000001d25126dc8c: ;   {external_word}
  0x000001d25126dc8c: 48b9 5063 | cf00 fa7f | 0000 4883 

  0x000001d25126dc98: ;   {runtime_call}
  0x000001d25126dc98: e4f0 48b8 | c0c9 9100 | fa7f 0000 

  0x000001d25126dca4: ;   {section_word}
  0x000001d25126dca4: ffd0 f449 | baa7 dc26 | 51d2 0100 

  0x000001d25126dcb0: ;   {runtime_call DeoptimizationBlob}
  0x000001d25126dcb0: 0041 52e9 | 686a f806 
[/MachCode]


Compiled method (c1) 141502 2668   !   3       java.lang.invoke.MethodHandles$Lookup$ClassDefiner::defineClass (213 bytes)
 total in heap  [0x000001d25126dd90,0x000001d25126eff0] = 4704
 relocation     [0x000001d25126def0,0x000001d25126e010] = 288
 main code      [0x000001d25126e020,0x000001d25126ea88] = 2664
 stub code      [0x000001d25126ea88,0x000001d25126eb00] = 120
 metadata       [0x000001d25126eb00,0x000001d25126eb70] = 112
 scopes data    [0x000001d25126eb70,0x000001d25126ed88] = 536
 scopes pcs     [0x000001d25126ed88,0x000001d25126ef48] = 448
 dependencies   [0x000001d25126ef48,0x000001d25126ef60] = 24
 handler table  [0x000001d25126ef60,0x000001d25126efa8] = 72
 nul chk table  [0x000001d25126efa8,0x000001d25126eff0] = 72

[Constant Pool (empty)]

[MachCode]
[Entry Point]
  # {method} {0x000001d2641eae68} 'defineClass' '(ZLjava/lang/Object;)Ljava/lang/Class;' in 'java/lang/invoke/MethodHandles$Lookup$ClassDefiner'
  # this:     rdx:rdx   = 'java/lang/invoke/MethodHandles$Lookup$ClassDefiner'
  # parm0:    r8        = boolean
  # parm1:    r9:r9     = 'java/lang/Object'
  #           [sp+0xf0]  (sp of caller)
  0x000001d25126e020: 448b 5208 | 49bb 0000 | 0064 d201 | 0000 4d03 | d34c 3bd0 

  0x000001d25126e034: ;   {runtime_call ic_miss_stub}
  0x000001d25126e034: 0f85 4607 | f806 660f | 1f44 0000 
[Verified Entry Point]
  0x000001d25126e040: 8984 2400 | 80ff ff55 | 4881 ece0 | 0000 0090 | 4181 7f20 | 0500 0000 

  0x000001d25126e058: ;   {runtime_call StubRoutines (final stubs)}
  0x000001d25126e058: 7405 e841 | 84f6 0648 | 8994 2498 | 0000 0044 | 8984 24b0 | 0000 004c | 898c 24b8 

  0x000001d25126e074: ;   {metadata(method data for {method} {0x000001d2641eae68} 'defineClass' '(ZLjava/lang/Object;)Ljava/lang/Class;' in 'java/lang/invoke/MethodHandles$Lookup$ClassDefiner')}
  0x000001d25126e074: 0000 0048 | be68 f09a | 79d2 0100 | 008b becc | 0000 0083 | c702 89be | cc00 0000 | 81e7 fe07 
  0x000001d25126e094: 0000 85ff | 0f84 6b07 | 0000 8b72 | 1048 89b4 | 2490 0000 | 0048 3b06 

  0x000001d25126e0ac: ;   {metadata(method data for {method} {0x000001d2641eae68} 'defineClass' '(ZLjava/lang/Object;)Ljava/lang/Class;' in 'java/lang/invoke/MethodHandles$Lookup$ClassDefiner')}
  0x000001d25126e0ac: 488b fe48 | bb68 f09a | 79d2 0100 | 0048 8383 | 1001 0000 | 018b 7e10 | 4889 bc24 | a800 0000 
  0x000001d25126e0cc: ; implicit exception: dispatches to 0x000001d25126e82f
  0x000001d25126e0cc: 483b 0748 

  0x000001d25126e0d0: ;   {metadata(method data for {method} {0x000001d2641eae68} 'defineClass' '(ZLjava/lang/Object;)Ljava/lang/Class;' in 'java/lang/invoke/MethodHandles$Lookup$ClassDefiner')}
  0x000001d25126e0d0: 8bdf 48b8 | 68f0 9a79 | d201 0000 | 4883 8048 | 0100 0001 

  0x000001d25126e0e4: ;   {metadata(method data for {method} {0x000001d264468e60} 'getClassLoader' '()Ljava/lang/ClassLoader;' in 'java/lang/Class')}
  0x000001d25126e0e4: 48bb a0f8 | 0279 d201 | 0000 8b83 | cc00 0000 | 83c0 0289 | 83cc 0000 | 0025 feff | 1f00 85c0 
  0x000001d25126e104: 0f84 2a07 | 0000 8b5f | 3448 85db 

  0x000001d25126e110: ;   {metadata(method data for {method} {0x000001d264468e60} 'getClassLoader' '()Ljava/lang/ClassLoader;' in 'java/lang/Class')}
  0x000001d25126e110: 48b8 a0f8 | 0279 d201 | 0000 48c7 | c110 0100 | 0075 0748 | c7c1 2001 | 0000 4c8b | 1c08 4d8d 
  0x000001d25126e130: 5b01 4c89 | 1c08 0f85 | 0f00 0000 

  0x000001d25126e13c: ;   {oop(nullptr)}
  0x000001d25126e13c: 48bb 0000 | 0000 0000 | 0000 e9a2 

  0x000001d25126e148: ;   {metadata(method data for {method} {0x000001d264468e60} 'getClassLoader' '()Ljava/lang/ClassLoader;' in 'java/lang/Class')}
  0x000001d25126e148: 0000 0048 | b8a0 f802 | 79d2 0100 | 0048 8380 | 3001 0000 

  0x000001d25126e15c: ;   {metadata(method data for {method} {0x000001d26401b1d0} 'getSecurityManager' '()Ljava/lang/SecurityManager;' in 'java/lang/System')}
  0x000001d25126e15c: 0148 b860 | fa02 79d2 | 0100 008b | 88cc 0000 | 0083 c102 | 8988 cc00 | 0000 81e1 | feff 1f00 
  0x000001d25126e17c: 85c9 0f84 | d106 0000 

  0x000001d25126e184: ;   {metadata(method data for {method} {0x000001d26401b1d0} 'getSecurityManager' '()Ljava/lang/SecurityManager;' in 'java/lang/System')}
  0x000001d25126e184: 48b8 60fa | 0279 d201 | 0000 4883 | 8010 0100 

  0x000001d25126e194: ;   {metadata(method data for {method} {0x000001d26401b2e8} 'allowSecurityManager' '()Z' in 'java/lang/System')}
  0x000001d25126e194: 0001 48b8 | d8fb 0279 | d201 0000 | 8b88 cc00 | 0000 83c1 | 0289 88cc | 0000 0081 | e1fe ff1f 
  0x000001d25126e1b4: 0085 c90f | 84b9 0600 

  0x000001d25126e1bc: ;   {metadata(method data for {method} {0x000001d26401b2e8} 'allowSecurityManager' '()Z' in 'java/lang/System')}
  0x000001d25126e1bc: 0048 b8d8 | fb02 79d2 | 0100 00ff | 8010 0100 

  0x000001d25126e1cc: ;   {metadata(method data for {method} {0x000001d26401b1d0} 'getSecurityManager' '()Ljava/lang/SecurityManager;' in 'java/lang/System')}
  0x000001d25126e1cc: 0048 b860 | fa02 79d2 | 0100 00ff | 8020 0100 

  0x000001d25126e1dc: ;   {metadata(method data for {method} {0x000001d264468e60} 'getClassLoader' '()Ljava/lang/ClassLoader;' in 'java/lang/Class')}
  0x000001d25126e1dc: 0048 b8a0 | f802 79d2 | 0100 00ff | 8040 0100 | 0048 85db 

  0x000001d25126e1f0: ;   {metadata(method data for {method} {0x000001d2641eae68} 'defineClass' '(ZLjava/lang/Object;)Ljava/lang/Class;' in 'java/lang/invoke/MethodHandles$Lookup$ClassDefiner')}
  0x000001d25126e1f0: 48b8 68f0 | 9a79 d201 | 0000 48c7 | c180 0100 | 0074 0748 | c7c1 9001 | 0000 4c8b | 1c08 4d8d 
  0x000001d25126e210: 5b01 4c89 | 1c08 0f84 | 4b02 0000 

  0x000001d25126e21c: ;   {metadata(method data for {method} {0x000001d2641eae68} 'defineClass' '(ZLjava/lang/Object;)Ljava/lang/Class;' in 'java/lang/invoke/MethodHandles$Lookup$ClassDefiner')}
  0x000001d25126e21c: 488b c648 | b968 f09a | 79d2 0100 | 0048 8381 | a001 0000 

  0x000001d25126e230: ;   {metadata(method data for {method} {0x000001d2643e0578} 'lookupClassProtectionDomain' '()Ljava/security/ProtectionDomain;' in 'java/lang/invoke/MethodHandles$Lookup')}
  0x000001d25126e230: 0148 b8a0 | f69a 79d2 | 0100 008b | 88cc 0000 | 0083 c102 | 8988 cc00 | 0000 81e1 | feff 1f00 
  0x000001d25126e250: 85c9 0f84 | 3f06 0000 | 8b46 1848 

  0x000001d25126e25c: ;   {metadata(method data for {method} {0x000001d2643e0578} 'lookupClassProtectionDomain' '()Ljava/security/ProtectionDomain;' in 'java/lang/invoke/MethodHandles$Lookup')}
  0x000001d25126e25c: 85c0 48b9 | a0f6 9a79 | d201 0000 | 49c7 c310 | 0100 0075 | 0749 c7c3 | 2001 0000 | 4e8b 2c19 
  0x000001d25126e27c: 4d8d 6d01 | 4e89 2c19 | 4889 9c24 | a000 0000 | 0f85 bf01 

  0x000001d25126e290: ;   {metadata(method data for {method} {0x000001d2643e0578} 'lookupClassProtectionDomain' '()Ljava/security/ProtectionDomain;' in 'java/lang/invoke/MethodHandles$Lookup')}
  0x000001d25126e290: 0000 48b8 | a0f6 9a79 | d201 0000 | 4883 8030 | 0100 0001 

  0x000001d25126e2a4: ;   {metadata(method data for {method} {0x000001d264473b88} 'getJavaLangAccess' '()Ljdk/internal/access/JavaLangAccess;' in 'jdk/internal/access/SharedSecrets')}
  0x000001d25126e2a4: 48b8 9072 | 1979 d201 | 0000 8b88 | cc00 0000 | 83c1 0289 | 88cc 0000 | 0081 e1fe | ff1f 0085 
  0x000001d25126e2c4: c90f 84ed 

  0x000001d25126e2c8: ;   {oop(a 'java/lang/Class'{0x00000000e068c958} = 'jdk/internal/access/SharedSecrets')}
  0x000001d25126e2c8: 0500 0048 | b858 c968 | e000 0000 | 008b 407c | 8b4e 1048 | 85c0 0f84 | 2a00 0000 

  0x000001d25126e2e4: ;   {metadata('java/lang/System$2')}
  0x000001d25126e2e4: 48be 6082 | 0164 d201 | 0000 448b | 7008 49ba | 0000 0064 | d201 0000 | 4d03 f249 | 3b76 380f 
  0x000001d25126e304: 85d0 0500 | 00e9 0000 | 0000 4c8b | d848 3b00 

  0x000001d25126e314: ;   {metadata(method data for {method} {0x000001d2643e0578} 'lookupClassProtectionDomain' '()Ljava/security/ProtectionDomain;' in 'java/lang/invoke/MethodHandles$Lookup')}
  0x000001d25126e314: 48be a0f6 | 9a79 d201 

  0x000001d25126e31c: ;   {metadata('java/lang/System$2')}
  0x000001d25126e31c: 0000 49ba | 6082 0164 | d201 0000 | 4c89 9650 | 0100 0048 | 8386 5801 

  0x000001d25126e334: ;   {metadata(method data for {method} {0x000001d2640192c8} 'protectionDomain' '(Ljava/lang/Class;)Ljava/security/ProtectionDomain;' in 'java/lang/System$2')}
  0x000001d25126e334: 0000 0148 | bef8 f99a | 79d2 0100 | 008b 86cc | 0000 0083 | c002 8986 | cc00 0000 | 25fe ff1f 
  0x000001d25126e354: 0085 c00f | 8486 0500 | 0048 3b01 

  0x000001d25126e360: ;   {metadata(method data for {method} {0x000001d2640192c8} 'protectionDomain' '(Ljava/lang/Class;)Ljava/security/ProtectionDomain;' in 'java/lang/System$2')}
  0x000001d25126e360: 488b f148 | b8f8 f99a | 79d2 0100 | 0048 8380 | 1001 0000 

  0x000001d25126e374: ;   {metadata(method data for {method} {0x000001d264467bb8} 'protectionDomain' '()Ljava/security/ProtectionDomain;' in 'java/lang/Class')}
  0x000001d25126e374: 0148 be88 | fb9a 79d2 | 0100 008b | 86cc 0000 | 0083 c002 | 8986 cc00 | 0000 25fe | ff1f 0085 
  0x000001d25126e394: c00f 846e | 0500 0048 

  0x000001d25126e39c: ;   {metadata(method data for {method} {0x000001d264467bb8} 'protectionDomain' '()Ljava/security/ProtectionDomain;' in 'java/lang/Class')}
  0x000001d25126e39c: 8bf1 48b8 | 88fb 9a79 | d201 0000 | 4883 8010 | 0100 0001 | 488b d10f 

  0x000001d25126e3b4: ;   {optimized virtual_call}
  0x000001d25126e3b4: 1f40 00e8 

  0x000001d25126e3b8: ; ImmutableOopMap {[144]=Oop [152]=Oop [160]=Oop [168]=Oop [184]=Oop }
                      ;*invokevirtual getProtectionDomain0 {reexecute=0 rethrow=0 return_oop=0}
                      ; - java.lang.Class::protectionDomain@1
                      ; - java.lang.System$2::protectionDomain@1
                      ; - java.lang.invoke.MethodHandles$Lookup::lookupClassProtectionDomain@17
                      ; - java.lang.invoke.MethodHandles$Lookup$ClassDefiner::defineClass@23
  0x000001d25126e3b8: a499 7a07 

  0x000001d25126e3bc: ;   {other}
  0x000001d25126e3bc: 0f1f 8400 | 2c06 0000 

  0x000001d25126e3c4: ;   {metadata(method data for {method} {0x000001d264467bb8} 'protectionDomain' '()Ljava/security/ProtectionDomain;' in 'java/lang/Class')}
  0x000001d25126e3c4: 4885 c049 | b888 fb9a | 79d2 0100 | 0049 c7c1 | 4801 0000 | 7507 49c7 | c158 0100 | 004b 8b3c 
  0x000001d25126e3e4: 0848 8d7f | 014b 893c | 080f 8521 | 0000 000f | 1f44 0000 

  0x000001d25126e3f8: ;   {no_reloc}
  0x000001d25126e3f8: e9a5 0500 | 0000 0000 | 0000 660f | 1f44 0000 

  0x000001d25126e408: ; implicit exception: dispatches to 0x000001d25126e9ac
  0x000001d25126e408: e9b0 0500 | 0090 90e9 | 0300 0000 | 4c8b c048 | 8bb4 2490 | 0000 0045 | 0fbe 4f40 | 4585 c90f 
  0x000001d25126e428: 859a 0500 | 004d 8bd0 | 4489 5618 | f083 4424 | c000 4c8b | ce4d 33c8 | 49c1 e914 | 4983 f900 
  0x000001d25126e448: 0f85 9505 | 0000 498b 

  0x000001d25126e450: ;   {metadata(method data for {method} {0x000001d2641eae68} 'defineClass' '(ZLjava/lang/Object;)Ljava/lang/Class;' in 'java/lang/invoke/MethodHandles$Lookup$ClassDefiner')}
  0x000001d25126e450: c049 b868 | f09a 79d2 | 0100 0041 | ff80 d801 | 0000 e912 | 0000 0048 | 899c 24a0 

  0x000001d25126e46c: ;   {oop(nullptr)}
  0x000001d25126e46c: 0000 0048 | b800 0000 | 0000 0000 | 0048 8b9c | 24a0 0000 | 0048 8bbc | 24a8 0000 | 0048 8b94 
  0x000001d25126e48c: 2498 0000 

  0x000001d25126e490: ;   {metadata(method data for {method} {0x000001d2641eae68} 'defineClass' '(ZLjava/lang/Object;)Ljava/lang/Class;' in 'java/lang/invoke/MethodHandles$Lookup$ClassDefiner')}
  0x000001d25126e490: 0049 b868 | f09a 79d2 | 0100 0049 | 8380 f001 

  0x000001d25126e4a0: ;   {metadata(method data for {method} {0x000001d264473b88} 'getJavaLangAccess' '()Ljdk/internal/access/JavaLangAccess;' in 'jdk/internal/access/SharedSecrets')}
  0x000001d25126e4a0: 0000 0149 | b890 7219 | 79d2 0100 | 0045 8b88 | cc00 0000 | 4183 c102 | 4589 88cc | 0000 0041 
  0x000001d25126e4c0: 81e1 feff | 1f00 4585 | c90f 842c 

  0x000001d25126e4cc: ;   {oop(a 'java/lang/Class'{0x00000000e068c958} = 'jdk/internal/access/SharedSecrets')}
  0x000001d25126e4cc: 0500 0049 | b858 c968 | e000 0000 | 0045 8b70 | 7c8b 7214 | 8b4a 1844 | 8b4a 0c4d | 85f6 0f84 
  0x000001d25126e4ec: 2a00 0000 

  0x000001d25126e4f0: ;   {metadata('java/lang/System$2')}
  0x000001d25126e4f0: 49bb 6082 | 0164 d201 | 0000 458b | 6e08 49ba | 0000 0064 | d201 0000 | 4d03 ea4d | 3b5d 380f 
  0x000001d25126e510: 8507 0500 | 00e9 0000 | 0000 4d8b | c649 3b06 

  0x000001d25126e520: ;   {metadata(method data for {method} {0x000001d2641eae68} 'defineClass' '(ZLjava/lang/Object;)Ljava/lang/Class;' in 'java/lang/invoke/MethodHandles$Lookup$ClassDefiner')}
  0x000001d25126e520: 4d8b c648 | ba68 f09a | 79d2 0100 

  0x000001d25126e52c: ;   {metadata('java/lang/System$2')}
  0x000001d25126e52c: 0049 ba60 | 8201 64d2 | 0100 004c | 8992 1002 | 0000 4883 | 8218 0200 | 0001 4c8b | c349 8bd1 
  0x000001d25126e54c: 4c8b cf48 | 8bfe 488b | f148 8bc8 | 8b84 24b0 | 0000 0089 | 0424 8954 | 2408 488b | 9424 b800 
  0x000001d25126e56c: 0000 4889 | 5424 1049 

  0x000001d25126e574: ;   {optimized virtual_call}
  0x000001d25126e574: 8bd6 90e8 

  0x000001d25126e578: ; ImmutableOopMap {[152]=Oop [168]=Oop }
                      ;*invokeinterface defineClass {reexecute=0 rethrow=0 return_oop=0}
                      ; - java.lang.invoke.MethodHandles$Lookup$ClassDefiner::defineClass@57
  0x000001d25126e578: e4f5 ffff 

  0x000001d25126e57c: ;   {other}
  0x000001d25126e57c: 0f1f 8400 | ec07 0001 

  0x000001d25126e584: ;   {metadata(method data for {method} {0x000001d2641eae68} 'defineClass' '(ZLjava/lang/Object;)Ljava/lang/Class;' in 'java/lang/invoke/MethodHandles$Lookup$ClassDefiner')}
  0x000001d25126e584: 49b8 68f0 | 9a79 d201 | 0000 41ff | 8038 0200 | 0048 8b94 | 2498 0000 | 008b 721c 

  0x000001d25126e5a0: ; implicit exception: dispatches to 0x000001d25126ea26
  0x000001d25126e5a0: 483b 064c 

  0x000001d25126e5a4: ;   {metadata(method data for {method} {0x000001d2641eae68} 'defineClass' '(ZLjava/lang/Object;)Ljava/lang/Class;' in 'java/lang/invoke/MethodHandles$Lookup$ClassDefiner')}
  0x000001d25126e5a4: 8bc6 49b9 | 68f0 9a79 | d201 0000 | 4983 8150 | 0300 0001 | 440f be46 | 0c41 83e0 | 0145 85c0 
  0x000001d25126e5c4: ;   {metadata(method data for {method} {0x000001d2641eae68} 'defineClass' '(ZLjava/lang/Object;)Ljava/lang/Class;' in 'java/lang/invoke/MethodHandles$Lookup$ClassDefiner')}
  0x000001d25126e5c4: 49b8 68f0 | 9a79 d201 | 0000 49c7 | c188 0300 | 0074 0749 | c7c1 9803 | 0000 4b8b | 3c08 488d 
  0x000001d25126e5e4: 7f01 4b89 | 3c08 0f84 | c401 0000 

  0x000001d25126e5f0: ;   {metadata(method data for {method} {0x000001d2641eae68} 'defineClass' '(ZLjava/lang/Object;)Ljava/lang/Class;' in 'java/lang/invoke/MethodHandles$Lookup$ClassDefiner')}
  0x000001d25126e5f0: 4c8b c249 | b968 f09a | 79d2 0100 

  0x000001d25126e5fc: ;   {metadata('java/lang/invoke/MethodHandles$Lookup$ClassDefiner')}
  0x000001d25126e5fc: 0049 ba28 | ac1e 64d2 | 0100 004d | 8991 b803 | 0000 4983 | 81c0 0300 | 0001 8b7a | 1448 85c0 
  0x000001d25126e61c: ;   {metadata(method data for {method} {0x000001d2641eae68} 'defineClass' '(ZLjava/lang/Object;)Ljava/lang/Class;' in 'java/lang/invoke/MethodHandles$Lookup$ClassDefiner')}
  0x000001d25126e61c: 49b8 68f0 | 9a79 d201 | 0000 49c7 | c1e0 0300 | 0074 0749 | c7c1 f003 | 0000 4b8b | 1c08 488d 
  0x000001d25126e63c: 5b01 4b89 | 1c08 0f84 | 2b01 0000 | e9bd 0000 | 0048 8b94 | 2498 0000 | 0049 8b87 | 0005 0000 
  0x000001d25126e65c: 4d33 d24d | 8997 0005 | 0000 4d33 | d24d 8997 | 0805 0000 | 8b72 1c48 | 3b06 4c8b 

  0x000001d25126e678: ;   {metadata(method data for {method} {0x000001d2641eae68} 'defineClass' '(ZLjava/lang/Object;)Ljava/lang/Class;' in 'java/lang/invoke/MethodHandles$Lookup$ClassDefiner')}
  0x000001d25126e678: c649 b968 | f09a 79d2 | 0100 0049 | 8381 8804 | 0000 0144 | 0fbe 460c | 4183 e001 

  0x000001d25126e694: ;   {metadata(method data for {method} {0x000001d2641eae68} 'defineClass' '(ZLjava/lang/Object;)Ljava/lang/Class;' in 'java/lang/invoke/MethodHandles$Lookup$ClassDefiner')}
  0x000001d25126e694: 4585 c049 | b868 f09a | 79d2 0100 | 0049 c7c1 | c004 0000 | 7407 49c7 | c1d0 0400 | 004b 8b3c 
  0x000001d25126e6b4: 0848 8d7f | 014b 893c | 080f 8441 | 0100 004c 

  0x000001d25126e6c4: ;   {metadata(method data for {method} {0x000001d2641eae68} 'defineClass' '(ZLjava/lang/Object;)Ljava/lang/Class;' in 'java/lang/invoke/MethodHandles$Lookup$ClassDefiner')}
  0x000001d25126e6c4: 8bc2 49b9 | 68f0 9a79 | d201 0000 

  0x000001d25126e6d0: ;   {metadata('java/lang/invoke/MethodHandles$Lookup$ClassDefiner')}
  0x000001d25126e6d0: 49ba 28ac | 1e64 d201 | 0000 4d89 | 91f0 0400 | 0049 8381 | f804 0000 | 018b 7a14 

  0x000001d25126e6ec: ;   {metadata(method data for {method} {0x000001d2641eae68} 'defineClass' '(ZLjava/lang/Object;)Ljava/lang/Class;' in 'java/lang/invoke/MethodHandles$Lookup$ClassDefiner')}
  0x000001d25126e6ec: 49b8 68f0 | 9a79 d201 | 0000 41ff | 8018 0500 | 0048 8984 | 24c8 0000 | 00e9 c000 | 0000 8b52 
  0x000001d25126e70c: 184c 8bc6 

  0x000001d25126e710: ;   {metadata(method data for {method} {0x000001d2641eae68} 'defineClass' '(ZLjava/lang/Object;)Ljava/lang/Class;' in 'java/lang/invoke/MethodHandles$Lookup$ClassDefiner')}
  0x000001d25126e710: 49b9 68f0 | 9a79 d201 | 0000 4983 | 8100 0400 | 0001 4c8b | c74c 8bc8 | 488b fa48 | 8bd6 4889 
  0x000001d25126e730: 8424 c000 

  0x000001d25126e734: ;   {optimized virtual_call}
  0x000001d25126e734: 0000 90e8 

  0x000001d25126e738: ; ImmutableOopMap {[192]=Oop }
                      ;*invokevirtual dumpClass {reexecute=0 rethrow=0 return_oop=0}
                      ; - java.lang.invoke.MethodHandles$Lookup$ClassDefiner::defineClass@134
  0x000001d25126e738: 4403 f806 

  0x000001d25126e73c: ;   {other}
  0x000001d25126e73c: 0f1f 8400 | ac09 0002 

  0x000001d25126e744: ;   {metadata(method data for {method} {0x000001d2641eae68} 'defineClass' '(ZLjava/lang/Object;)Ljava/lang/Class;' in 'java/lang/invoke/MethodHandles$Lookup$ClassDefiner')}
  0x000001d25126e744: 49b8 68f0 | 9a79 d201 | 0000 41ff | 8038 0400 | 0048 8b84 | 24c0 0000 | 0048 81c4 | e000 0000 
  0x000001d25126e764: ;   {poll_return}
  0x000001d25126e764: 5d49 3ba7 | 5004 0000 | 0f87 be02 | 0000 c348 | 8984 24c0 | 0000 0044 | 8b4a 184c 

  0x000001d25126e780: ;   {metadata(method data for {method} {0x000001d2641eae68} 'defineClass' '(ZLjava/lang/Object;)Ljava/lang/Class;' in 'java/lang/invoke/MethodHandles$Lookup$ClassDefiner')}
  0x000001d25126e780: 8bc6 48ba | 68f0 9a79 | d201 0000 | 4883 8250 | 0400 0001 | 4c8b c748 | 8bd6 0f1f 

  0x000001d25126e79c: ;   {optimized virtual_call}
  0x000001d25126e79c: 4400 00e8 

  0x000001d25126e7a0: ; ImmutableOopMap {[192]=Oop }
                      ;*invokevirtual dumpFailedClass {reexecute=0 rethrow=0 return_oop=0}
                      ; - java.lang.invoke.MethodHandles$Lookup$ClassDefiner::defineClass@150
  0x000001d25126e7a0: dc02 f806 

  0x000001d25126e7a4: ;   {other}
  0x000001d25126e7a4: 0f1f 8400 | 140a 0003 | 488b 8424 | c000 0000 | 4881 c4e0 | 0000 005d 

  0x000001d25126e7bc: ;   {poll_return}
  0x000001d25126e7bc: 493b a750 | 0400 000f | 877d 0200 | 00c3 448b | 4a18 4c8b 

  0x000001d25126e7d0: ;   {metadata(method data for {method} {0x000001d2641eae68} 'defineClass' '(ZLjava/lang/Object;)Ljava/lang/Class;' in 'java/lang/invoke/MethodHandles$Lookup$ClassDefiner')}
  0x000001d25126e7d0: c648 ba68 | f09a 79d2 | 0100 0048 | 8382 8805 | 0000 014c | 8bc7 488b | d666 0f1f 

  0x000001d25126e7ec: ;   {optimized virtual_call}
  0x000001d25126e7ec: 4400 00e8 

  0x000001d25126e7f0: ; ImmutableOopMap {[200]=Oop }
                      ;*invokevirtual dumpFailedClass {reexecute=0 rethrow=0 return_oop=0}
                      ; - java.lang.invoke.MethodHandles$Lookup$ClassDefiner::defineClass@207
  0x000001d25126e7f0: 8c02 f806 

  0x000001d25126e7f4: ;   {other}
  0x000001d25126e7f4: 0f1f 8400 | 640a 0004 | 488b 8424 | c800 0000 | e970 0200 

  0x000001d25126e808: ;   {metadata({method} {0x000001d2641eae68} 'defineClass' '(ZLjava/lang/Object;)Ljava/lang/Class;' in 'java/lang/invoke/MethodHandles$Lookup$ClassDefiner')}
  0x000001d25126e808: 0049 ba60 | ae1e 64d2 | 0100 004c | 8954 2408 | 48c7 0424 | ffff ffff 

  0x000001d25126e820: ;   {runtime_call counter_overflow Runtime1 stub}
  0x000001d25126e820: e8db 1104 

  0x000001d25126e824: ; ImmutableOopMap {rdx=Oop r9=Oop [152]=Oop [184]=Oop }
                      ;*synchronization entry
                      ; - java.lang.invoke.MethodHandles$Lookup$ClassDefiner::defineClass@-1
  0x000001d25126e824: 07e9 74f8 

  0x000001d25126e828: ;   {runtime_call throw_null_pointer_exception Runtime1 stub}
  0x000001d25126e828: ffff e8d1 

  0x000001d25126e82c: ; ImmutableOopMap {rdx=Oop r9=Oop rsi=Oop [144]=Oop [152]=Oop [184]=Oop }
                      ;*invokevirtual lookupClass {reexecute=0 rethrow=0 return_oop=0}
                      ; - java.lang.invoke.MethodHandles$Lookup$ClassDefiner::defineClass@4
                      ;   {runtime_call throw_null_pointer_exception Runtime1 stub}
  0x000001d25126e82c: c003 07e8 

  0x000001d25126e830: ; ImmutableOopMap {rdx=Oop r9=Oop rsi=Oop rdi=Oop [144]=Oop [152]=Oop [168]=Oop [184]=Oop }
                      ;*invokevirtual getClassLoader {reexecute=0 rethrow=0 return_oop=0}
                      ; - java.lang.invoke.MethodHandles$Lookup$ClassDefiner::defineClass@9
  0x000001d25126e830: ccc0 0307 

  0x000001d25126e834: ;   {metadata({method} {0x000001d264468e60} 'getClassLoader' '()Ljava/lang/ClassLoader;' in 'java/lang/Class')}
  0x000001d25126e834: 49ba 588e | 4664 d201 | 0000 4c89 | 5424 0848 | c704 24ff 

  0x000001d25126e848: ;   {runtime_call counter_overflow Runtime1 stub}
  0x000001d25126e848: ffff ffe8 

  0x000001d25126e84c: ; ImmutableOopMap {rdx=Oop r9=Oop rsi=Oop rdi=Oop [144]=Oop [152]=Oop [168]=Oop [184]=Oop }
                      ;*synchronization entry
                      ; - java.lang.Class::getClassLoader@-1
                      ; - java.lang.invoke.MethodHandles$Lookup$ClassDefiner::defineClass@9
  0x000001d25126e84c: b011 0407 | e9b5 f8ff 

  0x000001d25126e854: ;   {metadata({method} {0x000001d26401b1d0} 'getSecurityManager' '()Ljava/lang/SecurityManager;' in 'java/lang/System')}
  0x000001d25126e854: ff49 bac8 | b101 64d2 | 0100 004c | 8954 2408 | 48c7 0424 | ffff ffff 

  0x000001d25126e86c: ;   {runtime_call counter_overflow Runtime1 stub}
  0x000001d25126e86c: e88f 1104 

  0x000001d25126e870: ; ImmutableOopMap {rdx=Oop r9=Oop rsi=Oop rdi=Oop rbx=Oop [144]=Oop [152]=Oop [168]=Oop [184]=Oop }
                      ;*synchronization entry
                      ; - java.lang.System::getSecurityManager@-1
                      ; - java.lang.Class::getClassLoader@11
                      ; - java.lang.invoke.MethodHandles$Lookup$ClassDefiner::defineClass@9
  0x000001d25126e870: 07e9 0ef9 

  0x000001d25126e874: ;   {metadata({method} {0x000001d26401b2e8} 'allowSecurityManager' '()Z' in 'java/lang/System')}
  0x000001d25126e874: ffff 49ba | e0b2 0164 | d201 0000 | 4c89 5424 | 0848 c704 | 24ff ffff 

  0x000001d25126e88c: ;   {runtime_call counter_overflow Runtime1 stub}
  0x000001d25126e88c: ffe8 6e11 

  0x000001d25126e890: ; ImmutableOopMap {rdx=Oop r9=Oop rsi=Oop rdi=Oop rbx=Oop [144]=Oop [152]=Oop [168]=Oop [184]=Oop }
                      ;*synchronization entry
                      ; - java.lang.System::allowSecurityManager@-1
                      ; - java.lang.System::getSecurityManager@0
                      ; - java.lang.Class::getClassLoader@11
                      ; - java.lang.invoke.MethodHandles$Lookup$ClassDefiner::defineClass@9
  0x000001d25126e890: 0407 e926 

  0x000001d25126e894: ;   {metadata({method} {0x000001d2643e0578} 'lookupClassProtectionDomain' '()Ljava/security/ProtectionDomain;' in 'java/lang/invoke/MethodHandles$Lookup')}
  0x000001d25126e894: f9ff ff49 | ba70 053e | 64d2 0100 | 004c 8954 | 2408 48c7 | 0424 ffff 

  0x000001d25126e8ac: ;   {runtime_call counter_overflow Runtime1 stub}
  0x000001d25126e8ac: ffff e84d 

  0x000001d25126e8b0: ; ImmutableOopMap {rdx=Oop r9=Oop rsi=Oop rdi=Oop rbx=Oop [144]=Oop [152]=Oop [168]=Oop [184]=Oop }
                      ;*synchronization entry
                      ; - java.lang.invoke.MethodHandles$Lookup::lookupClassProtectionDomain@-1
                      ; - java.lang.invoke.MethodHandles$Lookup$ClassDefiner::defineClass@23
  0x000001d25126e8b0: 1104 07e9 | a0f9 ffff 

  0x000001d25126e8b8: ;   {metadata({method} {0x000001d264473b88} 'getJavaLangAccess' '()Ljdk/internal/access/JavaLangAccess;' in 'jdk/internal/access/SharedSecrets')}
  0x000001d25126e8b8: 49ba 803b | 4764 d201 | 0000 4c89 | 5424 0848 | c704 24ff 

  0x000001d25126e8cc: ;   {runtime_call counter_overflow Runtime1 stub}
  0x000001d25126e8cc: ffff ffe8 

  0x000001d25126e8d0: ; ImmutableOopMap {rsi=Oop [144]=Oop [152]=Oop [160]=Oop [168]=Oop [184]=Oop }
                      ;*synchronization entry
                      ; - jdk.internal.access.SharedSecrets::getJavaLangAccess@-1
                      ; - java.lang.invoke.MethodHandles$Lookup::lookupClassProtectionDomain@10
                      ; - java.lang.invoke.MethodHandles$Lookup$ClassDefiner::defineClass@23
  0x000001d25126e8d0: 2c11 0407 | e9f2 f9ff 

  0x000001d25126e8d8: ;   {runtime_call throw_incompatible_class_change_error Runtime1 stub}
  0x000001d25126e8d8: ffe8 22e7 

  0x000001d25126e8dc: ; ImmutableOopMap {rax=Oop rcx=Oop [144]=Oop [152]=Oop [160]=Oop [168]=Oop [184]=Oop }
                      ;*invokeinterface protectionDomain {reexecute=0 rethrow=0 return_oop=0}
                      ; - java.lang.invoke.MethodHandles$Lookup::lookupClassProtectionDomain@17
                      ; - java.lang.invoke.MethodHandles$Lookup$ClassDefiner::defineClass@23
                      ;   {runtime_call throw_null_pointer_exception Runtime1 stub}
  0x000001d25126e8dc: 0307 e81d 

  0x000001d25126e8e0: ; ImmutableOopMap {rax=Oop rcx=Oop [144]=Oop [152]=Oop [160]=Oop [168]=Oop [184]=Oop }
                      ;*invokeinterface protectionDomain {reexecute=0 rethrow=0 return_oop=0}
                      ; - java.lang.invoke.MethodHandles$Lookup::lookupClassProtectionDomain@17
                      ; - java.lang.invoke.MethodHandles$Lookup$ClassDefiner::defineClass@23
                      ;   {metadata({method} {0x000001d2640192c8} 'protectionDomain' '(Ljava/lang/Class;)Ljava/security/ProtectionDomain;' in 'java/lang/System$2')}
  0x000001d25126e8e0: c003 0749 | bac0 9201 | 64d2 0100 | 004c 8954 | 2408 48c7 | 0424 ffff 

  0x000001d25126e8f8: ;   {runtime_call counter_overflow Runtime1 stub}
  0x000001d25126e8f8: ffff e801 

  0x000001d25126e8fc: ; ImmutableOopMap {rcx=Oop [144]=Oop [152]=Oop [160]=Oop [168]=Oop [184]=Oop }
                      ;*synchronization entry
                      ; - java.lang.System$2::protectionDomain@-1
                      ; - java.lang.invoke.MethodHandles$Lookup::lookupClassProtectionDomain@17
                      ; - java.lang.invoke.MethodHandles$Lookup$ClassDefiner::defineClass@23
  0x000001d25126e8fc: 1104 07e9 | 59fa ffff 

  0x000001d25126e904: ;   {runtime_call throw_null_pointer_exception Runtime1 stub}
  0x000001d25126e904: e8f7 bf03 

  0x000001d25126e908: ; ImmutableOopMap {rcx=Oop [144]=Oop [152]=Oop [160]=Oop [168]=Oop [184]=Oop }
                      ;*invokevirtual protectionDomain {reexecute=0 rethrow=0 return_oop=0}
                      ; - java.lang.System$2::protectionDomain@1
                      ; - java.lang.invoke.MethodHandles$Lookup::lookupClassProtectionDomain@17
                      ; - java.lang.invoke.MethodHandles$Lookup$ClassDefiner::defineClass@23
                      ;   {metadata({method} {0x000001d264467bb8} 'protectionDomain' '()Ljava/security/ProtectionDomain;' in 'java/lang/Class')}
  0x000001d25126e908: 0749 bab0 | 7b46 64d2 | 0100 004c | 8954 2408 | 48c7 0424 | ffff ffff 

  0x000001d25126e920: ;   {runtime_call counter_overflow Runtime1 stub}
  0x000001d25126e920: e8db 1004 

  0x000001d25126e924: ; ImmutableOopMap {rcx=Oop [144]=Oop [152]=Oop [160]=Oop [168]=Oop [184]=Oop }
                      ;*synchronization entry
                      ; - java.lang.Class::protectionDomain@-1
                      ; - java.lang.System$2::protectionDomain@1
                      ; - java.lang.invoke.MethodHandles$Lookup::lookupClassProtectionDomain@17
                      ; - java.lang.invoke.MethodHandles$Lookup$ClassDefiner::defineClass@23
  0x000001d25126e924: 07e9 71fa 

  0x000001d25126e928: ;   {oop(nullptr)}
  0x000001d25126e928: ffff 49b8 | 0000 0000 | 0000 0000 | 5053 498b | 5810 5756 | 5251 4150 | 4151 4152 | 4153 4883 
  0x000001d25126e948: ec20 40f6 | c40f 0f84 | 1900 0000 | 4883 ec08 

  0x000001d25126e958: ;   {runtime_call}
  0x000001d25126e958: 48b8 a0a0 | 2f00 fa7f | 0000 ffd0 | 4883 c408 | e90c 0000 

  0x000001d25126e96c: ;   {runtime_call}
  0x000001d25126e96c: 0048 b8a0 | a02f 00fa | 7f00 00ff | d048 83c4 | 2041 5b41 | 5a41 5941 | 5859 5a5e | 5f48 3b83 
  0x000001d25126e98c: 3801 0000 | 5b58 0f85 | 0a00 0000 | e965 faff | ffb8 0078 

  0x000001d25126e9a0: ;   {runtime_call load_mirror_patching Runtime1 stub}
  0x000001d25126e9a0: 6e0a e859 

  0x000001d25126e9a4: ; ImmutableOopMap {[144]=Oop [152]=Oop [160]=Oop [168]=Oop [184]=Oop }
                      ;*getstatic allPermDomain {reexecute=1 rethrow=0 return_oop=0}
                      ; - (reexecute) java.lang.Class::protectionDomain@9
                      ; - java.lang.System$2::protectionDomain@1
                      ; - java.lang.invoke.MethodHandles$Lookup::lookupClassProtectionDomain@17
                      ; - java.lang.invoke.MethodHandles$Lookup$ClassDefiner::defineClass@23
  0x000001d25126e9a4: 0404 07e9 | 4cfa ffff 

  0x000001d25126e9ac: ;   {runtime_call throw_null_pointer_exception Runtime1 stub}
  0x000001d25126e9ac: e84f bf03 

  0x000001d25126e9b0: ; ImmutableOopMap {r8=Oop [144]=Oop [152]=Oop [160]=Oop [168]=Oop [184]=Oop }
                      ;*getstatic allPermDomain {reexecute=1 rethrow=0 return_oop=0}
                      ; - (reexecute) java.lang.Class::protectionDomain@9
                      ; - java.lang.System$2::protectionDomain@1
                      ; - java.lang.invoke.MethodHandles$Lookup::lookupClassProtectionDomain@17
                      ; - java.lang.invoke.MethodHandles$Lookup$ClassDefiner::defineClass@23
  0x000001d25126e9b0: 0745 8b80 | 0000 0000 | b800 0c05 

  0x000001d25126e9bc: ;   {runtime_call access_field_patching Runtime1 stub}
  0x000001d25126e9bc: 07e8 3efb 

  0x000001d25126e9c0: ; ImmutableOopMap {r8=Oop [144]=Oop [152]=Oop [160]=Oop [168]=Oop [184]=Oop }
                      ;*getstatic allPermDomain {reexecute=1 rethrow=0 return_oop=0}
                      ; - (reexecute) java.lang.Class::protectionDomain@9
                      ; - java.lang.System$2::protectionDomain@1
                      ; - java.lang.invoke.MethodHandles$Lookup::lookupClassProtectionDomain@17
                      ; - java.lang.invoke.MethodHandles$Lookup$ClassDefiner::defineClass@23
  0x000001d25126e9c0: 0307 e941 | faff ff44 | 8b4e 1849 | 83f9 000f | 8458 faff | ff4c 890c 

  0x000001d25126e9d8: ;   {runtime_call g1_pre_barrier_slow}
  0x000001d25126e9d8: 24e8 a21f | 0407 e94a | faff ff49 | 83f8 000f | 8461 faff | ff48 8934 

  0x000001d25126e9f0: ;   {runtime_call g1_post_barrier_slow}
  0x000001d25126e9f0: 24e8 8a1c | 0407 e953 

  0x000001d25126e9f8: ;   {metadata({method} {0x000001d264473b88} 'getJavaLangAccess' '()Ljdk/internal/access/JavaLangAccess;' in 'jdk/internal/access/SharedSecrets')}
  0x000001d25126e9f8: faff ff49 | ba80 3b47 | 64d2 0100 | 004c 8954 | 2408 48c7 | 0424 ffff 

  0x000001d25126ea10: ;   {runtime_call counter_overflow Runtime1 stub}
  0x000001d25126ea10: ffff e8e9 

  0x000001d25126ea14: ; ImmutableOopMap {rax=Oop rdi=Oop rbx=Oop rdx=Oop [152]=Oop [168]=Oop [184]=Oop }
                      ;*synchronization entry
                      ; - jdk.internal.access.SharedSecrets::getJavaLangAccess@-1
                      ; - java.lang.invoke.MethodHandles$Lookup$ClassDefiner::defineClass@35
  0x000001d25126ea14: 0f04 07e9 | b3fa ffff 

  0x000001d25126ea1c: ;   {runtime_call throw_incompatible_class_change_error Runtime1 stub}
  0x000001d25126ea1c: e8df e503 

  0x000001d25126ea20: ; ImmutableOopMap {rax=Oop rdi=Oop rbx=Oop r14=Oop rsi=Oop rcx=Oop [152]=Oop [168]=Oop [184]=Oop }
                      ;*invokeinterface defineClass {reexecute=0 rethrow=0 return_oop=0}
                      ; - java.lang.invoke.MethodHandles$Lookup$ClassDefiner::defineClass@57
                      ;   {runtime_call throw_null_pointer_exception Runtime1 stub}
  0x000001d25126ea20: 07e8 dabe 

  0x000001d25126ea24: ; ImmutableOopMap {rax=Oop rdi=Oop rbx=Oop r14=Oop rsi=Oop rcx=Oop [152]=Oop [168]=Oop [184]=Oop }
                      ;*invokeinterface defineClass {reexecute=0 rethrow=0 return_oop=0}
                      ; - java.lang.invoke.MethodHandles$Lookup$ClassDefiner::defineClass@57
                      ;   {runtime_call throw_null_pointer_exception Runtime1 stub}
  0x000001d25126ea24: 0307 e8d5 

  0x000001d25126ea28: ; ImmutableOopMap {rax=Oop rdx=Oop rsi=Oop [152]=Oop }
                      ;*invokevirtual isEnabled {reexecute=0 rethrow=0 return_oop=0}
                      ; - java.lang.invoke.MethodHandles$Lookup$ClassDefiner::defineClass@105
                      ;   {runtime_call throw_null_pointer_exception Runtime1 stub}
  0x000001d25126ea28: be03 07e8 

  0x000001d25126ea2c: ; ImmutableOopMap {rdx=Oop rax=Oop rsi=Oop [152]=Oop }
                      ;*invokevirtual isEnabled {reexecute=0 rethrow=0 return_oop=0}
                      ; - java.lang.invoke.MethodHandles$Lookup$ClassDefiner::defineClass@162
  0x000001d25126ea2c: d0be 0307 

  0x000001d25126ea30: ;   {internal_word}
  0x000001d25126ea30: 49ba 65e7 | 2651 d201 | 0000 4d89 | 9768 0400 

  0x000001d25126ea40: ;   {runtime_call SafepointBlob}
  0x000001d25126ea40: 00e9 3a6a 

  0x000001d25126ea44: ;   {internal_word}
  0x000001d25126ea44: f806 49ba | bce7 2651 | d201 0000 | 4d89 9768 

  0x000001d25126ea54: ;   {runtime_call SafepointBlob}
  0x000001d25126ea54: 0400 00e9 | 246a f806 | 498b 8700 | 0500 0049 | c787 0005 | 0000 0000 | 0000 49c7 | 8708 0500 
  0x000001d25126ea74: 0000 0000 | 0048 81c4 | e000 0000 

  0x000001d25126ea80: ;   {runtime_call unwind_exception Runtime1 stub}
  0x000001d25126ea80: 5de9 7aaf | 0307 f4f4 
[Stub Code]
  0x000001d25126ea88: ;   {no_reloc}
  0x000001d25126ea88: 0f1f 4400 

  0x000001d25126ea8c: ;   {static_stub}
  0x000001d25126ea8c: 0048 bb00 | 0000 0000 

  0x000001d25126ea94: ;   {runtime_call nmethod}
  0x000001d25126ea94: 0000 00e9 | fbff ffff 

  0x000001d25126ea9c: ;   {static_stub}
  0x000001d25126ea9c: 48bb 487b | 4664 d201 

  0x000001d25126eaa4: ;   {runtime_call I2C/C2I adapters}
  0x000001d25126eaa4: 0000 e9b8 

  0x000001d25126eaa8: ;   {static_stub}
  0x000001d25126eaa8: 49f8 0648 | bb00 0000 | 0000 0000 

  0x000001d25126eab4: ;   {runtime_call nmethod}
  0x000001d25126eab4: 00e9 fbff 

  0x000001d25126eab8: ;   {static_stub}
  0x000001d25126eab8: ffff 48bb | 0000 0000 | 0000 0000 

  0x000001d25126eac4: ;   {runtime_call nmethod}
  0x000001d25126eac4: e9fb ffff 

  0x000001d25126eac8: ;   {runtime_call handle_exception_from_callee Runtime1 stub}
  0x000001d25126eac8: ffe8 32dc 

  0x000001d25126eacc: ;   {external_word}
  0x000001d25126eacc: 0307 48b9 | 5063 cf00 | fa7f 0000 | 4883 e4f0 

  0x000001d25126eadc: ;   {runtime_call}
  0x000001d25126eadc: 48b8 c0c9 | 9100 fa7f | 0000 ffd0 

  0x000001d25126eae8: ;   {section_word}
  0x000001d25126eae8: f449 bae9 | ea26 51d2 | 0100 0041 

  0x000001d25126eaf4: ;   {runtime_call DeoptimizationBlob}
  0x000001d25126eaf4: 52e9 265c | f806 f4f4 | f4f4 f4f4 
[/MachCode]


---------------  P R O C E S S  ---------------

Threads class SMR info:
_java_thread_list=0x000001d27eb64750, length=38, elements={
0x000001d24db52bf0, 0x000001d27d0127a0, 0x000001d27d013b50, 0x000001d27d017500,
0x000001d27d018310, 0x000001d27d01d0e0, 0x000001d27d01e2e0, 0x000001d27d01f070,
0x000001d27d027c80, 0x000001d27d2304b0, 0x000001d27d227ef0, 0x000001d27eea8620,
0x000001d27ec5c590, 0x000001d27e50cdf0, 0x000001d27db6f4e0, 0x000001d27ec53640,
0x000001d27ec88e00, 0x000001d27ec8b480, 0x000001d27d449a90, 0x000001d27d44b4d0,
0x000001d27d44c1f0, 0x000001d27d44a120, 0x000001d27d44ae40, 0x000001d27d44bb60,
0x000001d27d448d70, 0x000001d27f66fed0, 0x000001d27f671910, 0x000001d27f670560,
0x000001d27f670bf0, 0x000001d27f66e490, 0x000001d27f671fa0, 0x000001d27f66eb20,
0x000001d27f672cc0, 0x000001d27f673350, 0x000001d27f672630, 0x000001d27f675420,
0x000001d27f6739e0, 0x000001d27f674700
}

Java Threads: ( => current thread )
  0x000001d24db52bf0 JavaThread "main"                              [_thread_blocked, id=32072, stack(0x0000009f57300000,0x0000009f57400000) (1024K)]
  0x000001d27d0127a0 JavaThread "Reference Handler"          daemon [_thread_blocked, id=32404, stack(0x0000009f57b00000,0x0000009f57c00000) (1024K)]
  0x000001d27d013b50 JavaThread "Finalizer"                  daemon [_thread_blocked, id=32408, stack(0x0000009f57c00000,0x0000009f57d00000) (1024K)]
  0x000001d27d017500 JavaThread "Signal Dispatcher"          daemon [_thread_blocked, id=32412, stack(0x0000009f57d00000,0x0000009f57e00000) (1024K)]
  0x000001d27d018310 JavaThread "Attach Listener"            daemon [_thread_blocked, id=32416, stack(0x0000009f57e00000,0x0000009f57f00000) (1024K)]
  0x000001d27d01d0e0 JavaThread "Service Thread"             daemon [_thread_blocked, id=32424, stack(0x0000009f57f00000,0x0000009f58000000) (1024K)]
  0x000001d27d01e2e0 JavaThread "Monitor Deflation Thread"   daemon [_thread_blocked, id=32428, stack(0x0000009f58000000,0x0000009f58100000) (1024K)]
  0x000001d27d01f070 JavaThread "C2 CompilerThread0"         daemon [_thread_blocked, id=32432, stack(0x0000009f58100000,0x0000009f58200000) (1024K)]
  0x000001d27d027c80 JavaThread "C1 CompilerThread0"         daemon [_thread_blocked, id=32444, stack(0x0000009f58200000,0x0000009f58300000) (1024K)]
  0x000001d27d2304b0 JavaThread "Common-Cleaner"             daemon [_thread_blocked, id=32760, stack(0x0000009f58600000,0x0000009f58700000) (1024K)]
  0x000001d27d227ef0 JavaThread "Notification Thread"        daemon [_thread_blocked, id=31940, stack(0x0000009f58700000,0x0000009f58800000) (1024K)]
  0x000001d27eea8620 JavaThread "Daemon health stats"               [_thread_blocked, id=15784, stack(0x0000009f58b00000,0x0000009f58c00000) (1024K)]
  0x000001d27ec5c590 JavaThread "Incoming local TCP Connector on port 57293"        [_thread_in_native, id=33824, stack(0x0000009f58c00000,0x0000009f58d00000) (1024K)]
  0x000001d27e50cdf0 JavaThread "Daemon periodic checks"            [_thread_blocked, id=36504, stack(0x0000009f57100000,0x0000009f57200000) (1024K)]
  0x000001d27db6f4e0 JavaThread "Daemon"                            [_thread_blocked, id=38236, stack(0x0000009f58e00000,0x0000009f58f00000) (1024K)]
  0x000001d27ec53640 JavaThread "Handler for socket connection from /127.0.0.1:57293 to /127.0.0.1:64630"        [_thread_in_native, id=38232, stack(0x0000009f58f00000,0x0000009f59000000) (1024K)]
  0x000001d27ec88e00 JavaThread "Cancel handler"                    [_thread_blocked, id=4980, stack(0x0000009f59000000,0x0000009f59100000) (1024K)]
=>0x000001d27ec8b480 JavaThread "Daemon worker"                     [_thread_in_vm, id=8916, stack(0x0000009f59100000,0x0000009f59200000) (1024K)]
  0x000001d27d449a90 JavaThread "Asynchronous log dispatcher for DefaultDaemonConnection: socket connection from /127.0.0.1:57293 to /127.0.0.1:64630"        [_thread_blocked, id=32896, stack(0x0000009f59200000,0x0000009f59300000) (1024K)]
  0x000001d27d44b4d0 JavaThread "Stdin handler"                     [_thread_blocked, id=32908, stack(0x0000009f59300000,0x0000009f59400000) (1024K)]
  0x000001d27d44c1f0 JavaThread "Daemon client event forwarder"        [_thread_blocked, id=33068, stack(0x0000009f59400000,0x0000009f59500000) (1024K)]
  0x000001d27d44a120 JavaThread "Cache worker for journal cache (C:\Users\chae0\.gradle\caches\journal-1)"        [_thread_blocked, id=36056, stack(0x0000009f59600000,0x0000009f59700000) (1024K)]
  0x000001d27d44ae40 JavaThread "File lock request listener"        [_thread_in_native, id=35996, stack(0x0000009f59700000,0x0000009f59800000) (1024K)]
  0x000001d27d44bb60 JavaThread "Cache worker for file hash cache (C:\Users\chae0\.gradle\caches\9.4.1\fileHashes)"        [_thread_blocked, id=39716, stack(0x0000009f59f00000,0x0000009f5a000000) (1024K)]
  0x000001d27d448d70 JavaThread "File lock release action executor"        [_thread_blocked, id=36672, stack(0x0000009f5a100000,0x0000009f5a200000) (1024K)]
  0x000001d27f66fed0 JavaThread "Cache worker for file hash cache (C:\qring-backend\.gradle\9.4.1\fileHashes)"        [_thread_blocked, id=35432, stack(0x0000009f59500000,0x0000009f59600000) (1024K)]
  0x000001d27f671910 JavaThread "Cache worker for Build Output Cleanup Cache (C:\qring-backend\.gradle\buildOutputCleanup)"        [_thread_blocked, id=39708, stack(0x0000009f5a300000,0x0000009f5a400000) (1024K)]
  0x000001d27f670560 JavaThread "File watcher server"        daemon [_thread_in_native, id=35124, stack(0x0000009f5a400000,0x0000009f5a500000) (1024K)]
  0x000001d27f670bf0 JavaThread "File watcher consumer"      daemon [_thread_blocked, id=35144, stack(0x0000009f5a500000,0x0000009f5a600000) (1024K)]
  0x000001d27f66e490 JavaThread "Cache worker for file content cache (C:\Users\chae0\.gradle\caches\9.4.1\fileContent)"        [_thread_blocked, id=34512, stack(0x0000009f5a600000,0x0000009f5a700000) (1024K)]
  0x000001d27f671fa0 JavaThread "Cache worker for checksums cache (C:\qring-backend\.gradle\9.4.1\checksums)"        [_thread_blocked, id=34380, stack(0x0000009f5a700000,0x0000009f5a800000) (1024K)]
  0x000001d27f66eb20 JavaThread "Cache worker for cache directory md-supplier (C:\Users\chae0\.gradle\caches\9.4.1\md-supplier)"        [_thread_blocked, id=31848, stack(0x0000009f5a900000,0x0000009f5aa00000) (1024K)]
  0x000001d27f672cc0 JavaThread "Cache worker for cache directory md-rule (C:\Users\chae0\.gradle\caches\9.4.1\md-rule)"        [_thread_blocked, id=36496, stack(0x0000009f5aa00000,0x0000009f5ab00000) (1024K)]
  0x000001d27f673350 JavaThread "jar transforms"                    [_thread_blocked, id=37528, stack(0x0000009f58d00000,0x0000009f58e00000) (1024K)]
  0x000001d27f672630 JavaThread "jar transforms Thread 2"           [_thread_blocked, id=34356, stack(0x0000009f5a800000,0x0000009f5a900000) (1024K)]
  0x000001d27f675420 JavaThread "jar transforms Thread 3"           [_thread_blocked, id=36540, stack(0x0000009f5ab00000,0x0000009f5ac00000) (1024K)]
  0x000001d27f6739e0 JavaThread "jar transforms Thread 4"           [_thread_blocked, id=30388, stack(0x0000009f57000000,0x0000009f57100000) (1024K)]
  0x000001d27f674700 JavaThread "jar transforms Thread 5"           [_thread_blocked, id=35540, stack(0x0000009f58a00000,0x0000009f58b00000) (1024K)]
Total: 38

Other Threads:
  0x000001d263fa2cd0 VMThread "VM Thread"                           [id=32340, stack(0x0000009f57a00000,0x0000009f57b00000) (1024K)] _threads_hazard_ptr=0x000001d27eb64750
  0x000001d263f97710 WatcherThread "VM Periodic Task Thread"        [id=32328, stack(0x0000009f57900000,0x0000009f57a00000) (1024K)]
  0x000001d24db7e290 WorkerThread "GC Thread#0"                     [id=32264, stack(0x0000009f57400000,0x0000009f57500000) (1024K)]
  0x000001d27d09b5b0 WorkerThread "GC Thread#1"                     [id=33204, stack(0x0000009f58300000,0x0000009f58400000) (1024K)]
  0x000001d27d09b960 WorkerThread "GC Thread#2"                     [id=36196, stack(0x0000009f58400000,0x0000009f58500000) (1024K)]
  0x000001d27d09bd10 WorkerThread "GC Thread#3"                     [id=31908, stack(0x0000009f58500000,0x0000009f58600000) (1024K)]
  0x000001d27d09c0c0 WorkerThread "GC Thread#4"                     [id=20048, stack(0x0000009f58800000,0x0000009f58900000) (1024K)]
  0x000001d27d09c470 WorkerThread "GC Thread#5"                     [id=27908, stack(0x0000009f58900000,0x0000009f58a00000) (1024K)]
  0x000001d27d352ad0 WorkerThread "GC Thread#6"                     [id=39328, stack(0x0000009f59800000,0x0000009f59900000) (1024K)]
  0x000001d27d352e80 WorkerThread "GC Thread#7"                     [id=39248, stack(0x0000009f59900000,0x0000009f59a00000) (1024K)]
  0x000001d27d3514b0 WorkerThread "GC Thread#8"                     [id=33028, stack(0x0000009f59a00000,0x0000009f59b00000) (1024K)]
  0x000001d27d351860 WorkerThread "GC Thread#9"                     [id=35892, stack(0x0000009f59b00000,0x0000009f59c00000) (1024K)]
  0x000001d27d351fc0 WorkerThread "GC Thread#10"                    [id=39324, stack(0x0000009f59c00000,0x0000009f59d00000) (1024K)]
  0x000001d27d352370 WorkerThread "GC Thread#11"                    [id=39288, stack(0x0000009f59d00000,0x0000009f59e00000) (1024K)]
  0x000001d27f7ebdb0 WorkerThread "GC Thread#12"                    [id=36048, stack(0x0000009f59e00000,0x0000009f59f00000) (1024K)]
  0x000001d24db841a0 ConcurrentGCThread "G1 Main Marker"            [id=32268, stack(0x0000009f57500000,0x0000009f57600000) (1024K)]
  0x000001d24db84bc0 WorkerThread "G1 Conc#0"                       [id=32272, stack(0x0000009f57600000,0x0000009f57700000) (1024K)]
  0x000001d27f7ee290 WorkerThread "G1 Conc#1"                       [id=38048, stack(0x0000009f5a000000,0x0000009f5a100000) (1024K)]
  0x000001d27f7ec160 WorkerThread "G1 Conc#2"                       [id=34804, stack(0x0000009f5a200000,0x0000009f5a300000) (1024K)]
  0x000001d263e5edf0 ConcurrentGCThread "G1 Refine#0"               [id=32276, stack(0x0000009f57700000,0x0000009f57800000) (1024K)]
  0x000001d263e5f780 ConcurrentGCThread "G1 Service"                [id=32280, stack(0x0000009f57800000,0x0000009f57900000) (1024K)]
Total: 21

Threads with active compile tasks:
Total: 0

VM state: synchronizing (normal execution)

VM Mutex/Monitor currently owned by a thread:  ([mutex/lock_event])
[0x00007ffa00fad530] Metaspace_lock - owner thread: 0x000001d27ec8b480
[0x00007ffa00faf5b0] Threads_lock - owner thread: 0x000001d263fa2cd0

Heap address: 0x00000000e0000000, size: 512 MB, Compressed Oops mode: 32-bit

CDS archive(s) mapped at: [0x000001d264000000-0x000001d264ba0000-0x000001d264ba0000), size 12189696, SharedBaseAddress: 0x000001d264000000, ArchiveRelocationMode: 1.
Compressed class space mapped at: 0x000001d265000000-0x000001d279000000, reserved size: 335544320
Narrow klass base: 0x000001d264000000, Narrow klass shift: 0, Narrow klass range: 0x100000000

GC Precious Log:
 CardTable entry size: 512
 Card Set container configuration: InlinePtr #cards 5 size 8 Array Of Cards #cards 12 size 40 Howl #buckets 4 coarsen threshold 1843 Howl Bitmap #cards 512 size 80 coarsen threshold 460 Card regions per heap region 1 cards per card region 2048
 CPUs: 16 total, 16 available
 Memory: 16066M
 Large Page Support: Disabled
 NUMA Support: Disabled
 Compressed Oops: Enabled (32-bit)
 Heap Region Size: 1M
 Heap Min Capacity: 256M
 Heap Initial Capacity: 256M
 Heap Max Capacity: 512M
 Pre-touch: Disabled
 Parallel Workers: 13
 Concurrent Workers: 3
 Concurrent Refinement Workers: 13
 Periodic GC: Disabled

Heap:
 garbage-first heap   total 262144K, used 127199K [0x00000000e0000000, 0x0000000100000000)
  region size 1024K, 104 young (106496K), 9 survivors (9216K)
 Metaspace       used 46172K, committed 47936K, reserved 393216K
  class space    used 6864K, committed 7744K, reserved 327680K

Heap Regions: E=young(eden), S=young(survivor), O=old, HS=humongous(starts), HC=humongous(continues), CS=collection set, F=free, TAMS=top-at-mark-start, PB=parsable bottom
|   0|0x00000000e0000000, 0x00000000e0100000, 0x00000000e0100000|100%|HS|  |TAMS 0x00000000e0000000| PB 0x00000000e0000000| Complete 
|   1|0x00000000e0100000, 0x00000000e0200000, 0x00000000e0200000|100%|HC|  |TAMS 0x00000000e0100000| PB 0x00000000e0100000| Complete 
|   2|0x00000000e0200000, 0x00000000e0300000, 0x00000000e0300000|100%|HC|  |TAMS 0x00000000e0200000| PB 0x00000000e0200000| Complete 
|   3|0x00000000e0300000, 0x00000000e0400000, 0x00000000e0400000|100%|HC|  |TAMS 0x00000000e0300000| PB 0x00000000e0300000| Complete 
|   4|0x00000000e0400000, 0x00000000e0500000, 0x00000000e0500000|100%| O|  |TAMS 0x00000000e0400000| PB 0x00000000e0400000| Untracked 
|   5|0x00000000e0500000, 0x00000000e0600000, 0x00000000e0600000|100%| O|  |TAMS 0x00000000e0500000| PB 0x00000000e0500000| Untracked 
|   6|0x00000000e0600000, 0x00000000e0700000, 0x00000000e0700000|100%| O|  |TAMS 0x00000000e0600000| PB 0x00000000e0600000| Untracked 
|   7|0x00000000e0700000, 0x00000000e0800000, 0x00000000e0800000|100%| O|  |TAMS 0x00000000e0700000| PB 0x00000000e0700000| Untracked 
|   8|0x00000000e0800000, 0x00000000e0900000, 0x00000000e0900000|100%|HS|  |TAMS 0x00000000e0800000| PB 0x00000000e0800000| Complete 
|   9|0x00000000e0900000, 0x00000000e0a00000, 0x00000000e0a00000|100%| O|  |TAMS 0x00000000e0900000| PB 0x00000000e0900000| Untracked 
|  10|0x00000000e0a00000, 0x00000000e0a00000, 0x00000000e0b00000|  0%| F|  |TAMS 0x00000000e0a00000| PB 0x00000000e0a00000| Untracked 
|  11|0x00000000e0b00000, 0x00000000e0c00000, 0x00000000e0c00000|100%| O|  |TAMS 0x00000000e0b00000| PB 0x00000000e0b00000| Untracked 
|  12|0x00000000e0c00000, 0x00000000e0d00000, 0x00000000e0d00000|100%| O|  |TAMS 0x00000000e0c00000| PB 0x00000000e0c00000| Untracked 
|  13|0x00000000e0d00000, 0x00000000e0d459f8, 0x00000000e0e00000| 27%| O|  |TAMS 0x00000000e0d00000| PB 0x00000000e0d00000| Untracked 
|  14|0x00000000e0e00000, 0x00000000e0e00000, 0x00000000e0f00000|  0%| F|  |TAMS 0x00000000e0e00000| PB 0x00000000e0e00000| Untracked 
|  15|0x00000000e0f00000, 0x00000000e1000000, 0x00000000e1000000|100%| O|  |TAMS 0x00000000e0f00000| PB 0x00000000e0f00000| Untracked 
|  16|0x00000000e1000000, 0x00000000e1100000, 0x00000000e1100000|100%| O|  |TAMS 0x00000000e1000000| PB 0x00000000e1000000| Untracked 
|  17|0x00000000e1100000, 0x00000000e1200000, 0x00000000e1200000|100%| O|  |TAMS 0x00000000e1100000| PB 0x00000000e1100000| Untracked 
|  18|0x00000000e1200000, 0x00000000e1300000, 0x00000000e1300000|100%| O|  |TAMS 0x00000000e1200000| PB 0x00000000e1200000| Untracked 
|  19|0x00000000e1300000, 0x00000000e1400000, 0x00000000e1400000|100%| O|  |TAMS 0x00000000e1300000| PB 0x00000000e1300000| Untracked 
|  20|0x00000000e1400000, 0x00000000e1500000, 0x00000000e1500000|100%| O|  |TAMS 0x00000000e1400000| PB 0x00000000e1400000| Untracked 
|  21|0x00000000e1500000, 0x00000000e1600000, 0x00000000e1600000|100%| O|  |TAMS 0x00000000e1500000| PB 0x00000000e1500000| Untracked 
|  22|0x00000000e1600000, 0x00000000e1700000, 0x00000000e1700000|100%| O|  |TAMS 0x00000000e1600000| PB 0x00000000e1600000| Untracked 
|  23|0x00000000e1700000, 0x00000000e1800000, 0x00000000e1800000|100%| O|Cm|TAMS 0x00000000e1700000| PB 0x00000000e1700000| Complete 
|  24|0x00000000e1800000, 0x00000000e1800000, 0x00000000e1900000|  0%| F|  |TAMS 0x00000000e1800000| PB 0x00000000e1800000| Untracked 
|  25|0x00000000e1900000, 0x00000000e1900000, 0x00000000e1a00000|  0%| F|  |TAMS 0x00000000e1900000| PB 0x00000000e1900000| Untracked 
|  26|0x00000000e1a00000, 0x00000000e1a00000, 0x00000000e1b00000|  0%| F|  |TAMS 0x00000000e1a00000| PB 0x00000000e1a00000| Untracked 
|  27|0x00000000e1b00000, 0x00000000e1b00000, 0x00000000e1c00000|  0%| F|  |TAMS 0x00000000e1b00000| PB 0x00000000e1b00000| Untracked 
|  28|0x00000000e1c00000, 0x00000000e1c00000, 0x00000000e1d00000|  0%| F|  |TAMS 0x00000000e1c00000| PB 0x00000000e1c00000| Untracked 
|  29|0x00000000e1d00000, 0x00000000e1d00000, 0x00000000e1e00000|  0%| F|  |TAMS 0x00000000e1d00000| PB 0x00000000e1d00000| Untracked 
|  30|0x00000000e1e00000, 0x00000000e1e00000, 0x00000000e1f00000|  0%| F|  |TAMS 0x00000000e1e00000| PB 0x00000000e1e00000| Untracked 
|  31|0x00000000e1f00000, 0x00000000e1f00000, 0x00000000e2000000|  0%| F|  |TAMS 0x00000000e1f00000| PB 0x00000000e1f00000| Untracked 
|  32|0x00000000e2000000, 0x00000000e2000000, 0x00000000e2100000|  0%| F|  |TAMS 0x00000000e2000000| PB 0x00000000e2000000| Untracked 
|  33|0x00000000e2100000, 0x00000000e2100000, 0x00000000e2200000|  0%| F|  |TAMS 0x00000000e2100000| PB 0x00000000e2100000| Untracked 
|  34|0x00000000e2200000, 0x00000000e2200000, 0x00000000e2300000|  0%| F|  |TAMS 0x00000000e2200000| PB 0x00000000e2200000| Untracked 
|  35|0x00000000e2300000, 0x00000000e2300000, 0x00000000e2400000|  0%| F|  |TAMS 0x00000000e2300000| PB 0x00000000e2300000| Untracked 
|  36|0x00000000e2400000, 0x00000000e2400000, 0x00000000e2500000|  0%| F|  |TAMS 0x00000000e2400000| PB 0x00000000e2400000| Untracked 
|  37|0x00000000e2500000, 0x00000000e2500000, 0x00000000e2600000|  0%| F|  |TAMS 0x00000000e2500000| PB 0x00000000e2500000| Untracked 
|  38|0x00000000e2600000, 0x00000000e2600000, 0x00000000e2700000|  0%| F|  |TAMS 0x00000000e2600000| PB 0x00000000e2600000| Untracked 
|  39|0x00000000e2700000, 0x00000000e2700000, 0x00000000e2800000|  0%| F|  |TAMS 0x00000000e2700000| PB 0x00000000e2700000| Untracked 
|  40|0x00000000e2800000, 0x00000000e2800000, 0x00000000e2900000|  0%| F|  |TAMS 0x00000000e2800000| PB 0x00000000e2800000| Untracked 
|  41|0x00000000e2900000, 0x00000000e2900000, 0x00000000e2a00000|  0%| F|  |TAMS 0x00000000e2900000| PB 0x00000000e2900000| Untracked 
|  42|0x00000000e2a00000, 0x00000000e2a00000, 0x00000000e2b00000|  0%| F|  |TAMS 0x00000000e2a00000| PB 0x00000000e2a00000| Untracked 
|  43|0x00000000e2b00000, 0x00000000e2b00000, 0x00000000e2c00000|  0%| F|  |TAMS 0x00000000e2b00000| PB 0x00000000e2b00000| Untracked 
|  44|0x00000000e2c00000, 0x00000000e2c00000, 0x00000000e2d00000|  0%| F|  |TAMS 0x00000000e2c00000| PB 0x00000000e2c00000| Untracked 
|  45|0x00000000e2d00000, 0x00000000e2d00000, 0x00000000e2e00000|  0%| F|  |TAMS 0x00000000e2d00000| PB 0x00000000e2d00000| Untracked 
|  46|0x00000000e2e00000, 0x00000000e2e00000, 0x00000000e2f00000|  0%| F|  |TAMS 0x00000000e2e00000| PB 0x00000000e2e00000| Untracked 
|  47|0x00000000e2f00000, 0x00000000e2f00000, 0x00000000e3000000|  0%| F|  |TAMS 0x00000000e2f00000| PB 0x00000000e2f00000| Untracked 
|  48|0x00000000e3000000, 0x00000000e3000000, 0x00000000e3100000|  0%| F|  |TAMS 0x00000000e3000000| PB 0x00000000e3000000| Untracked 
|  49|0x00000000e3100000, 0x00000000e3100000, 0x00000000e3200000|  0%| F|  |TAMS 0x00000000e3100000| PB 0x00000000e3100000| Untracked 
|  50|0x00000000e3200000, 0x00000000e3200000, 0x00000000e3300000|  0%| F|  |TAMS 0x00000000e3200000| PB 0x00000000e3200000| Untracked 
|  51|0x00000000e3300000, 0x00000000e3300000, 0x00000000e3400000|  0%| F|  |TAMS 0x00000000e3300000| PB 0x00000000e3300000| Untracked 
|  52|0x00000000e3400000, 0x00000000e3400000, 0x00000000e3500000|  0%| F|  |TAMS 0x00000000e3400000| PB 0x00000000e3400000| Untracked 
|  53|0x00000000e3500000, 0x00000000e3500000, 0x00000000e3600000|  0%| F|  |TAMS 0x00000000e3500000| PB 0x00000000e3500000| Untracked 
|  54|0x00000000e3600000, 0x00000000e3600000, 0x00000000e3700000|  0%| F|  |TAMS 0x00000000e3600000| PB 0x00000000e3600000| Untracked 
|  55|0x00000000e3700000, 0x00000000e3700000, 0x00000000e3800000|  0%| F|  |TAMS 0x00000000e3700000| PB 0x00000000e3700000| Untracked 
|  56|0x00000000e3800000, 0x00000000e3800000, 0x00000000e3900000|  0%| F|  |TAMS 0x00000000e3800000| PB 0x00000000e3800000| Untracked 
|  57|0x00000000e3900000, 0x00000000e3900000, 0x00000000e3a00000|  0%| F|  |TAMS 0x00000000e3900000| PB 0x00000000e3900000| Untracked 
|  58|0x00000000e3a00000, 0x00000000e3a00000, 0x00000000e3b00000|  0%| F|  |TAMS 0x00000000e3a00000| PB 0x00000000e3a00000| Untracked 
|  59|0x00000000e3b00000, 0x00000000e3b00000, 0x00000000e3c00000|  0%| F|  |TAMS 0x00000000e3b00000| PB 0x00000000e3b00000| Untracked 
|  60|0x00000000e3c00000, 0x00000000e3c00000, 0x00000000e3d00000|  0%| F|  |TAMS 0x00000000e3c00000| PB 0x00000000e3c00000| Untracked 
|  61|0x00000000e3d00000, 0x00000000e3d00000, 0x00000000e3e00000|  0%| F|  |TAMS 0x00000000e3d00000| PB 0x00000000e3d00000| Untracked 
|  62|0x00000000e3e00000, 0x00000000e3e00000, 0x00000000e3f00000|  0%| F|  |TAMS 0x00000000e3e00000| PB 0x00000000e3e00000| Untracked 
|  63|0x00000000e3f00000, 0x00000000e3f00000, 0x00000000e4000000|  0%| F|  |TAMS 0x00000000e3f00000| PB 0x00000000e3f00000| Untracked 
|  64|0x00000000e4000000, 0x00000000e4000000, 0x00000000e4100000|  0%| F|  |TAMS 0x00000000e4000000| PB 0x00000000e4000000| Untracked 
|  65|0x00000000e4100000, 0x00000000e4100000, 0x00000000e4200000|  0%| F|  |TAMS 0x00000000e4100000| PB 0x00000000e4100000| Untracked 
|  66|0x00000000e4200000, 0x00000000e4200000, 0x00000000e4300000|  0%| F|  |TAMS 0x00000000e4200000| PB 0x00000000e4200000| Untracked 
|  67|0x00000000e4300000, 0x00000000e4300000, 0x00000000e4400000|  0%| F|  |TAMS 0x00000000e4300000| PB 0x00000000e4300000| Untracked 
|  68|0x00000000e4400000, 0x00000000e4400000, 0x00000000e4500000|  0%| F|  |TAMS 0x00000000e4400000| PB 0x00000000e4400000| Untracked 
|  69|0x00000000e4500000, 0x00000000e4500000, 0x00000000e4600000|  0%| F|  |TAMS 0x00000000e4500000| PB 0x00000000e4500000| Untracked 
|  70|0x00000000e4600000, 0x00000000e4600000, 0x00000000e4700000|  0%| F|  |TAMS 0x00000000e4600000| PB 0x00000000e4600000| Untracked 
|  71|0x00000000e4700000, 0x00000000e4700000, 0x00000000e4800000|  0%| F|  |TAMS 0x00000000e4700000| PB 0x00000000e4700000| Untracked 
|  72|0x00000000e4800000, 0x00000000e4800000, 0x00000000e4900000|  0%| F|  |TAMS 0x00000000e4800000| PB 0x00000000e4800000| Untracked 
|  73|0x00000000e4900000, 0x00000000e4900000, 0x00000000e4a00000|  0%| F|  |TAMS 0x00000000e4900000| PB 0x00000000e4900000| Untracked 
|  74|0x00000000e4a00000, 0x00000000e4a00000, 0x00000000e4b00000|  0%| F|  |TAMS 0x00000000e4a00000| PB 0x00000000e4a00000| Untracked 
|  75|0x00000000e4b00000, 0x00000000e4b00000, 0x00000000e4c00000|  0%| F|  |TAMS 0x00000000e4b00000| PB 0x00000000e4b00000| Untracked 
|  76|0x00000000e4c00000, 0x00000000e4c00000, 0x00000000e4d00000|  0%| F|  |TAMS 0x00000000e4c00000| PB 0x00000000e4c00000| Untracked 
|  77|0x00000000e4d00000, 0x00000000e4d00000, 0x00000000e4e00000|  0%| F|  |TAMS 0x00000000e4d00000| PB 0x00000000e4d00000| Untracked 
|  78|0x00000000e4e00000, 0x00000000e4e00000, 0x00000000e4f00000|  0%| F|  |TAMS 0x00000000e4e00000| PB 0x00000000e4e00000| Untracked 
|  79|0x00000000e4f00000, 0x00000000e4f00000, 0x00000000e5000000|  0%| F|  |TAMS 0x00000000e4f00000| PB 0x00000000e4f00000| Untracked 
|  80|0x00000000e5000000, 0x00000000e5000000, 0x00000000e5100000|  0%| F|  |TAMS 0x00000000e5000000| PB 0x00000000e5000000| Untracked 
|  81|0x00000000e5100000, 0x00000000e5100000, 0x00000000e5200000|  0%| F|  |TAMS 0x00000000e5100000| PB 0x00000000e5100000| Untracked 
|  82|0x00000000e5200000, 0x00000000e5200000, 0x00000000e5300000|  0%| F|  |TAMS 0x00000000e5200000| PB 0x00000000e5200000| Untracked 
|  83|0x00000000e5300000, 0x00000000e5300000, 0x00000000e5400000|  0%| F|  |TAMS 0x00000000e5300000| PB 0x00000000e5300000| Untracked 
|  84|0x00000000e5400000, 0x00000000e5400000, 0x00000000e5500000|  0%| F|  |TAMS 0x00000000e5400000| PB 0x00000000e5400000| Untracked 
|  85|0x00000000e5500000, 0x00000000e5500000, 0x00000000e5600000|  0%| F|  |TAMS 0x00000000e5500000| PB 0x00000000e5500000| Untracked 
|  86|0x00000000e5600000, 0x00000000e5600000, 0x00000000e5700000|  0%| F|  |TAMS 0x00000000e5600000| PB 0x00000000e5600000| Untracked 
|  87|0x00000000e5700000, 0x00000000e5700000, 0x00000000e5800000|  0%| F|  |TAMS 0x00000000e5700000| PB 0x00000000e5700000| Untracked 
|  88|0x00000000e5800000, 0x00000000e5800000, 0x00000000e5900000|  0%| F|  |TAMS 0x00000000e5800000| PB 0x00000000e5800000| Untracked 
|  89|0x00000000e5900000, 0x00000000e5900000, 0x00000000e5a00000|  0%| F|  |TAMS 0x00000000e5900000| PB 0x00000000e5900000| Untracked 
|  90|0x00000000e5a00000, 0x00000000e5a00000, 0x00000000e5b00000|  0%| F|  |TAMS 0x00000000e5a00000| PB 0x00000000e5a00000| Untracked 
|  91|0x00000000e5b00000, 0x00000000e5b00000, 0x00000000e5c00000|  0%| F|  |TAMS 0x00000000e5b00000| PB 0x00000000e5b00000| Untracked 
|  92|0x00000000e5c00000, 0x00000000e5c00000, 0x00000000e5d00000|  0%| F|  |TAMS 0x00000000e5c00000| PB 0x00000000e5c00000| Untracked 
|  93|0x00000000e5d00000, 0x00000000e5d00000, 0x00000000e5e00000|  0%| F|  |TAMS 0x00000000e5d00000| PB 0x00000000e5d00000| Untracked 
|  94|0x00000000e5e00000, 0x00000000e5e00000, 0x00000000e5f00000|  0%| F|  |TAMS 0x00000000e5e00000| PB 0x00000000e5e00000| Untracked 
|  95|0x00000000e5f00000, 0x00000000e5f00000, 0x00000000e6000000|  0%| F|  |TAMS 0x00000000e5f00000| PB 0x00000000e5f00000| Untracked 
|  96|0x00000000e6000000, 0x00000000e6000000, 0x00000000e6100000|  0%| F|  |TAMS 0x00000000e6000000| PB 0x00000000e6000000| Untracked 
|  97|0x00000000e6100000, 0x00000000e6100000, 0x00000000e6200000|  0%| F|  |TAMS 0x00000000e6100000| PB 0x00000000e6100000| Untracked 
|  98|0x00000000e6200000, 0x00000000e6200000, 0x00000000e6300000|  0%| F|  |TAMS 0x00000000e6200000| PB 0x00000000e6200000| Untracked 
|  99|0x00000000e6300000, 0x00000000e6300000, 0x00000000e6400000|  0%| F|  |TAMS 0x00000000e6300000| PB 0x00000000e6300000| Untracked 
| 100|0x00000000e6400000, 0x00000000e6400000, 0x00000000e6500000|  0%| F|  |TAMS 0x00000000e6400000| PB 0x00000000e6400000| Untracked 
| 101|0x00000000e6500000, 0x00000000e6500000, 0x00000000e6600000|  0%| F|  |TAMS 0x00000000e6500000| PB 0x00000000e6500000| Untracked 
| 102|0x00000000e6600000, 0x00000000e6600000, 0x00000000e6700000|  0%| F|  |TAMS 0x00000000e6600000| PB 0x00000000e6600000| Untracked 
| 103|0x00000000e6700000, 0x00000000e6700000, 0x00000000e6800000|  0%| F|  |TAMS 0x00000000e6700000| PB 0x00000000e6700000| Untracked 
| 104|0x00000000e6800000, 0x00000000e6800000, 0x00000000e6900000|  0%| F|  |TAMS 0x00000000e6800000| PB 0x00000000e6800000| Untracked 
| 105|0x00000000e6900000, 0x00000000e6900000, 0x00000000e6a00000|  0%| F|  |TAMS 0x00000000e6900000| PB 0x00000000e6900000| Untracked 
| 106|0x00000000e6a00000, 0x00000000e6a00000, 0x00000000e6b00000|  0%| F|  |TAMS 0x00000000e6a00000| PB 0x00000000e6a00000| Untracked 
| 107|0x00000000e6b00000, 0x00000000e6b00000, 0x00000000e6c00000|  0%| F|  |TAMS 0x00000000e6b00000| PB 0x00000000e6b00000| Untracked 
| 108|0x00000000e6c00000, 0x00000000e6c00000, 0x00000000e6d00000|  0%| F|  |TAMS 0x00000000e6c00000| PB 0x00000000e6c00000| Untracked 
| 109|0x00000000e6d00000, 0x00000000e6d00000, 0x00000000e6e00000|  0%| F|  |TAMS 0x00000000e6d00000| PB 0x00000000e6d00000| Untracked 
| 110|0x00000000e6e00000, 0x00000000e6e00000, 0x00000000e6f00000|  0%| F|  |TAMS 0x00000000e6e00000| PB 0x00000000e6e00000| Untracked 
| 111|0x00000000e6f00000, 0x00000000e6f00000, 0x00000000e7000000|  0%| F|  |TAMS 0x00000000e6f00000| PB 0x00000000e6f00000| Untracked 
| 112|0x00000000e7000000, 0x00000000e7000000, 0x00000000e7100000|  0%| F|  |TAMS 0x00000000e7000000| PB 0x00000000e7000000| Untracked 
| 113|0x00000000e7100000, 0x00000000e7100000, 0x00000000e7200000|  0%| F|  |TAMS 0x00000000e7100000| PB 0x00000000e7100000| Untracked 
| 114|0x00000000e7200000, 0x00000000e7200000, 0x00000000e7300000|  0%| F|  |TAMS 0x00000000e7200000| PB 0x00000000e7200000| Untracked 
| 115|0x00000000e7300000, 0x00000000e7300000, 0x00000000e7400000|  0%| F|  |TAMS 0x00000000e7300000| PB 0x00000000e7300000| Untracked 
| 116|0x00000000e7400000, 0x00000000e7400000, 0x00000000e7500000|  0%| F|  |TAMS 0x00000000e7400000| PB 0x00000000e7400000| Untracked 
| 117|0x00000000e7500000, 0x00000000e7500000, 0x00000000e7600000|  0%| F|  |TAMS 0x00000000e7500000| PB 0x00000000e7500000| Untracked 
| 118|0x00000000e7600000, 0x00000000e7600000, 0x00000000e7700000|  0%| F|  |TAMS 0x00000000e7600000| PB 0x00000000e7600000| Untracked 
| 119|0x00000000e7700000, 0x00000000e7700000, 0x00000000e7800000|  0%| F|  |TAMS 0x00000000e7700000| PB 0x00000000e7700000| Untracked 
| 120|0x00000000e7800000, 0x00000000e7800000, 0x00000000e7900000|  0%| F|  |TAMS 0x00000000e7800000| PB 0x00000000e7800000| Untracked 
| 121|0x00000000e7900000, 0x00000000e7900000, 0x00000000e7a00000|  0%| F|  |TAMS 0x00000000e7900000| PB 0x00000000e7900000| Untracked 
| 122|0x00000000e7a00000, 0x00000000e7a00000, 0x00000000e7b00000|  0%| F|  |TAMS 0x00000000e7a00000| PB 0x00000000e7a00000| Untracked 
| 123|0x00000000e7b00000, 0x00000000e7b00000, 0x00000000e7c00000|  0%| F|  |TAMS 0x00000000e7b00000| PB 0x00000000e7b00000| Untracked 
| 124|0x00000000e7c00000, 0x00000000e7c00000, 0x00000000e7d00000|  0%| F|  |TAMS 0x00000000e7c00000| PB 0x00000000e7c00000| Untracked 
| 125|0x00000000e7d00000, 0x00000000e7d00000, 0x00000000e7e00000|  0%| F|  |TAMS 0x00000000e7d00000| PB 0x00000000e7d00000| Untracked 
| 126|0x00000000e7e00000, 0x00000000e7e00000, 0x00000000e7f00000|  0%| F|  |TAMS 0x00000000e7e00000| PB 0x00000000e7e00000| Untracked 
| 127|0x00000000e7f00000, 0x00000000e7f00000, 0x00000000e8000000|  0%| F|  |TAMS 0x00000000e7f00000| PB 0x00000000e7f00000| Untracked 
| 128|0x00000000e8000000, 0x00000000e8000000, 0x00000000e8100000|  0%| F|  |TAMS 0x00000000e8000000| PB 0x00000000e8000000| Untracked 
| 129|0x00000000e8100000, 0x00000000e8100000, 0x00000000e8200000|  0%| F|  |TAMS 0x00000000e8100000| PB 0x00000000e8100000| Untracked 
| 130|0x00000000e8200000, 0x00000000e8200000, 0x00000000e8300000|  0%| F|  |TAMS 0x00000000e8200000| PB 0x00000000e8200000| Untracked 
| 131|0x00000000e8300000, 0x00000000e8300000, 0x00000000e8400000|  0%| F|  |TAMS 0x00000000e8300000| PB 0x00000000e8300000| Untracked 
| 132|0x00000000e8400000, 0x00000000e8400000, 0x00000000e8500000|  0%| F|  |TAMS 0x00000000e8400000| PB 0x00000000e8400000| Untracked 
| 133|0x00000000e8500000, 0x00000000e8500000, 0x00000000e8600000|  0%| F|  |TAMS 0x00000000e8500000| PB 0x00000000e8500000| Untracked 
| 134|0x00000000e8600000, 0x00000000e8600000, 0x00000000e8700000|  0%| F|  |TAMS 0x00000000e8600000| PB 0x00000000e8600000| Untracked 
| 135|0x00000000e8700000, 0x00000000e8700000, 0x00000000e8800000|  0%| F|  |TAMS 0x00000000e8700000| PB 0x00000000e8700000| Untracked 
| 136|0x00000000e8800000, 0x00000000e8800000, 0x00000000e8900000|  0%| F|  |TAMS 0x00000000e8800000| PB 0x00000000e8800000| Untracked 
| 137|0x00000000e8900000, 0x00000000e8900000, 0x00000000e8a00000|  0%| F|  |TAMS 0x00000000e8900000| PB 0x00000000e8900000| Untracked 
| 138|0x00000000e8a00000, 0x00000000e8a00000, 0x00000000e8b00000|  0%| F|  |TAMS 0x00000000e8a00000| PB 0x00000000e8a00000| Untracked 
| 139|0x00000000e8b00000, 0x00000000e8b00000, 0x00000000e8c00000|  0%| F|  |TAMS 0x00000000e8b00000| PB 0x00000000e8b00000| Untracked 
| 140|0x00000000e8c00000, 0x00000000e8c00000, 0x00000000e8d00000|  0%| F|  |TAMS 0x00000000e8c00000| PB 0x00000000e8c00000| Untracked 
| 141|0x00000000e8d00000, 0x00000000e8d00000, 0x00000000e8e00000|  0%| F|  |TAMS 0x00000000e8d00000| PB 0x00000000e8d00000| Untracked 
| 142|0x00000000e8e00000, 0x00000000e8e00000, 0x00000000e8f00000|  0%| F|  |TAMS 0x00000000e8e00000| PB 0x00000000e8e00000| Untracked 
| 143|0x00000000e8f00000, 0x00000000e8f00000, 0x00000000e9000000|  0%| F|  |TAMS 0x00000000e8f00000| PB 0x00000000e8f00000| Untracked 
| 144|0x00000000e9000000, 0x00000000e9000000, 0x00000000e9100000|  0%| F|  |TAMS 0x00000000e9000000| PB 0x00000000e9000000| Untracked 
| 145|0x00000000e9100000, 0x00000000e9100000, 0x00000000e9200000|  0%| F|  |TAMS 0x00000000e9100000| PB 0x00000000e9100000| Untracked 
| 146|0x00000000e9200000, 0x00000000e9200000, 0x00000000e9300000|  0%| F|  |TAMS 0x00000000e9200000| PB 0x00000000e9200000| Untracked 
| 147|0x00000000e9300000, 0x00000000e9300000, 0x00000000e9400000|  0%| F|  |TAMS 0x00000000e9300000| PB 0x00000000e9300000| Untracked 
| 148|0x00000000e9400000, 0x00000000e9400000, 0x00000000e9500000|  0%| F|  |TAMS 0x00000000e9400000| PB 0x00000000e9400000| Untracked 
| 149|0x00000000e9500000, 0x00000000e9500000, 0x00000000e9600000|  0%| F|  |TAMS 0x00000000e9500000| PB 0x00000000e9500000| Untracked 
| 150|0x00000000e9600000, 0x00000000e9600000, 0x00000000e9700000|  0%| F|  |TAMS 0x00000000e9600000| PB 0x00000000e9600000| Untracked 
| 151|0x00000000e9700000, 0x00000000e9700000, 0x00000000e9800000|  0%| F|  |TAMS 0x00000000e9700000| PB 0x00000000e9700000| Untracked 
| 152|0x00000000e9800000, 0x00000000e9880000, 0x00000000e9900000| 50%| E|  |TAMS 0x00000000e9800000| PB 0x00000000e9800000| Complete 
| 153|0x00000000e9900000, 0x00000000e9a00000, 0x00000000e9a00000|100%| E|CS|TAMS 0x00000000e9900000| PB 0x00000000e9900000| Complete 
| 154|0x00000000e9a00000, 0x00000000e9b00000, 0x00000000e9b00000|100%| E|CS|TAMS 0x00000000e9a00000| PB 0x00000000e9a00000| Complete 
| 155|0x00000000e9b00000, 0x00000000e9c00000, 0x00000000e9c00000|100%| E|CS|TAMS 0x00000000e9b00000| PB 0x00000000e9b00000| Complete 
| 156|0x00000000e9c00000, 0x00000000e9d00000, 0x00000000e9d00000|100%| E|CS|TAMS 0x00000000e9c00000| PB 0x00000000e9c00000| Complete 
| 157|0x00000000e9d00000, 0x00000000e9e00000, 0x00000000e9e00000|100%| E|CS|TAMS 0x00000000e9d00000| PB 0x00000000e9d00000| Complete 
| 158|0x00000000e9e00000, 0x00000000e9f00000, 0x00000000e9f00000|100%| E|CS|TAMS 0x00000000e9e00000| PB 0x00000000e9e00000| Complete 
| 159|0x00000000e9f00000, 0x00000000ea000000, 0x00000000ea000000|100%| E|CS|TAMS 0x00000000e9f00000| PB 0x00000000e9f00000| Complete 
| 160|0x00000000ea000000, 0x00000000ea100000, 0x00000000ea100000|100%| E|CS|TAMS 0x00000000ea000000| PB 0x00000000ea000000| Complete 
| 161|0x00000000ea100000, 0x00000000ea200000, 0x00000000ea200000|100%| E|CS|TAMS 0x00000000ea100000| PB 0x00000000ea100000| Complete 
| 162|0x00000000ea200000, 0x00000000ea300000, 0x00000000ea300000|100%| E|CS|TAMS 0x00000000ea200000| PB 0x00000000ea200000| Complete 
| 163|0x00000000ea300000, 0x00000000ea400000, 0x00000000ea400000|100%| E|CS|TAMS 0x00000000ea300000| PB 0x00000000ea300000| Complete 
| 164|0x00000000ea400000, 0x00000000ea500000, 0x00000000ea500000|100%| E|CS|TAMS 0x00000000ea400000| PB 0x00000000ea400000| Complete 
| 165|0x00000000ea500000, 0x00000000ea600000, 0x00000000ea600000|100%| E|CS|TAMS 0x00000000ea500000| PB 0x00000000ea500000| Complete 
| 166|0x00000000ea600000, 0x00000000ea700000, 0x00000000ea700000|100%| E|CS|TAMS 0x00000000ea600000| PB 0x00000000ea600000| Complete 
| 167|0x00000000ea700000, 0x00000000ea800000, 0x00000000ea800000|100%| E|CS|TAMS 0x00000000ea700000| PB 0x00000000ea700000| Complete 
| 168|0x00000000ea800000, 0x00000000ea900000, 0x00000000ea900000|100%| E|CS|TAMS 0x00000000ea800000| PB 0x00000000ea800000| Complete 
| 169|0x00000000ea900000, 0x00000000eaa00000, 0x00000000eaa00000|100%| E|CS|TAMS 0x00000000ea900000| PB 0x00000000ea900000| Complete 
| 170|0x00000000eaa00000, 0x00000000eab00000, 0x00000000eab00000|100%| E|CS|TAMS 0x00000000eaa00000| PB 0x00000000eaa00000| Complete 
| 171|0x00000000eab00000, 0x00000000eac00000, 0x00000000eac00000|100%| E|CS|TAMS 0x00000000eab00000| PB 0x00000000eab00000| Complete 
| 172|0x00000000eac00000, 0x00000000ead00000, 0x00000000ead00000|100%| E|CS|TAMS 0x00000000eac00000| PB 0x00000000eac00000| Complete 
| 173|0x00000000ead00000, 0x00000000eae00000, 0x00000000eae00000|100%| E|CS|TAMS 0x00000000ead00000| PB 0x00000000ead00000| Complete 
| 174|0x00000000eae00000, 0x00000000eaf00000, 0x00000000eaf00000|100%| E|CS|TAMS 0x00000000eae00000| PB 0x00000000eae00000| Complete 
| 175|0x00000000eaf00000, 0x00000000eb000000, 0x00000000eb000000|100%| E|CS|TAMS 0x00000000eaf00000| PB 0x00000000eaf00000| Complete 
| 176|0x00000000eb000000, 0x00000000eb100000, 0x00000000eb100000|100%| E|CS|TAMS 0x00000000eb000000| PB 0x00000000eb000000| Complete 
| 177|0x00000000eb100000, 0x00000000eb200000, 0x00000000eb200000|100%| E|CS|TAMS 0x00000000eb100000| PB 0x00000000eb100000| Complete 
| 178|0x00000000eb200000, 0x00000000eb300000, 0x00000000eb300000|100%| E|CS|TAMS 0x00000000eb200000| PB 0x00000000eb200000| Complete 
| 179|0x00000000eb300000, 0x00000000eb400000, 0x00000000eb400000|100%| E|CS|TAMS 0x00000000eb300000| PB 0x00000000eb300000| Complete 
| 180|0x00000000eb400000, 0x00000000eb500000, 0x00000000eb500000|100%| E|CS|TAMS 0x00000000eb400000| PB 0x00000000eb400000| Complete 
| 181|0x00000000eb500000, 0x00000000eb600000, 0x00000000eb600000|100%| E|CS|TAMS 0x00000000eb500000| PB 0x00000000eb500000| Complete 
| 182|0x00000000eb600000, 0x00000000eb700000, 0x00000000eb700000|100%| E|CS|TAMS 0x00000000eb600000| PB 0x00000000eb600000| Complete 
| 183|0x00000000eb700000, 0x00000000eb800000, 0x00000000eb800000|100%| E|CS|TAMS 0x00000000eb700000| PB 0x00000000eb700000| Complete 
| 184|0x00000000eb800000, 0x00000000eb900000, 0x00000000eb900000|100%| E|CS|TAMS 0x00000000eb800000| PB 0x00000000eb800000| Complete 
| 185|0x00000000eb900000, 0x00000000eba00000, 0x00000000eba00000|100%| E|CS|TAMS 0x00000000eb900000| PB 0x00000000eb900000| Complete 
| 186|0x00000000eba00000, 0x00000000ebb00000, 0x00000000ebb00000|100%| E|CS|TAMS 0x00000000eba00000| PB 0x00000000eba00000| Complete 
| 187|0x00000000ebb00000, 0x00000000ebc00000, 0x00000000ebc00000|100%| E|CS|TAMS 0x00000000ebb00000| PB 0x00000000ebb00000| Complete 
| 188|0x00000000ebc00000, 0x00000000ebd00000, 0x00000000ebd00000|100%| E|CS|TAMS 0x00000000ebc00000| PB 0x00000000ebc00000| Complete 
| 189|0x00000000ebd00000, 0x00000000ebe00000, 0x00000000ebe00000|100%| E|CS|TAMS 0x00000000ebd00000| PB 0x00000000ebd00000| Complete 
| 190|0x00000000ebe00000, 0x00000000ebf00000, 0x00000000ebf00000|100%| E|CS|TAMS 0x00000000ebe00000| PB 0x00000000ebe00000| Complete 
| 191|0x00000000ebf00000, 0x00000000ec000000, 0x00000000ec000000|100%| E|CS|TAMS 0x00000000ebf00000| PB 0x00000000ebf00000| Complete 
| 192|0x00000000ec000000, 0x00000000ec100000, 0x00000000ec100000|100%| E|CS|TAMS 0x00000000ec000000| PB 0x00000000ec000000| Complete 
| 193|0x00000000ec100000, 0x00000000ec200000, 0x00000000ec200000|100%| E|CS|TAMS 0x00000000ec100000| PB 0x00000000ec100000| Complete 
| 194|0x00000000ec200000, 0x00000000ec300000, 0x00000000ec300000|100%| E|CS|TAMS 0x00000000ec200000| PB 0x00000000ec200000| Complete 
| 195|0x00000000ec300000, 0x00000000ec400000, 0x00000000ec400000|100%| E|CS|TAMS 0x00000000ec300000| PB 0x00000000ec300000| Complete 
| 196|0x00000000ec400000, 0x00000000ec500000, 0x00000000ec500000|100%| E|CS|TAMS 0x00000000ec400000| PB 0x00000000ec400000| Complete 
| 197|0x00000000ec500000, 0x00000000ec600000, 0x00000000ec600000|100%| E|CS|TAMS 0x00000000ec500000| PB 0x00000000ec500000| Complete 
| 198|0x00000000ec600000, 0x00000000ec700000, 0x00000000ec700000|100%| E|CS|TAMS 0x00000000ec600000| PB 0x00000000ec600000| Complete 
| 199|0x00000000ec700000, 0x00000000ec800000, 0x00000000ec800000|100%| E|CS|TAMS 0x00000000ec700000| PB 0x00000000ec700000| Complete 
| 200|0x00000000ec800000, 0x00000000ec900000, 0x00000000ec900000|100%| E|CS|TAMS 0x00000000ec800000| PB 0x00000000ec800000| Complete 
| 201|0x00000000ec900000, 0x00000000eca00000, 0x00000000eca00000|100%| E|CS|TAMS 0x00000000ec900000| PB 0x00000000ec900000| Complete 
| 202|0x00000000eca00000, 0x00000000ecb00000, 0x00000000ecb00000|100%| E|CS|TAMS 0x00000000eca00000| PB 0x00000000eca00000| Complete 
| 203|0x00000000ecb00000, 0x00000000ecc00000, 0x00000000ecc00000|100%| E|CS|TAMS 0x00000000ecb00000| PB 0x00000000ecb00000| Complete 
| 204|0x00000000ecc00000, 0x00000000ecd00000, 0x00000000ecd00000|100%| E|CS|TAMS 0x00000000ecc00000| PB 0x00000000ecc00000| Complete 
| 205|0x00000000ecd00000, 0x00000000ece00000, 0x00000000ece00000|100%| E|CS|TAMS 0x00000000ecd00000| PB 0x00000000ecd00000| Complete 
| 206|0x00000000ece00000, 0x00000000ecf00000, 0x00000000ecf00000|100%| E|CS|TAMS 0x00000000ece00000| PB 0x00000000ece00000| Complete 
| 207|0x00000000ecf00000, 0x00000000ed000000, 0x00000000ed000000|100%| E|CS|TAMS 0x00000000ecf00000| PB 0x00000000ecf00000| Complete 
| 208|0x00000000ed000000, 0x00000000ed100000, 0x00000000ed100000|100%| E|CS|TAMS 0x00000000ed000000| PB 0x00000000ed000000| Complete 
| 209|0x00000000ed100000, 0x00000000ed200000, 0x00000000ed200000|100%| E|CS|TAMS 0x00000000ed100000| PB 0x00000000ed100000| Complete 
| 210|0x00000000ed200000, 0x00000000ed300000, 0x00000000ed300000|100%| E|CS|TAMS 0x00000000ed200000| PB 0x00000000ed200000| Complete 
| 211|0x00000000ed300000, 0x00000000ed400000, 0x00000000ed400000|100%| E|CS|TAMS 0x00000000ed300000| PB 0x00000000ed300000| Complete 
| 212|0x00000000ed400000, 0x00000000ed500000, 0x00000000ed500000|100%| E|CS|TAMS 0x00000000ed400000| PB 0x00000000ed400000| Complete 
| 213|0x00000000ed500000, 0x00000000ed600000, 0x00000000ed600000|100%| E|CS|TAMS 0x00000000ed500000| PB 0x00000000ed500000| Complete 
| 214|0x00000000ed600000, 0x00000000ed700000, 0x00000000ed700000|100%| E|CS|TAMS 0x00000000ed600000| PB 0x00000000ed600000| Complete 
| 215|0x00000000ed700000, 0x00000000ed800000, 0x00000000ed800000|100%| E|CS|TAMS 0x00000000ed700000| PB 0x00000000ed700000| Complete 
| 216|0x00000000ed800000, 0x00000000ed900000, 0x00000000ed900000|100%| E|CS|TAMS 0x00000000ed800000| PB 0x00000000ed800000| Complete 
| 217|0x00000000ed900000, 0x00000000eda00000, 0x00000000eda00000|100%| E|CS|TAMS 0x00000000ed900000| PB 0x00000000ed900000| Complete 
| 218|0x00000000eda00000, 0x00000000edb00000, 0x00000000edb00000|100%| E|CS|TAMS 0x00000000eda00000| PB 0x00000000eda00000| Complete 
| 219|0x00000000edb00000, 0x00000000edc00000, 0x00000000edc00000|100%| E|CS|TAMS 0x00000000edb00000| PB 0x00000000edb00000| Complete 
| 220|0x00000000edc00000, 0x00000000edd00000, 0x00000000edd00000|100%| E|CS|TAMS 0x00000000edc00000| PB 0x00000000edc00000| Complete 
| 221|0x00000000edd00000, 0x00000000ede00000, 0x00000000ede00000|100%| E|CS|TAMS 0x00000000edd00000| PB 0x00000000edd00000| Complete 
| 222|0x00000000ede00000, 0x00000000edf00000, 0x00000000edf00000|100%| E|CS|TAMS 0x00000000ede00000| PB 0x00000000ede00000| Complete 
| 223|0x00000000edf00000, 0x00000000ee000000, 0x00000000ee000000|100%| E|CS|TAMS 0x00000000edf00000| PB 0x00000000edf00000| Complete 
| 224|0x00000000ee000000, 0x00000000ee100000, 0x00000000ee100000|100%| E|CS|TAMS 0x00000000ee000000| PB 0x00000000ee000000| Complete 
| 225|0x00000000ee100000, 0x00000000ee200000, 0x00000000ee200000|100%| E|CS|TAMS 0x00000000ee100000| PB 0x00000000ee100000| Complete 
| 226|0x00000000ee200000, 0x00000000ee300000, 0x00000000ee300000|100%| E|CS|TAMS 0x00000000ee200000| PB 0x00000000ee200000| Complete 
| 227|0x00000000ee300000, 0x00000000ee400000, 0x00000000ee400000|100%| E|CS|TAMS 0x00000000ee300000| PB 0x00000000ee300000| Complete 
| 228|0x00000000ee400000, 0x00000000ee500000, 0x00000000ee500000|100%| E|CS|TAMS 0x00000000ee400000| PB 0x00000000ee400000| Complete 
| 229|0x00000000ee500000, 0x00000000ee600000, 0x00000000ee600000|100%| E|CS|TAMS 0x00000000ee500000| PB 0x00000000ee500000| Complete 
| 230|0x00000000ee600000, 0x00000000ee700000, 0x00000000ee700000|100%| E|CS|TAMS 0x00000000ee600000| PB 0x00000000ee600000| Complete 
| 231|0x00000000ee700000, 0x00000000ee800000, 0x00000000ee800000|100%| E|CS|TAMS 0x00000000ee700000| PB 0x00000000ee700000| Complete 
| 232|0x00000000ee800000, 0x00000000ee900000, 0x00000000ee900000|100%| E|CS|TAMS 0x00000000ee800000| PB 0x00000000ee800000| Complete 
| 233|0x00000000ee900000, 0x00000000eea00000, 0x00000000eea00000|100%| E|CS|TAMS 0x00000000ee900000| PB 0x00000000ee900000| Complete 
| 234|0x00000000eea00000, 0x00000000eeb00000, 0x00000000eeb00000|100%| E|CS|TAMS 0x00000000eea00000| PB 0x00000000eea00000| Complete 
| 235|0x00000000eeb00000, 0x00000000eec00000, 0x00000000eec00000|100%| E|CS|TAMS 0x00000000eeb00000| PB 0x00000000eeb00000| Complete 
| 236|0x00000000eec00000, 0x00000000eecf24c0, 0x00000000eed00000| 94%| S|CS|TAMS 0x00000000eec00000| PB 0x00000000eec00000| Complete 
| 237|0x00000000eed00000, 0x00000000eee00000, 0x00000000eee00000|100%| S|CS|TAMS 0x00000000eed00000| PB 0x00000000eed00000| Complete 
| 238|0x00000000eee00000, 0x00000000eef00000, 0x00000000eef00000|100%| S|CS|TAMS 0x00000000eee00000| PB 0x00000000eee00000| Complete 
| 239|0x00000000eef00000, 0x00000000ef000000, 0x00000000ef000000|100%| S|CS|TAMS 0x00000000eef00000| PB 0x00000000eef00000| Complete 
| 240|0x00000000ef000000, 0x00000000ef100000, 0x00000000ef100000|100%| S|CS|TAMS 0x00000000ef000000| PB 0x00000000ef000000| Complete 
| 241|0x00000000ef100000, 0x00000000ef200000, 0x00000000ef200000|100%| S|CS|TAMS 0x00000000ef100000| PB 0x00000000ef100000| Complete 
| 242|0x00000000ef200000, 0x00000000ef300000, 0x00000000ef300000|100%| S|CS|TAMS 0x00000000ef200000| PB 0x00000000ef200000| Complete 
| 243|0x00000000ef300000, 0x00000000ef400000, 0x00000000ef400000|100%| S|CS|TAMS 0x00000000ef300000| PB 0x00000000ef300000| Complete 
| 244|0x00000000ef400000, 0x00000000ef500000, 0x00000000ef500000|100%| S|CS|TAMS 0x00000000ef400000| PB 0x00000000ef400000| Complete 
| 245|0x00000000ef500000, 0x00000000ef600000, 0x00000000ef600000|100%| E|CS|TAMS 0x00000000ef500000| PB 0x00000000ef500000| Complete 
| 246|0x00000000ef600000, 0x00000000ef700000, 0x00000000ef700000|100%| E|CS|TAMS 0x00000000ef600000| PB 0x00000000ef600000| Complete 
| 247|0x00000000ef700000, 0x00000000ef800000, 0x00000000ef800000|100%| E|CS|TAMS 0x00000000ef700000| PB 0x00000000ef700000| Complete 
| 248|0x00000000ef800000, 0x00000000ef900000, 0x00000000ef900000|100%| E|CS|TAMS 0x00000000ef800000| PB 0x00000000ef800000| Complete 
| 249|0x00000000ef900000, 0x00000000efa00000, 0x00000000efa00000|100%| E|CS|TAMS 0x00000000ef900000| PB 0x00000000ef900000| Complete 
| 250|0x00000000efa00000, 0x00000000efb00000, 0x00000000efb00000|100%| E|CS|TAMS 0x00000000efa00000| PB 0x00000000efa00000| Complete 
| 251|0x00000000efb00000, 0x00000000efc00000, 0x00000000efc00000|100%| E|CS|TAMS 0x00000000efb00000| PB 0x00000000efb00000| Complete 
| 252|0x00000000efc00000, 0x00000000efd00000, 0x00000000efd00000|100%| E|CS|TAMS 0x00000000efc00000| PB 0x00000000efc00000| Complete 
| 253|0x00000000efd00000, 0x00000000efe00000, 0x00000000efe00000|100%| E|CS|TAMS 0x00000000efd00000| PB 0x00000000efd00000| Complete 
| 254|0x00000000efe00000, 0x00000000eff00000, 0x00000000eff00000|100%| E|CS|TAMS 0x00000000efe00000| PB 0x00000000efe00000| Complete 
| 255|0x00000000eff00000, 0x00000000f0000000, 0x00000000f0000000|100%| E|CS|TAMS 0x00000000eff00000| PB 0x00000000eff00000| Complete 

Card table byte_map: [0x000001d2606d0000,0x000001d2607d0000] _byte_map_base: 0x000001d25ffd0000

Marking Bits: (CMBitMap*) 0x000001d24db7e8b0
 Bits: [0x000001d2607d0000, 0x000001d260fd0000)

Polling page: 0x000001d24ba00000

Metaspace:

Usage:
  Non-class:     38.39 MB used.
      Class:      6.70 MB used.
       Both:     45.09 MB used.

Virtual space:
  Non-class space:       64.00 MB reserved,      39.25 MB ( 61%) committed,  1 nodes.
      Class space:      320.00 MB reserved,       7.56 MB (  2%) committed,  1 nodes.
             Both:      384.00 MB reserved,      46.81 MB ( 12%) committed. 

Chunk freelists:
   Non-Class:  8.36 MB
       Class:  8.39 MB
        Both:  16.75 MB

MaxMetaspaceSize: 384.00 MB
CompressedClassSpaceSize: 320.00 MB
Initial GC threshold: 21.00 MB
Current GC threshold: 59.94 MB
CDS: on
 - commit_granule_bytes: 65536.
 - commit_granule_words: 8192.
 - virtual_space_node_default_size: 8388608.
 - enlarge_chunks_in_place: 1.
 - use_allocation_guard: 0.


Internal statistics:

num_allocs_failed_limit: 12.
num_arena_births: 3292.
num_arena_deaths: 0.
num_vsnodes_births: 2.
num_vsnodes_deaths: 0.
num_space_committed: 749.
num_space_uncommitted: 0.
num_chunks_returned_to_freelist: 12.
num_chunks_taken_from_freelist: 5601.
num_chunk_merges: 9.
num_chunk_splits: 3613.
num_chunks_enlarged: 2161.
num_inconsistent_stats: 0.

CodeHeap 'non-profiled nmethods': size=119168Kb used=2908Kb max_used=2908Kb free=116259Kb
 bounds [0x000001d2588f0000, 0x000001d258bd0000, 0x000001d25fd50000]
CodeHeap 'profiled nmethods': size=119104Kb used=9506Kb max_used=9506Kb free=109597Kb
 bounds [0x000001d250d50000, 0x000001d2516a0000, 0x000001d2581a0000]
CodeHeap 'non-nmethods': size=7488Kb used=1881Kb max_used=3552Kb free=5606Kb
 bounds [0x000001d2581a0000, 0x000001d2585a0000, 0x000001d2588f0000]
CodeCache: size=245760Kb, used=14295Kb, max_used=15966Kb, free=231462Kb
 total_blobs=5634, nmethods=4882, adapters=655, full_count=0
Compilation: enabled, stopped_count=0, restarted_count=0

Compilation events (20 events):
Event: 135.292 Thread 0x000001d27d027c80 nmethod 5318 0x000001d251696010 code [0x000001d2516961e0, 0x000001d251696520]
Event: 135.326 Thread 0x000001d27d027c80 5319       3       java.util.concurrent.atomic.AtomicReference::compareAndSet (10 bytes)
Event: 135.328 Thread 0x000001d27d027c80 nmethod 5319 0x000001d251696690 code [0x000001d251696920, 0x000001d251697450]
Event: 135.349 Thread 0x000001d27d01f070 5320       4       org.gradle.internal.instantiation.generator.AbstractClassGenerator$InjectionAnnotationValidator::validateMethod (166 bytes)
Event: 135.350 Thread 0x000001d27d027c80 5323       3       org.gradle.model.internal.asm.ClassVisitorScope::privateSyntheticMethod (12 bytes)
Event: 135.350 Thread 0x000001d27d027c80 nmethod 5323 0x000001d251697810 code [0x000001d2516979c0, 0x000001d251697b20]
Event: 135.351 Thread 0x000001d27d027c80 5324       3       org.gradle.internal.instantiation.generator.AsmBackedClassGenerator$ClassBuilderImpl::access$5800 (4 bytes)
Event: 135.351 Thread 0x000001d27d027c80 nmethod 5324 0x000001d251697c10 code [0x000001d251697da0, 0x000001d251697e98]
Event: 135.359 Thread 0x000001d27d01f070 nmethod 5320 0x000001d258bc0890 code [0x000001d258bc0a60, 0x000001d258bc0df0]
Event: 135.359 Thread 0x000001d27d01f070 5322       4       org.gradle.internal.reflect.PropertyAccessorType::of (99 bytes)
Event: 135.375 Thread 0x000001d27d027c80 5325       3       org.objectweb.asm.Type::getType (10 bytes)
Event: 135.376 Thread 0x000001d27d027c80 nmethod 5325 0x000001d251697f10 code [0x000001d2516980e0, 0x000001d251698310]
Event: 135.379 Thread 0x000001d27d01f070 nmethod 5322 0x000001d258bc1090 code [0x000001d258bc1280, 0x000001d258bc1750]
Event: 135.379 Thread 0x000001d27d01f070 5326       4       org.objectweb.asm.Type::getArgumentsAndReturnSizes (140 bytes)
Event: 135.398 Thread 0x000001d27d01f070 nmethod 5326 0x000001d258bc1f10 code [0x000001d258bc2140, 0x000001d258bc2968]
Event: 135.398 Thread 0x000001d27d01f070 5321       4       org.gradle.internal.instantiation.generator.AbstractClassGenerator$InjectionAnnotationValidator::validateMethod (506 bytes)
Event: 135.427 Thread 0x000001d27d01f070 nmethod 5321 0x000001d258bc3090 code [0x000001d258bc3320, 0x000001d258bc4008]
Event: 135.471 Thread 0x000001d27d027c80 5328       3       java.io.FilterOutputStream::<init> (21 bytes)
Event: 135.472 Thread 0x000001d27d027c80 nmethod 5328 0x000001d251698490 code [0x000001d251698640, 0x000001d251698978]
Event: 135.473 Thread 0x000001d27d01f070 5329       4       org.objectweb.asm.Type::getInternalName (16 bytes)

GC Heap History (14 events):
Event: 16.306 GC heap before
{Heap before GC invocations=0 (full 0):
 garbage-first heap   total 262144K, used 26624K [0x00000000e0000000, 0x0000000100000000)
  region size 1024K, 23 young (23552K), 0 survivors (0K)
 Metaspace       used 2868K, committed 3008K, reserved 393216K
  class space    used 336K, committed 384K, reserved 327680K
}
Event: 16.477 GC heap after
{Heap after GC invocations=1 (full 0):
 garbage-first heap   total 262144K, used 10794K [0x00000000e0000000, 0x0000000100000000)
  region size 1024K, 3 young (3072K), 3 survivors (3072K)
 Metaspace       used 2868K, committed 3008K, reserved 393216K
  class space    used 336K, committed 384K, reserved 327680K
}
Event: 51.901 GC heap before
{Heap before GC invocations=1 (full 0):
 garbage-first heap   total 262144K, used 40490K [0x00000000e0000000, 0x0000000100000000)
  region size 1024K, 31 young (31744K), 3 survivors (3072K)
 Metaspace       used 4755K, committed 4928K, reserved 393216K
  class space    used 599K, committed 704K, reserved 327680K
}
Event: 51.906 GC heap after
{Heap after GC invocations=2 (full 0):
 garbage-first heap   total 262144K, used 15621K [0x00000000e0000000, 0x0000000100000000)
  region size 1024K, 4 young (4096K), 4 survivors (4096K)
 Metaspace       used 4755K, committed 4928K, reserved 393216K
  class space    used 599K, committed 704K, reserved 327680K
}
Event: 90.443 GC heap before
{Heap before GC invocations=2 (full 0):
 garbage-first heap   total 262144K, used 85253K [0x00000000e0000000, 0x0000000100000000)
  region size 1024K, 72 young (73728K), 4 survivors (4096K)
 Metaspace       used 15472K, committed 15872K, reserved 393216K
  class space    used 2136K, committed 2304K, reserved 327680K
}
Event: 90.461 GC heap after
{Heap after GC invocations=3 (full 0):
 garbage-first heap   total 262144K, used 22194K [0x00000000e0000000, 0x0000000100000000)
  region size 1024K, 9 young (9216K), 9 survivors (9216K)
 Metaspace       used 15472K, committed 15872K, reserved 393216K
  class space    used 2136K, committed 2304K, reserved 327680K
}
Event: 93.292 GC heap before
{Heap before GC invocations=3 (full 0):
 garbage-first heap   total 262144K, used 58034K [0x00000000e0000000, 0x0000000100000000)
  region size 1024K, 43 young (44032K), 9 survivors (9216K)
 Metaspace       used 20843K, committed 21504K, reserved 393216K
  class space    used 2863K, committed 3200K, reserved 327680K
}
Event: 93.304 GC heap after
{Heap after GC invocations=4 (full 0):
 garbage-first heap   total 262144K, used 25402K [0x00000000e0000000, 0x0000000100000000)
  region size 1024K, 3 young (3072K), 3 survivors (3072K)
 Metaspace       used 20843K, committed 21504K, reserved 393216K
  class space    used 2863K, committed 3200K, reserved 327680K
}
Event: 108.429 GC heap before
{Heap before GC invocations=5 (full 0):
 garbage-first heap   total 262144K, used 126778K [0x00000000e0000000, 0x0000000100000000)
  region size 1024K, 104 young (106496K), 3 survivors (3072K)
 Metaspace       used 34743K, committed 36096K, reserved 393216K
  class space    used 5093K, committed 5760K, reserved 327680K
}
Event: 108.446 GC heap after
{Heap after GC invocations=6 (full 0):
 garbage-first heap   total 262144K, used 30318K [0x00000000e0000000, 0x0000000100000000)
  region size 1024K, 9 young (9216K), 9 survivors (9216K)
 Metaspace       used 34743K, committed 36096K, reserved 393216K
  class space    used 5093K, committed 5760K, reserved 327680K
}
Event: 108.596 GC heap before
{Heap before GC invocations=6 (full 0):
 garbage-first heap   total 262144K, used 31342K [0x00000000e0000000, 0x0000000100000000)
  region size 1024K, 11 young (11264K), 9 survivors (9216K)
 Metaspace       used 35084K, committed 36416K, reserved 393216K
  class space    used 5116K, committed 5760K, reserved 327680K
}
Event: 108.605 GC heap after
{Heap after GC invocations=7 (full 0):
 garbage-first heap   total 262144K, used 30256K [0x00000000e0000000, 0x0000000100000000)
  region size 1024K, 9 young (9216K), 9 survivors (9216K)
 Metaspace       used 35084K, committed 36416K, reserved 393216K
  class space    used 5116K, committed 5760K, reserved 327680K
}
Event: 108.819 GC heap before
{Heap before GC invocations=7 (full 0):
 garbage-first heap   total 262144K, used 31280K [0x00000000e0000000, 0x0000000100000000)
  region size 1024K, 11 young (11264K), 9 survivors (9216K)
 Metaspace       used 35288K, committed 36736K, reserved 393216K
  class space    used 5140K, committed 5888K, reserved 327680K
}
Event: 108.828 GC heap after
{Heap after GC invocations=8 (full 0):
 garbage-first heap   total 262144K, used 30943K [0x00000000e0000000, 0x0000000100000000)
  region size 1024K, 9 young (9216K), 9 survivors (9216K)
 Metaspace       used 35288K, committed 36736K, reserved 393216K
  class space    used 5140K, committed 5888K, reserved 327680K
}

Dll operation events (20 events):
Event: 0.870 Attempting to load shared library C:\Users\chae0\.vscode\extensions\redhat.java-1.56.0-win32-x64\jre\21.0.12.1-win32-x86_64\bin\nio.dll
Event: 0.878 Loaded shared library C:\Users\chae0\.vscode\extensions\redhat.java-1.56.0-win32-x64\jre\21.0.12.1-win32-x86_64\bin\nio.dll
Event: 0.899 Attempting to load shared library C:\Users\chae0\.vscode\extensions\redhat.java-1.56.0-win32-x64\jre\21.0.12.1-win32-x86_64\bin\zip.dll
Event: 0.899 Loaded shared library C:\Users\chae0\.vscode\extensions\redhat.java-1.56.0-win32-x64\jre\21.0.12.1-win32-x86_64\bin\zip.dll
Event: 7.166 Attempting to load shared library C:\Users\chae0\.vscode\extensions\redhat.java-1.56.0-win32-x64\jre\21.0.12.1-win32-x86_64\bin\jimage.dll
Event: 7.166 Loaded shared library C:\Users\chae0\.vscode\extensions\redhat.java-1.56.0-win32-x64\jre\21.0.12.1-win32-x86_64\bin\jimage.dll
Event: 14.848 Attempting to load shared library C:\Users\chae0\.vscode\extensions\redhat.java-1.56.0-win32-x64\jre\21.0.12.1-win32-x86_64\bin\verify.dll
Event: 14.866 Loaded shared library C:\Users\chae0\.vscode\extensions\redhat.java-1.56.0-win32-x64\jre\21.0.12.1-win32-x86_64\bin\verify.dll
Event: 15.469 Attempting to load shared library C:\Users\chae0\.gradle\native\660c5614fbf4a5f2a75b1949f50a0caf5cd603558e7d8a26e50b933a0cfb79d1\windows-amd64\native-platform.dll
Event: 15.496 Loaded shared library C:\Users\chae0\.gradle\native\660c5614fbf4a5f2a75b1949f50a0caf5cd603558e7d8a26e50b933a0cfb79d1\windows-amd64\native-platform.dll
Event: 15.788 Attempting to load shared library C:\Users\chae0\.gradle\native\0.2.8\x86_64-windows-gnu\gradle-fileevents.dll
Event: 15.808 Loaded shared library C:\Users\chae0\.gradle\native\0.2.8\x86_64-windows-gnu\gradle-fileevents.dll
Event: 61.947 Attempting to load shared library C:\Users\chae0\.vscode\extensions\redhat.java-1.56.0-win32-x64\jre\21.0.12.1-win32-x86_64\bin\management.dll
Event: 61.975 Loaded shared library C:\Users\chae0\.vscode\extensions\redhat.java-1.56.0-win32-x64\jre\21.0.12.1-win32-x86_64\bin\management.dll
Event: 62.090 Attempting to load shared library C:\Users\chae0\.vscode\extensions\redhat.java-1.56.0-win32-x64\jre\21.0.12.1-win32-x86_64\bin\management_ext.dll
Event: 62.111 Loaded shared library C:\Users\chae0\.vscode\extensions\redhat.java-1.56.0-win32-x64\jre\21.0.12.1-win32-x86_64\bin\management_ext.dll
Event: 64.381 Attempting to load shared library C:\Users\chae0\.vscode\extensions\redhat.java-1.56.0-win32-x64\jre\21.0.12.1-win32-x86_64\bin\extnet.dll
Event: 64.434 Loaded shared library C:\Users\chae0\.vscode\extensions\redhat.java-1.56.0-win32-x64\jre\21.0.12.1-win32-x86_64\bin\extnet.dll
Event: 88.385 Attempting to load shared library C:\Users\chae0\.vscode\extensions\redhat.java-1.56.0-win32-x64\jre\21.0.12.1-win32-x86_64\bin\sunmscapi.dll
Event: 88.422 Loaded shared library C:\Users\chae0\.vscode\extensions\redhat.java-1.56.0-win32-x64\jre\21.0.12.1-win32-x86_64\bin\sunmscapi.dll

Deoptimization events (20 events):
Event: 130.916 Thread 0x000001d27ec8b480 Uncommon trap: trap_request=0xffffffc6 fr.pc=0x000001d258ac705c relative=0x00000000000002fc
Event: 130.916 Thread 0x000001d27ec8b480 Uncommon trap: reason=bimorphic_or_optimized_type_check action=maybe_recompile pc=0x000001d258ac705c method=com.google.common.base.CharMatcher.indexIn(Ljava/lang/CharSequence;I)I @ 31 c2
Event: 130.916 Thread 0x000001d27ec8b480 DEOPT PACKING pc=0x000001d258ac705c sp=0x0000009f591f8bd0
Event: 130.916 Thread 0x000001d27ec8b480 DEOPT UNPACKING pc=0x000001d2581f4422 sp=0x0000009f591f8b78 mode 2
Event: 131.786 Thread 0x000001d27ec8b480 Uncommon trap: trap_request=0xffffff45 fr.pc=0x000001d25897abb8 relative=0x0000000000000218
Event: 131.786 Thread 0x000001d27ec8b480 Uncommon trap: reason=unstable_if action=reinterpret pc=0x000001d25897abb8 method=java.net.URI$Parser.scan(IILjava/lang/String;)I @ 26 c2
Event: 131.786 Thread 0x000001d27ec8b480 DEOPT PACKING pc=0x000001d25897abb8 sp=0x0000009f591f7d80
Event: 131.786 Thread 0x000001d27ec8b480 DEOPT UNPACKING pc=0x000001d2581f4422 sp=0x0000009f591f7d00 mode 2
Event: 131.787 Thread 0x000001d27ec8b480 Uncommon trap: trap_request=0xffffff45 fr.pc=0x000001d258979070 relative=0x0000000000000250
Event: 131.787 Thread 0x000001d27ec8b480 Uncommon trap: reason=unstable_if action=reinterpret pc=0x000001d258979070 method=java.net.URI.match(CJJ)Z @ 45 c2
Event: 131.787 Thread 0x000001d27ec8b480 DEOPT PACKING pc=0x000001d258979070 sp=0x0000009f591f7ae0
Event: 131.787 Thread 0x000001d27ec8b480 DEOPT UNPACKING pc=0x000001d2581f4422 sp=0x0000009f591f7a08 mode 2
Event: 131.787 Thread 0x000001d27ec8b480 Uncommon trap: trap_request=0xffffff45 fr.pc=0x000001d25891b1f8 relative=0x0000000000000058
Event: 131.787 Thread 0x000001d27ec8b480 Uncommon trap: reason=unstable_if action=reinterpret pc=0x000001d25891b1f8 method=java.net.URI.match(CJJ)Z @ 19 c2
Event: 131.787 Thread 0x000001d27ec8b480 DEOPT PACKING pc=0x000001d25891b1f8 sp=0x0000009f591f7af0
Event: 131.787 Thread 0x000001d27ec8b480 DEOPT UNPACKING pc=0x000001d2581f4422 sp=0x0000009f591f7a80 mode 2
Event: 134.812 Thread 0x000001d27ec8b480 Uncommon trap: trap_request=0xffffffde fr.pc=0x000001d258a55a10 relative=0x00000000000002d0
Event: 134.812 Thread 0x000001d27ec8b480 Uncommon trap: reason=class_check action=maybe_recompile pc=0x000001d258a55a10 method=java.util.Collections$SetFromMap.remove(Ljava/lang/Object;)Z @ 5 c2
Event: 134.812 Thread 0x000001d27ec8b480 DEOPT PACKING pc=0x000001d258a55a10 sp=0x0000009f591f8430
Event: 134.812 Thread 0x000001d27ec8b480 DEOPT UNPACKING pc=0x000001d2581f4422 sp=0x0000009f591f8418 mode 2

Classes loaded (20 events):
Event: 132.721 Loading class javax/net/ssl/HostnameVerifier
Event: 132.721 Loading class javax/net/ssl/HostnameVerifier done
Event: 132.740 Loading class javax/net/ssl/TrustManager
Event: 132.740 Loading class javax/net/ssl/TrustManager done
Event: 132.742 Loading class javax/net/ssl/X509TrustManager
Event: 132.742 Loading class javax/net/ssl/X509TrustManager done
Event: 132.749 Loading class javax/naming/NamingException
Event: 132.749 Loading class javax/naming/NamingException done
Event: 132.749 Loading class javax/naming/InvalidNameException
Event: 132.750 Loading class javax/naming/InvalidNameException done
Event: 132.750 Loading class javax/net/ssl/SSLException
Event: 132.750 Loading class javax/net/ssl/SSLException done
Event: 132.750 Loading class javax/net/ssl/SSLPeerUnverifiedException
Event: 132.750 Loading class javax/net/ssl/SSLPeerUnverifiedException done
Event: 132.750 Loading class java/security/cert/CertificateParsingException
Event: 132.750 Loading class java/security/cert/CertificateException
Event: 132.750 Loading class java/security/cert/CertificateException done
Event: 132.750 Loading class java/security/cert/CertificateParsingException done
Event: 134.211 Loading class java/nio/file/Path$1
Event: 134.211 Loading class java/nio/file/Path$1 done

Classes unloaded (0 events):
No events

Classes redefined (0 events):
No events

Internal exceptions (20 events):
Event: 130.260 Thread 0x000001d27ec8b480 Exception <a 'java/lang/ClassNotFoundException'{0x00000000ebb15fc0}: org/gradle/plugin/use/internal/PluginRequestCollector$PluginDependenciesSpecImplCustomizer> (0x00000000ebb15fc0) 
thrown [s\src\hotspot\share\classfile\systemDictionary.cpp, line 313]
Event: 130.266 Thread 0x000001d27ec8b480 Exception <a 'java/lang/NoSuchMethodError'{0x00000000ebb24798}: 'java.lang.Object java.lang.invoke.DirectMethodHandle$Holder.invokeVirtual(java.lang.Object, java.lang.Object, java.lang.Object, int)'> (0x00000000ebb24798) 
thrown [s\src\hotspot\share\interpreter\linkResolver.cpp, line 773]
Event: 130.323 Thread 0x000001d27ec8b480 Exception <a 'java/lang/ClassNotFoundException'{0x00000000ebb78308}: org/gradle/plugin/use/internal/PluginRequestCollector$PluginDependencySpecImplBeanInfo> (0x00000000ebb78308) 
thrown [s\src\hotspot\share\classfile\systemDictionary.cpp, line 313]
Event: 130.325 Thread 0x000001d27ec8b480 Exception <a 'java/lang/ClassNotFoundException'{0x00000000ebb8a710}: org/gradle/plugin/use/internal/PluginRequestCollector$PluginDependencySpecImplCustomizer> (0x00000000ebb8a710) 
thrown [s\src\hotspot\share\classfile\systemDictionary.cpp, line 313]
Event: 130.341 Thread 0x000001d27ec8b480 Exception <a 'java/lang/NoSuchMethodError'{0x00000000ebbaeb48}: 'void java.lang.invoke.DirectMethodHandle$Holder.invokeStatic(java.lang.Object, java.lang.Object, java.lang.Object, java.lang.Object, java.lang.Object, java.lang.Object)'> (0x00000000ebbaeb48) 
thrown [s\src\hotspot\share\interpreter\linkResolver.cpp, line 773]
Event: 130.834 Thread 0x000001d27ec8b480 Exception <a 'java/lang/NoSuchMethodError'{0x00000000eb8cb5d8}: 'java.lang.Object java.lang.invoke.DirectMethodHandle$Holder.newInvokeSpecial(java.lang.Object, java.lang.Object, java.lang.Object, java.lang.Object, int)'> (0x00000000eb8cb5d8) 
thrown [s\src\hotspot\share\interpreter\linkResolver.cpp, line 773]
Event: 130.834 Thread 0x000001d27ec8b480 Exception <a 'java/lang/NoSuchMethodError'{0x00000000eb8cfd58}: 'java.lang.Object java.lang.invoke.Invokers$Holder.linkToTargetMethod(java.lang.Object, java.lang.Object, java.lang.Object, int, java.lang.Object)'> (0x00000000eb8cfd58) 
thrown [s\src\hotspot\share\interpreter\linkResolver.cpp, line 773]
Event: 130.848 Thread 0x000001d27ec8b480 Exception <a 'java/lang/NoSuchMethodError'{0x00000000eb8fbec8}: 'java.lang.Object java.lang.invoke.DirectMethodHandle$Holder.newInvokeSpecial(java.lang.Object, java.lang.Object, java.lang.Object, java.lang.Object, java.lang.Object, java.lang.Object, java.lang.Object, java.lang.Object, java.lang.Object, java.lang.Object, java.lang.Object, java.lang.Object, java.lang.Object, java.lang.Object, java.lang.Object, java.lang.Object, java.lang.Object, java.lang.Object, java.lang.Object)'> (0x00000000eb8fbec8) 
thr
Event: 130.849 Thread 0x000001d27ec8b480 Exception <a 'java/lang/NoSuchMethodError'{0x00000000eb702d88}: 'java.lang.Object java.lang.invoke.DirectMethodHandle$Holder.invokeSpecial(java.lang.Object, java.lang.Object, java.lang.Object, java.lang.Object, java.lang.Object, java.lang.Object, java.lang.Object, java.lang.Object, java.lang.Object, java.lang.Object, java.lang.Object, java.lang.Object, java.lang.Object, java.lang.Object, java.lang.Object, java.lang.Object, java.lang.Object, java.lang.Object, java.lang.Object, java.lang.Object)'> (0x0000000
Event: 130.849 Thread 0x000001d27ec8b480 Exception <a 'java/lang/NoSuchMethodError'{0x00000000eb7085d8}: 'java.lang.Object java.lang.invoke.DelegatingMethodHandle$Holder.reinvoke_L(java.lang.Object, java.lang.Object, java.lang.Object, java.lang.Object, java.lang.Object, java.lang.Object, java.lang.Object, java.lang.Object, java.lang.Object, java.lang.Object, java.lang.Object, java.lang.Object, java.lang.Object, java.lang.Object, java.lang.Object, java.lang.Object, java.lang.Object, java.lang.Object, java.lang.Object)'> (0x00000000eb7085d8) 
throw
Event: 131.448 Thread 0x000001d27ec8b480 Exception <a 'java/lang/NoSuchMethodError'{0x00000000eb232488}: 'java.lang.Object java.lang.invoke.DelegatingMethodHandle$Holder.reinvoke_L(java.lang.Object, java.lang.Object, java.lang.Object, java.lang.Object, int, java.lang.Object, java.lang.Object, java.lang.Object, java.lang.Object, java.lang.Object, java.lang.Object, java.lang.Object, java.lang.Object)'> (0x00000000eb232488) 
thrown [s\src\hotspot\share\interpreter\linkResolver.cpp, line 773]
Event: 131.732 Thread 0x000001d27ec8b480 Exception <a 'java/lang/NoSuchMethodError'{0x00000000eb0a5888}: 'java.lang.Object java.lang.invoke.DirectMethodHandle$Holder.newInvokeSpecial(java.lang.Object, java.lang.Object, java.lang.Object, int, java.lang.Object)'> (0x00000000eb0a5888) 
thrown [s\src\hotspot\share\interpreter\linkResolver.cpp, line 773]
Event: 131.733 Thread 0x000001d27ec8b480 Exception <a 'java/lang/NoSuchMethodError'{0x00000000eb0a9cf8}: 'java.lang.Object java.lang.invoke.Invokers$Holder.linkToTargetMethod(java.lang.Object, java.lang.Object, int, java.lang.Object, java.lang.Object)'> (0x00000000eb0a9cf8) 
thrown [s\src\hotspot\share\interpreter\linkResolver.cpp, line 773]
Event: 132.057 Thread 0x000001d27ec8b480 Exception <a 'java/lang/NoSuchMethodError'{0x00000000eaef78c0}: 'java.lang.Object java.lang.invoke.DirectMethodHandle$Holder.newInvokeSpecial(java.lang.Object, int, java.lang.Object)'> (0x00000000eaef78c0) 
thrown [s\src\hotspot\share\interpreter\linkResolver.cpp, line 773]
Event: 133.206 Thread 0x000001d27ec8b480 Exception <a 'java/lang/NoSuchMethodError'{0x00000000ea598b08}: 'java.lang.Object java.lang.invoke.DirectMethodHandle$Holder.newInvokeSpecial(java.lang.Object, java.lang.Object, java.lang.Object, int)'> (0x00000000ea598b08) 
thrown [s\src\hotspot\share\interpreter\linkResolver.cpp, line 773]
Event: 133.207 Thread 0x000001d27ec8b480 Exception <a 'java/lang/NoSuchMethodError'{0x00000000ea59d3d8}: 'java.lang.Object java.lang.invoke.Invokers$Holder.linkToTargetMethod(java.lang.Object, java.lang.Object, int, java.lang.Object)'> (0x00000000ea59d3d8) 
thrown [s\src\hotspot\share\interpreter\linkResolver.cpp, line 773]
Event: 134.208 Thread 0x000001d27ec8b480 Exception <a 'java/lang/NoSuchMethodError'{0x00000000ea21af28}: 'int java.lang.invoke.DirectMethodHandle$Holder.invokeSpecialIFC(java.lang.Object, java.lang.Object, java.lang.Object)'> (0x00000000ea21af28) 
thrown [s\src\hotspot\share\interpreter\linkResolver.cpp, line 773]
Event: 134.730 Thread 0x000001d27ec8b480 Exception <a 'java/lang/NoSuchMethodError'{0x00000000e9ec7f88}: 'void java.lang.invoke.DirectMethodHandle$Holder.invokeStatic(java.lang.Object, java.lang.Object, java.lang.Object, int, java.lang.Object)'> (0x00000000e9ec7f88) 
thrown [s\src\hotspot\share\interpreter\linkResolver.cpp, line 773]
Event: 134.836 Thread 0x000001d27ec8b480 Exception <a 'java/lang/NoSuchMethodError'{0x00000000e9c60ca8}: 'int java.lang.invoke.DirectMethodHandle$Holder.invokeInterface(java.lang.Object, java.lang.Object, java.lang.Object, java.lang.Object, java.lang.Object)'> (0x00000000e9c60ca8) 
thrown [s\src\hotspot\share\interpreter\linkResolver.cpp, line 773]
Event: 135.380 Thread 0x000001d27ec8b480 Exception <a 'java/lang/NoSuchMethodError'{0x00000000e993b188}: 'java.lang.Object java.lang.invoke.DirectMethodHandle$Holder.newInvokeSpecial(java.lang.Object, java.lang.Object, java.lang.Object, java.lang.Object, java.lang.Object, java.lang.Object, java.lang.Object, java.lang.Object, java.lang.Object, java.lang.Object, java.lang.Object, java.lang.Object, java.lang.Object)'> (0x00000000e993b188) 
thrown [s\src\hotspot\share\interpreter\linkResolver.cpp, line 773]

ZGC Phase Switch (0 events):
No events

VM Operations (20 events):
Event: 126.691 Executing safepoint VM operation: Cleanup
Event: 126.691 Executing safepoint VM operation: Cleanup done
Event: 127.690 Executing non-safepoint VM operation: HandshakeAllThreads (Deoptimize)
Event: 127.691 Executing non-safepoint VM operation: HandshakeAllThreads (Deoptimize) done
Event: 128.698 Executing safepoint VM operation: Cleanup
Event: 128.698 Executing safepoint VM operation: Cleanup done
Event: 129.711 Executing safepoint VM operation: Cleanup
Event: 129.711 Executing safepoint VM operation: Cleanup done
Event: 130.726 Executing safepoint VM operation: Cleanup
Event: 130.727 Executing safepoint VM operation: Cleanup done
Event: 131.737 Executing safepoint VM operation: Cleanup
Event: 131.738 Executing safepoint VM operation: Cleanup done
Event: 132.748 Executing safepoint VM operation: Cleanup
Event: 132.748 Executing safepoint VM operation: Cleanup done
Event: 133.762 Executing safepoint VM operation: Cleanup
Event: 133.762 Executing safepoint VM operation: Cleanup done
Event: 134.239 Executing non-safepoint VM operation: HandshakeAllThreads (Deoptimize)
Event: 134.240 Executing non-safepoint VM operation: HandshakeAllThreads (Deoptimize) done
Event: 135.252 Executing safepoint VM operation: Cleanup
Event: 135.252 Executing safepoint VM operation: Cleanup done

Memory protections (0 events):
No events

Nmethod flushes (20 events):
Event: 108.867 Thread 0x000001d263fa2cd0 flushing  nmethod 0x000001d250ea4810
Event: 108.867 Thread 0x000001d263fa2cd0 flushing  nmethod 0x000001d250ea4f10
Event: 108.867 Thread 0x000001d263fa2cd0 flushing  nmethod 0x000001d250ea5990
Event: 108.867 Thread 0x000001d263fa2cd0 flushing  nmethod 0x000001d250ec2a90
Event: 108.867 Thread 0x000001d263fa2cd0 flushing  nmethod 0x000001d250ed5590
Event: 108.867 Thread 0x000001d263fa2cd0 flushing  nmethod 0x000001d250ed6890
Event: 108.867 Thread 0x000001d263fa2cd0 flushing  nmethod 0x000001d250ed7290
Event: 108.867 Thread 0x000001d263fa2cd0 flushing  nmethod 0x000001d250ed8090
Event: 108.867 Thread 0x000001d263fa2cd0 flushing  nmethod 0x000001d250eda690
Event: 108.867 Thread 0x000001d263fa2cd0 flushing  nmethod 0x000001d250edab10
Event: 108.867 Thread 0x000001d263fa2cd0 flushing  nmethod 0x000001d250edbc10
Event: 108.867 Thread 0x000001d263fa2cd0 flushing  nmethod 0x000001d250ede610
Event: 108.867 Thread 0x000001d263fa2cd0 flushing  nmethod 0x000001d250ef2090
Event: 108.867 Thread 0x000001d263fa2cd0 flushing  nmethod 0x000001d250ef2a10
Event: 108.867 Thread 0x000001d263fa2cd0 flushing  nmethod 0x000001d250ef3310
Event: 108.867 Thread 0x000001d263fa2cd0 flushing  nmethod 0x000001d250ef3790
Event: 108.867 Thread 0x000001d263fa2cd0 flushing  nmethod 0x000001d251098510
Event: 108.867 Thread 0x000001d263fa2cd0 flushing  nmethod 0x000001d251099410
Event: 108.867 Thread 0x000001d263fa2cd0 flushing  nmethod 0x000001d25110ec10
Event: 108.867 Thread 0x000001d263fa2cd0 flushing  nmethod 0x000001d25112b110

Events (20 events):
Event: 107.890 Thread 0x000001d27d027c80 Thread added: 0x000001d202006540
Event: 108.656 Thread 0x000001d27d027c80 Thread added: 0x000001d2020094f0
Event: 108.659 Thread 0x000001d27d027c80 Thread added: 0x000001d2020079b0
Event: 108.719 Thread 0x000001d27d027c80 Thread added: 0x000001d202008750
Event: 108.719 Thread 0x000001d27d027c80 Thread added: 0x000001d202006c10
Event: 108.720 Thread 0x000001d27d027c80 Thread added: 0x000001d202008080
Event: 109.117 Thread 0x000001d2020079b0 Thread exited: 0x000001d2020079b0
Event: 109.117 Thread 0x000001d2020094f0 Thread exited: 0x000001d2020094f0
Event: 109.889 Thread 0x000001d202006540 Thread exited: 0x000001d202006540
Event: 109.925 Thread 0x000001d202009bc0 Thread exited: 0x000001d202009bc0
Event: 112.282 Thread 0x000001d202008080 Thread exited: 0x000001d202008080
Event: 112.290 Thread 0x000001d202006c10 Thread exited: 0x000001d202006c10
Event: 112.290 Thread 0x000001d202008750 Thread exited: 0x000001d202008750
Event: 112.296 Thread 0x000001d27d01f070 Thread added: 0x000001d202008e20
Event: 116.804 Thread 0x000001d202008e20 Thread exited: 0x000001d202008e20
Event: 119.639 Thread 0x000001d27ec8b480 Thread added: 0x000001d27f675420
Event: 121.891 Thread 0x000001d27ec8b480 Thread added: 0x000001d27f6739e0
Event: 122.557 Thread 0x000001d27d027c80 Thread added: 0x000001d201515090
Event: 129.530 Thread 0x000001d27ec8b480 Thread added: 0x000001d27f674700
Event: 133.271 Thread 0x000001d201515090 Thread exited: 0x000001d201515090


Dynamic libraries:
0x00007ff72abc0000 - 0x00007ff72abce000 	C:\Users\chae0\.vscode\extensions\redhat.java-1.56.0-win32-x64\jre\21.0.12.1-win32-x86_64\bin\java.exe
0x00007ffad4800000 - 0x00007ffad4a66000 	C:\WINDOWS\SYSTEM32\ntdll.dll
0x00007ffad31a0000 - 0x00007ffad3269000 	C:\WINDOWS\System32\KERNEL32.DLL
0x00007ffad2030000 - 0x00007ffad242f000 	C:\WINDOWS\System32\KERNELBASE.dll
0x00007ffad1e40000 - 0x00007ffad1f8c000 	C:\WINDOWS\System32\ucrtbase.dll
0x00007ffa98630000 - 0x00007ffa98648000 	C:\Users\chae0\.vscode\extensions\redhat.java-1.56.0-win32-x64\jre\21.0.12.1-win32-x86_64\bin\jli.dll
0x00007ffa98610000 - 0x00007ffa9862e000 	C:\Users\chae0\.vscode\extensions\redhat.java-1.56.0-win32-x64\jre\21.0.12.1-win32-x86_64\bin\VCRUNTIME140.dll
0x00007ffad45f0000 - 0x00007ffad47b6000 	C:\WINDOWS\System32\USER32.dll
0x00007ffad2440000 - 0x00007ffad2467000 	C:\WINDOWS\System32\win32u.dll
0x00007ffad27d0000 - 0x00007ffad27fb000 	C:\WINDOWS\System32\GDI32.dll
0x00007ffad1b80000 - 0x00007ffad1ca9000 	C:\WINDOWS\System32\gdi32full.dll
0x00007ffad1ad0000 - 0x00007ffad1b73000 	C:\WINDOWS\System32\msvcp_win.dll
0x00007ffaba140000 - 0x00007ffaba3d1000 	C:\WINDOWS\WinSxS\amd64_microsoft.windows.common-controls_6595b64144ccf1df_6.0.26100.8972_none_3e0da176e32f9d4b\COMCTL32.dll
0x00007ffad2cc0000 - 0x00007ffad2d69000 	C:\WINDOWS\System32\msvcrt.dll
0x00007ffad2d70000 - 0x00007ffad2da2000 	C:\WINDOWS\System32\IMM32.DLL
0x00007ffacb160000 - 0x00007ffacb16c000 	C:\Users\chae0\.vscode\extensions\redhat.java-1.56.0-win32-x64\jre\21.0.12.1-win32-x86_64\bin\vcruntime140_1.dll
0x00007ffa5d7a0000 - 0x00007ffa5d82d000 	C:\Users\chae0\.vscode\extensions\redhat.java-1.56.0-win32-x64\jre\21.0.12.1-win32-x86_64\bin\msvcp140.dll
0x00007ffa002f0000 - 0x00007ffa01092000 	C:\Users\chae0\.vscode\extensions\redhat.java-1.56.0-win32-x64\jre\21.0.12.1-win32-x86_64\bin\server\jvm.dll
0x00007ffad2dc0000 - 0x00007ffad2e7c000 	C:\WINDOWS\System32\ADVAPI32.dll
0x00007ffad2530000 - 0x00007ffad25da000 	C:\WINDOWS\System32\sechost.dll
0x00007ffad36f0000 - 0x00007ffad3808000 	C:\WINDOWS\System32\RPCRT4.dll
0x00007ffad4560000 - 0x00007ffad45e2000 	C:\WINDOWS\System32\WS2_32.dll
0x00007ffad1870000 - 0x00007ffad18ce000 	C:\WINDOWS\SYSTEM32\POWRPROF.dll
0x00007ffac6c70000 - 0x00007ffac6ca6000 	C:\WINDOWS\SYSTEM32\WINMM.dll
0x00007ffabfd70000 - 0x00007ffabfd7b000 	C:\WINDOWS\SYSTEM32\VERSION.dll
0x00007ffad1850000 - 0x00007ffad1865000 	C:\WINDOWS\SYSTEM32\UMPDC.dll
0x00007ffad0700000 - 0x00007ffad071b000 	C:\WINDOWS\SYSTEM32\kernel.appcore.dll
0x00007ffa9c830000 - 0x00007ffa9c83a000 	C:\Users\chae0\.vscode\extensions\redhat.java-1.56.0-win32-x64\jre\21.0.12.1-win32-x86_64\bin\jimage.dll
0x00007ffacf080000 - 0x00007ffacf2c2000 	C:\WINDOWS\SYSTEM32\DBGHELP.DLL
0x00007ffad28e0000 - 0x00007ffad2c65000 	C:\WINDOWS\System32\combase.dll
0x00007ffad2800000 - 0x00007ffad28d9000 	C:\WINDOWS\System32\OLEAUT32.dll
0x00007ffab73f0000 - 0x00007ffab742b000 	C:\WINDOWS\SYSTEM32\dbgcore.DLL
0x00007ffad1a10000 - 0x00007ffad1abc000 	C:\WINDOWS\System32\bcryptPrimitives.dll
0x00007ffaa7e70000 - 0x00007ffaa7e7f000 	C:\Users\chae0\.vscode\extensions\redhat.java-1.56.0-win32-x64\jre\21.0.12.1-win32-x86_64\bin\instrument.dll
0x00007ffa97df0000 - 0x00007ffa97e10000 	C:\Users\chae0\.vscode\extensions\redhat.java-1.56.0-win32-x64\jre\21.0.12.1-win32-x86_64\bin\java.dll
0x00007ffad3ca0000 - 0x00007ffad4428000 	C:\WINDOWS\System32\SHELL32.dll
0x00007ffacf4e0000 - 0x00007ffacfd7b000 	C:\WINDOWS\SYSTEM32\windows.storage.dll
0x00007ffad2e90000 - 0x00007ffad2f89000 	C:\WINDOWS\System32\SHCORE.dll
0x00007ffad2760000 - 0x00007ffad27c6000 	C:\WINDOWS\System32\shlwapi.dll
0x00007ffad1930000 - 0x00007ffad1959000 	C:\WINDOWS\SYSTEM32\profapi.dll
0x00007ffa56a20000 - 0x00007ffa56a38000 	C:\Users\chae0\.vscode\extensions\redhat.java-1.56.0-win32-x64\jre\21.0.12.1-win32-x86_64\bin\zip.dll
0x00007ffa9c4c0000 - 0x00007ffa9c4d0000 	C:\Users\chae0\.vscode\extensions\redhat.java-1.56.0-win32-x64\jre\21.0.12.1-win32-x86_64\bin\net.dll
0x00007ffaca820000 - 0x00007ffaca948000 	C:\WINDOWS\SYSTEM32\WINHTTP.dll
0x00007ffad0cb0000 - 0x00007ffad0d1c000 	C:\WINDOWS\system32\mswsock.dll
0x00007ffa56a00000 - 0x00007ffa56a16000 	C:\Users\chae0\.vscode\extensions\redhat.java-1.56.0-win32-x64\jre\21.0.12.1-win32-x86_64\bin\nio.dll
0x00007ffaa7a80000 - 0x00007ffaa7a90000 	C:\Users\chae0\.vscode\extensions\redhat.java-1.56.0-win32-x64\jre\21.0.12.1-win32-x86_64\bin\verify.dll
0x00007ffa9bc00000 - 0x00007ffa9bc27000 	C:\Users\chae0\.gradle\native\660c5614fbf4a5f2a75b1949f50a0caf5cd603558e7d8a26e50b933a0cfb79d1\windows-amd64\native-platform.dll
0x00007ffa81b10000 - 0x00007ffa81b87000 	C:\Users\chae0\.gradle\native\0.2.8\x86_64-windows-gnu\gradle-fileevents.dll
0x00007ffaa4ac0000 - 0x00007ffaa4aca000 	C:\Users\chae0\.vscode\extensions\redhat.java-1.56.0-win32-x64\jre\21.0.12.1-win32-x86_64\bin\management.dll
0x00007ffaa3520000 - 0x00007ffaa352c000 	C:\Users\chae0\.vscode\extensions\redhat.java-1.56.0-win32-x64\jre\21.0.12.1-win32-x86_64\bin\management_ext.dll
0x00007ffad2750000 - 0x00007ffad2758000 	C:\WINDOWS\System32\PSAPI.DLL
0x00007ffad0120000 - 0x00007ffad0153000 	C:\WINDOWS\SYSTEM32\IPHLPAPI.DLL
0x00007ffad3450000 - 0x00007ffad345a000 	C:\WINDOWS\System32\NSI.dll
0x00007ffacd950000 - 0x00007ffacd959000 	C:\Users\chae0\.vscode\extensions\redhat.java-1.56.0-win32-x64\jre\21.0.12.1-win32-x86_64\bin\extnet.dll
0x00007ffad0fa0000 - 0x00007ffad0fbb000 	C:\WINDOWS\SYSTEM32\CRYPTSP.dll
0x00007ffad0660000 - 0x00007ffad0699000 	C:\WINDOWS\system32\rsaenh.dll
0x00007ffad0d60000 - 0x00007ffad0d92000 	C:\WINDOWS\SYSTEM32\USERENV.dll
0x00007ffad1900000 - 0x00007ffad192a000 	C:\WINDOWS\SYSTEM32\bcrypt.dll
0x00007ffad0fc0000 - 0x00007ffad0fcc000 	C:\WINDOWS\SYSTEM32\CRYPTBASE.dll
0x00007ffacd960000 - 0x00007ffacd96e000 	C:\Users\chae0\.vscode\extensions\redhat.java-1.56.0-win32-x64\jre\21.0.12.1-win32-x86_64\bin\sunmscapi.dll
0x00007ffad1cb0000 - 0x00007ffad1e2e000 	C:\WINDOWS\System32\CRYPT32.dll
0x00007ffad11e0000 - 0x00007ffad1210000 	C:\WINDOWS\SYSTEM32\ncrypt.dll
0x00007ffad1190000 - 0x00007ffad11cf000 	C:\WINDOWS\SYSTEM32\NTASN1.dll
0x00007ffa885b0000 - 0x00007ffa885b8000 	C:\WINDOWS\system32\wshunix.dll

JVMTI agents:
C:\Users\chae0\.gradle\wrapper\dists\gradle-9.4.1-bin\arn2x92ynaizyzdaamcbpbhtj\gradle-9.4.1\lib\agents\gradle-instrumentation-agent-9.4.1.jar path:C:\Users\chae0\.vscode\extensions\redhat.java-1.56.0-win32-x64\jre\21.0.12.1-win32-x86_64\bin\instrument.dll, loaded, initialized, instrumentlib options:none

dbghelp: loaded successfully - version: 4.0.5 - missing functions: none
symbol engine: initialized successfully - sym options: 0x614 - pdb path: .;C:\Users\chae0\.vscode\extensions\redhat.java-1.56.0-win32-x64\jre\21.0.12.1-win32-x86_64\bin;C:\WINDOWS\SYSTEM32;C:\WINDOWS\WinSxS\amd64_microsoft.windows.common-controls_6595b64144ccf1df_6.0.26100.8972_none_3e0da176e32f9d4b;C:\Users\chae0\.vscode\extensions\redhat.java-1.56.0-win32-x64\jre\21.0.12.1-win32-x86_64\bin\server;C:\Users\chae0\.gradle\native\660c5614fbf4a5f2a75b1949f50a0caf5cd603558e7d8a26e50b933a0cfb79d1\windows-amd64;C:\Users\chae0\.gradle\native\0.2.8\x86_64-windows-gnu

VM Arguments:
jvm_args: --add-opens=java.base/java.lang=ALL-UNNAMED --add-opens=java.base/java.lang.invoke=ALL-UNNAMED --add-opens=java.base/java.util=ALL-UNNAMED --add-opens=java.prefs/java.util.prefs=ALL-UNNAMED --add-exports=jdk.compiler/com.sun.tools.javac.api=ALL-UNNAMED --add-exports=jdk.compiler/com.sun.tools.javac.util=ALL-UNNAMED --add-opens=java.base/java.util=ALL-UNNAMED --add-opens=java.prefs/java.util.prefs=ALL-UNNAMED --add-opens=java.base/java.nio.charset=ALL-UNNAMED --add-opens=java.base/java.net=ALL-UNNAMED --add-opens=java.base/java.util.concurrent=ALL-UNNAMED --add-opens=java.base/java.util.concurrent.atomic=ALL-UNNAMED --add-opens=java.xml/javax.xml.namespace=ALL-UNNAMED --add-opens=java.base/java.time=ALL-UNNAMED -XX:MaxMetaspaceSize=384m -XX:+HeapDumpOnOutOfMemoryError -Xms256m -Xmx512m -Dfile.encoding=UTF-8 -Duser.country=KR -Duser.language=ko -Duser.variant -javaagent:C:\Users\chae0\.gradle\wrapper\dists\gradle-9.4.1-bin\arn2x92ynaizyzdaamcbpbhtj\gradle-9.4.1\lib\agents\gradle-instrumentation-agent-9.4.1.jar 
java_command: org.gradle.launcher.daemon.bootstrap.GradleDaemon 9.4.1
java_class_path (initial): C:\Users\chae0\.gradle\wrapper\dists\gradle-9.4.1-bin\arn2x92ynaizyzdaamcbpbhtj\gradle-9.4.1\lib\gradle-daemon-main-9.4.1.jar
Launcher Type: SUN_STANDARD

[Global flags]
     intx CICompilerCount                          = 12                                        {product} {ergonomic}
   size_t CompressedClassSpaceSize                 = 335544320                                 {product} {ergonomic}
     uint ConcGCThreads                            = 3                                         {product} {ergonomic}
     uint G1ConcRefinementThreads                  = 13                                        {product} {ergonomic}
   size_t G1HeapRegionSize                         = 1048576                                   {product} {ergonomic}
    uintx GCDrainStackTargetSize                   = 64                                        {product} {ergonomic}
     bool HeapDumpOnOutOfMemoryError               = true                                   {manageable} {command line}
   size_t InitialHeapSize                          = 268435456                                 {product} {command line}
   size_t MarkStackSize                            = 4194304                                   {product} {ergonomic}
   size_t MaxHeapSize                              = 536870912                                 {product} {command line}
   size_t MaxMetaspaceSize                         = 402653184                                 {product} {command line}
   size_t MaxNewSize                               = 321912832                                 {product} {ergonomic}
   size_t MinHeapDeltaBytes                        = 1048576                                   {product} {ergonomic}
   size_t MinHeapSize                              = 268435456                                 {product} {command line}
    uintx NonNMethodCodeHeapSize                   = 7602480                                {pd product} {ergonomic}
    uintx NonProfiledCodeHeapSize                  = 122027880                              {pd product} {ergonomic}
    uintx ProfiledCodeHeapSize                     = 122027880                              {pd product} {ergonomic}
    uintx ReservedCodeCacheSize                    = 251658240                              {pd product} {ergonomic}
     bool SegmentedCodeCache                       = true                                      {product} {ergonomic}
   size_t SoftMaxHeapSize                          = 536870912                              {manageable} {ergonomic}
     bool UseCompressedOops                        = true                           {product lp64_product} {ergonomic}
     bool UseG1GC                                  = true                                      {product} {ergonomic}
     bool UseLargePagesIndividualAllocation        = false                                  {pd product} {ergonomic}

Logging:
Log output configuration:
 #0: stdout all=warning uptime,level,tags foldmultilines=false
 #1: stderr all=off uptime,level,tags foldmultilines=false

Release file:
JAVA_VERSION="21.0.12.1" 
MODULES="java.base java.compiler java.datatransfer java.xml java.prefs java.desktop java.instrument java.logging java.management java.security.sasl java.naming java.rmi java.management.rmi java.net.http java.scripting java.security.jgss java.transaction.xa java.sql java.sql.rowset java.xml.crypto java.se java.smartcardio jdk.accessibility jdk.internal.jvmstat jdk.attach jdk.charsets jdk.internal.opt jdk.zipfs jdk.compiler jdk.crypto.ec jdk.crypto.cryptoki jdk.crypto.mscapi jdk.dynalink jdk.internal.ed jdk.editpad jdk.hotspot.agent jdk.httpserver jdk.internal.le jdk.internal.vm.ci jdk.internal.vm.compiler jdk.internal.vm.compiler.management jdk.jartool jdk.javadoc jdk.jcmd jdk.management jdk.management.agent jdk.jconsole jdk.jdeps jdk.jdwp.agent jdk.jdi jdk.jfr jdk.jshell jdk.jsobject jdk.jstatd jdk.localedata jdk.management.jfr jdk.naming.dns jdk.naming.rmi jdk.net jdk.nio.mapmode jdk.random jdk.sctp jdk.security.auth jdk.security.jgss jdk.unsupported jdk.unsupported.desktop jdk.xml.dom" 

Environment Variables:
JAVA_HOME=C:\Program Files\Java\jdk-21
PATH=C:\Python314\Scripts\;C:\Python314\;C:\Program Files (x86)\VMware\VMware Workstation\bin\;C:\Program Files\Common Files\Oracle\Java\javapath;C:\WINDOWS\system32;C:\WINDOWS;C:\WINDOWS\System32\Wbem;C:\WINDOWS\System32\WindowsPowerShell\v1.0\;C:\WINDOWS\System32\OpenSSH\;C:\Program Files\Java\jdk-21\bin\;C:\Program Files\Java\jdk-21bin;C:\Program Files\Microsoft SQL Server\Client SDK\ODBC\170\Tools\Binn\;C:\Program Files (x86)\Microsoft SQL Server\150\Tools\Binn\;C:\Program Files\Microsoft SQL Server\150\Tools\Binn\;C:\Program Files\Microsoft SQL Server\150\DTS\Binn\;C:\Program Files (x86)\Microsoft SQL Server\150\DTS\Binn\;C:\Program Files\Azure Data Studio\bin;C:\Program Files\Java\jdk-21BIN;C:\Users\chae0\Downloads\node-v22.13.1-win-x64\;D:\Git\cmd;C:\Users\chae0\AppData\Local\Android\Sdk\platform-tools;C:\Program Files\dotnet\;C:\Program Files (x86)\Windows Kits\10\Windows Performance Toolkit\;C:\Program Files\nodejs\;C:\ProgramData\chocolatey\bin;C:\Users\chae0\AppData\Local\Android\Sdk\platform-tools;C:\Program Files\MySQL\MySQL Server 8.0\bin;C:\Users\chae0\AppData\Local\Programs\Python\Launcher\;C:\Users\chae0\AppData\Local\Microsoft\WindowsApps;C:\Program Files\Java\jdk-21\bin;C:\Program Files\Azure Data Studio\bin;C:\Users\chae0\AppData\Local\Programs\Microsoft VS Code\bin;C:\Users\chae0\.dotnet\tools;D:\downloads\flutter_windows_3.35.5-stable\flutter\bin;C:\Users\chae0\AppData\Roaming\npm
USERNAME=chae0
OS=Windows_NT
PROCESSOR_IDENTIFIER=Intel64 Family 6 Model 154 Stepping 3, GenuineIntel
TMP=C:\Users\chae0\AppData\Local\Temp
TEMP=C:\Users\chae0\AppData\Local\Temp




Periodic native trim disabled

---------------  S Y S T E M  ---------------

OS:
 Windows 11 , 64 bit Build 26100 (10.0.26100.9168)
OS uptime: 0 days 3:44 hours

CPU: total 16 (initial active 16) (16 cores per cpu, 1 threads per core) family 6 model 154 stepping 3 microcode 0x421, cx8, cmov, fxsr, mmx, 3dnowpref, sse, sse2, sse3, ssse3, sse4.1, sse4.2, popcnt, lzcnt, tsc, tscinvbit, avx, avx2, aes, erms, clmul, bmi1, bmi2, adx, sha, fma, vzeroupper, clflush, clflushopt, clwb, serialize, rdtscp, rdpid, fsrm, f16c, pku, cet_ibt, cet_ss
Processor Information for processor 0
  Max Mhz: 1700, Current Mhz: 1457, Mhz Limit: 1700
Processor Information for processor 1
  Max Mhz: 1700, Current Mhz: 1457, Mhz Limit: 1700
Processor Information for processor 2
  Max Mhz: 1700, Current Mhz: 1700, Mhz Limit: 1700
Processor Information for processor 3
  Max Mhz: 1700, Current Mhz: 1700, Mhz Limit: 1700
Processor Information for processor 4
  Max Mhz: 1700, Current Mhz: 1457, Mhz Limit: 1700
Processor Information for processor 5
  Max Mhz: 1700, Current Mhz: 1457, Mhz Limit: 1700
Processor Information for processor 6
  Max Mhz: 1700, Current Mhz: 1457, Mhz Limit: 1700
Processor Information for processor 7
  Max Mhz: 1700, Current Mhz: 1457, Mhz Limit: 1700
Processor Information for processor 8
  Max Mhz: 1700, Current Mhz: 1558, Mhz Limit: 1700
Processor Information for processor 9
  Max Mhz: 1700, Current Mhz: 1558, Mhz Limit: 1700
Processor Information for processor 10
  Max Mhz: 1700, Current Mhz: 1558, Mhz Limit: 1700
Processor Information for processor 11
  Max Mhz: 1700, Current Mhz: 1558, Mhz Limit: 1700
Processor Information for processor 12
  Max Mhz: 1700, Current Mhz: 1558, Mhz Limit: 1700
Processor Information for processor 13
  Max Mhz: 1700, Current Mhz: 1558, Mhz Limit: 1700
Processor Information for processor 14
  Max Mhz: 1700, Current Mhz: 1558, Mhz Limit: 1700
Processor Information for processor 15
  Max Mhz: 1700, Current Mhz: 1558, Mhz Limit: 1700

Memory: 4k page, system-wide physical 16066M (805M free)
TotalPageFile size 39008M (AvailPageFile size 5425M)
current process WorkingSet (physical memory assigned to process): 294M, peak: 323M
current process commit charge ("private bytes"): 472M, peak: 500M

vm_info: OpenJDK 64-Bit Server VM (21.0.12.1+1-LTS) for windows-amd64 JRE (21.0.12.1+1-LTS), built on 2026-08-18T00:00:00Z by "admin" with MS VC++ 17.12 (VS2022)

END.
